t,u,v,w,p,q,r,phi_deg,theta_deg,psi_deg,h,y,V,alpha_deg,beta_deg,gamma_deg,sink,de_deg,da_deg,dr_deg,dT,theta_cmd_deg,phi_cmd_deg,h_ref,w_cmd,V_cmd,flaring,range
0.000000,18.996097,0.000000,0.374830,0.000000,0.000000,0.000000,0.000000,-0.306791,0.000000,15.474369,10.000000,18.999795,1.130412,0.000000,-1.437203,0.476540,-5.750690,-25.000000,0.000000,0.461038,-3.134766,-11.459156,10.474369,0.471185,18.000000,0,400.000000
0.010000,18.994209,0.001888,0.346361,-0.380298,-0.073218,-0.004746,-0.110695,-0.327900,-0.001438,15.469714,10.000011,18.997367,1.044679,0.005693,-1.372579,0.455054,-4.250690,-23.500000,0.108760,0.461081,-3.282675,-11.467512,10.469395,0.471185,18.000000,0,399.810081
0.020000,18.992932,0.002904,0.311121,-0.702641,-0.130812,-0.007376,-0.422403,-0.386477,-0.004976,15.465254,10.000042,18.995480,0.938472,0.008758,-1.324949,0.439196,-2.750690,-22.000000,0.169041,0.461071,-3.391997,-11.473434,10.464423,0.471185,18.000000,0,399.620177
0.030000,18.992293,0.002587,0.272121,-0.972239,-0.172968,-0.008270,-0.903441,-0.473619,-0.009514,15.460936,10.000091,18.994242,0.820877,0.007802,-1.294496,0.429030,-1.250690,-20.500000,0.189535,0.460996,-3.462269,-11.474194,10.459450,0.471185,18.000000,0,399.430283
0.040000,18.992286,0.000571,0.232155,-1.193832,-0.199956,-0.007760,-1.524975,-0.580554,-0.014152,15.456708,10.000149,18.993705,0.700329,0.001722,-1.280884,0.424484,0.249310,-19.000000,0.177846,0.460851,-3.493954,-11.467583,10.454478,0.471185,18.000000,0,399.240393
0.050000,18.992869,-0.003424,0.193796,-1.371728,-0.212120,-0.006135,-2.260757,-0.698688,-0.018170,15.452518,10.000209,18.993858,0.584603,-0.010330,-1.283290,0.425366,1.749310,-17.500000,0.140608,0.460637,-3.488333,-11.452181,10.449505,0.471185,18.000000,0,399.050502
0.060000,18.993968,-0.009604,0.159396,-1.509847,-0.209873,-0.003647,-3.086896,-0.819641,-0.021001,15.448317,10.000258,18.994639,0.480812,-0.028971,-1.300453,0.431374,3.249310,-16.000000,0.083593,0.460360,-3.447472,-11.427498,10.444533,0.471185,18.000000,0,398.860605
0.070000,18.995480,-0.018108,0.131095,-1.611758,-0.193688,-0.000515,-3.981643,-0.935290,-0.022215,15.444056,10.000284,18.995941,0.395414,-0.054619,-1.330704,0.442085,4.136669,-14.500000,0.011803,0.460031,-3.374236,-11.394006,10.439560,0.471185,18.000000,0,398.670697
0.080000,18.997288,-0.029017,0.109375,-1.680695,-0.169220,0.003077,-4.925195,-1.039272,-0.021496,15.439701,10.000273,18.997625,0.329872,-0.087513,-1.369144,0.456012,3.595367,-13.000000,-0.070518,0.459663,-3.278834,-11.352605,10.434586,0.471185,18.000000,0,398.480776
0.090000,18.999308,-0.042356,0.091821,-1.719580,-0.148852,0.006965,-5.899514,-1.130404,-0.018626,15.435235,10.000208,18.999577,0.276900,-0.127730,-1.407304,0.470488,3.216461,-11.500000,-0.159615,0.459268,-3.179596,-11.303504,10.429613,0.471185,18.000000,0,398.290839
0.100000,19.001505,-0.058103,0.077834,-1.731073,-0.131327,0.010978,-6.888155,-1.210675,-0.013486,15.430657,10.000075,19.001754,0.234695,-0.175197,-1.445369,0.485699,2.952145,-10.000000,-0.251601,0.458849,-3.075239,-11.247398,10.424639,0.471185,18.000000,0,398.100884
0.110000,19.003849,-0.076190,0.066960,-1.717601,-0.115787,0.014974,-7.876131,-1.281468,-0.006046,15.425966,9.999857,19.004120,0.201879,-0.229708,-1.483347,0.501751,2.769340,-8.500000,-0.343177,0.458412,-2.965038,-11.185059,10.419664,0.471185,18.000000,0,397.910910
0.120000,19.006308,-0.096514,0.058842,-1.681379,-0.101643,0.018830,-8.849781,-1.343752,0.003650,15.421161,9.999538,19.006644,0.177382,-0.290944,-1.521134,0.518682,2.644816,-7.000000,-0.431554,0.457958,-2.848727,-11.117307,10.414689,0.471185,18.000000,0,397.720916
0.130000,19.008855,-0.118935,0.053197,-1.624431,-0.088499,0.022445,-9.796660,-1.398215,0.015490,15.416241,9.999102,19.009301,0.160343,-0.358485,-1.558558,0.536472,2.561935,-5.500000,-0.514391,0.457491,-2.726440,-11.044975,10.409713,0.471185,18.000000,0,397.530902
0.140000,19.011462,-0.143288,0.049789,-1.548606,-0.076087,0.025732,-10.705429,-1.445352,0.029313,15.411207,9.998534,19.012067,0.150052,-0.431825,-1.595404,0.555051,2.508499,-4.000000,-0.589740,0.457012,-2.598667,-10.968879,10.404737,0.471185,18.000000,0,397.340866
0.150000,19.014105,-0.169381,0.048419,-1.455591,-0.064235,0.028623,-11.565763,-1.485535,0.044910,15.406059,9.997816,19.014921,0.145901,-0.510386,-1.631436,0.574300,2.475324,-2.500000,-0.656001,0.456523,-2.466221,-10.889792,10.399760,0.471185,18.000000,0,397.150809
0.160000,19.016759,-0.197002,0.048906,-1.346932,-0.052844,0.031062,-12.368260,-1.519056,0.062038,15.400800,9.996936,19.017843,0.147350,-0.593525,-1.666406,0.594060,2.455315,-1.000000,-0.711879,0.456028,-2.330205,-10.808425,10.394783,0.471185,18.000000,0,396.960730
0.170000,19.019404,-0.225920,0.051087,-1.224039,-0.041864,0.033002,-13.104366,-1.546166,0.080423,15.395432,9.995880,19.020814,0.153899,-0.680547,-1.700065,0.614131,2.442862,0.500000,-0.756348,0.455526,-2.191980,-10.725406,10.389805,0.471185,18.000000,0,396.770630
0.180000,19.022017,-0.255890,0.054804,-1.088206,-0.031286,0.034410,-13.766299,-1.567097,0.099771,15.389958,9.994634,19.023817,0.165073,-0.770709,-1.732170,0.634285,2.433454,2.000000,-0.788620,0.455021,-2.053126,-10.641273,10.384826,0.471185,18.000000,0,396.580508
0.190000,19.024580,-0.286653,0.059901,-0.940615,-0.021130,0.035261,-14.346989,-1.582086,0.119768,15.384384,9.993186,19.026833,0.180403,-0.863236,-1.762489,0.654267,2.423425,3.500000,-0.808116,0.454514,-1.915404,-10.556462,10.379847,0.471185,18.000000,0,396.390366
0.200000,19.027075,-0.317943,0.066224,-0.782352,-0.011442,0.035537,-14.840012,-1.591389,0.140091,15.378715,9.991526,19.029847,0.199417,-0.957319,-1.790806,0.673799,2.409800,5.000000,-0.814441,0.454007,-1.780713,-10.471310,10.374867,0.471185,18.000000,0,396.200202
0.210000,19.029488,-0.349481,0.073611,-0.614408,-0.002281,0.035228,-15.239539,-1.595291,0.160406,15.372956,9.989646,19.032839,0.221634,-1.052126,-1.816925,0.692593,2.390179,6.500000,-0.807361,0.453501,-1.651047,-10.386059,10.369887,0.471185,18.000000,0,396.010018
0.220000,19.031805,-0.380986,0.081899,-0.437698,0.006277,0.034330,-15.540288,-1.594116,0.180378,15.367114,9.987536,19.035794,0.246558,-1.146806,-1.840674,0.710353,2.362669,8.000000,-0.786785,0.452999,-1.528450,-10.300868,10.364907,0.471185,18.000000,0,395.819814
0.230000,19.034014,-0.412169,0.090918,-0.253056,0.014153,0.032845,-15.737478,-1.588232,0.199669,15.361197,9.985190,19.038693,0.273676,-1.240495,-1.861909,0.726779,2.325829,9.500000,-0.752742,0.452501,-1.414976,-10.215829,10.359925,0.471185,18.000000,0,395.629591
0.240000,19.036108,-0.442740,0.100491,-0.061254,0.021261,0.030778,-15.826784,-1.578056,0.217944,15.355211,9.982604,19.041521,0.302460,-1.332320,-1.880516,0.741579,2.278624,11.000000,-0.705373,0.452010,-1.312642,-10.130986,10.354944,0.471185,18.000000,0,395.439348
0.250000,19.038080,-0.472403,0.110439,0.137003,0.027515,0.028139,-15.804309,-1.564052,0.234872,15.349166,9.979774,19.044261,0.332366,-1.421399,-1.896418,0.754471,2.220395,11.254980,-0.644908,0.451527,-1.223395,-10.046363,10.349962,0.471185,18.000000,0,395.249086
0.260000,19.039924,-0.500790,0.120612,0.321790,0.032690,0.024735,-15.672151,-1.546776,0.250065,15.343070,9.976699,19.046890,0.362948,-1.506621,-1.909724,0.765262,2.159090,9.754980,-0.566881,0.451055,-1.148561,-9.962342,10.344979,0.471185,18.000000,0,395.058806
0.270000,19.041633,-0.527541,0.130880,0.467096,0.036600,0.020386,-15.445596,-1.526903,0.263029,15.336929,9.973380,19.049389,0.393808,-1.586915,-1.920711,0.773944,2.104795,8.254980,-0.467204,0.450595,-1.088203,-9.879412,10.339996,0.471185,18.000000,0,394.868509
0.280000,19.043210,-0.552501,0.141070,0.576443,0.039395,0.015335,-15.146237,-1.505112,0.273291,15.330752,9.969823,19.051746,0.424434,-1.661812,-1.929546,0.780624,2.054879,6.754980,-0.351455,0.450149,-1.041593,-9.797523,10.335012,0.471185,18.000000,0,394.678195
0.290000,19.044657,-0.575575,0.151036,0.653040,0.041191,0.009795,-14.793740,-1.482010,0.280512,15.324544,9.966031,19.053952,0.454383,-1.731032,-1.936393,0.785452,2.008733,5.254980,-0.224492,0.449717,-1.007696,-9.716676,10.330028,0.471185,18.000000,0,394.487865
0.300000,19.045979,-0.596721,0.160654,0.699808,0.042096,0.003950,-14.406019,-1.458138,0.284464,15.318312,9.962011,19.056002,0.483283,-1.794458,-1.941421,0.788618,1.966860,3.754980,-0.090534,0.449301,-0.985213,-9.636909,10.325044,0.471185,18.000000,0,394.297520
0.310000,19.047181,-0.615950,0.169823,0.719409,0.042216,-0.002041,-13.999388,-1.433975,0.285020,15.312062,9.957770,19.057895,0.510831,-1.852118,-1.944807,0.790342,1.930279,2.254980,0.046776,0.448900,-0.972639,-9.558282,10.320059,0.471185,18.000000,0,394.107161
0.320000,19.048270,-0.633311,0.178465,0.714271,0.041660,-0.008042,-13.588706,-1.409940,0.282133,15.305798,9.953316,19.059631,0.536795,-1.904169,-1.946735,0.790863,1.900145,0.754980,0.184312,0.448515,-0.968320,-9.480855,10.315074,0.471185,18.000000,0,393.916789
0.330000,19.049253,-0.648894,0.186526,0.686605,0.040542,-0.013937,-13.187504,-1.386388,0.275834,15.299525,9.948657,19.061214,0.561008,-1.950876,-1.947396,0.790438,1.877524,-0.745020,0.319407,0.448144,-0.970505,-9.404676,10.310089,0.471185,18.000000,0,393.726406
0.340000,19.050137,-0.662818,0.193971,0.638431,0.038977,-0.019626,-12.808103,-1.363606,0.266211,15.293247,9.943799,19.062651,0.583373,-1.992604,-1.946979,0.789327,1.863266,-2.245020,0.449805,0.447788,-0.977408,-9.329767,10.305103,0.471185,18.000000,0,393.536012
0.350000,19.050929,-0.675232,0.200791,0.571590,0.037085,-0.025029,-12.461718,-1.341817,0.253406,15.286969,9.938750,19.063949,0.603856,-2.029802,-1.945673,0.787788,1.857955,-3.745020,0.573615,0.447445,-0.987245,-9.256114,10.300117,0.471185,18.000000,0,393.345610
0.360000,19.051638,-0.686310,0.206992,0.487764,0.034982,-0.030075,-12.158555,-1.321174,0.237603,15.280691,9.933519,19.065120,0.622483,-2.062990,-1.943657,0.786076,1.861902,-3.741487,0.689274,0.447115,-0.998279,-9.183659,10.295131,0.471185,18.000000,0,393.155200
0.370000,19.052273,-0.696338,0.212558,0.411766,0.032956,-0.034459,-11.901127,-1.301713,0.219101,15.274418,9.928109,19.066179,0.639198,-2.093030,-1.940912,0.784315,1.864596,-2.463741,0.789732,0.446796,-1.009650,-9.111834,10.290145,0.471185,18.000000,0,392.964783
0.380000,19.052845,-0.705551,0.217488,0.362604,0.031141,-0.038040,-11.679417,-1.283351,0.198322,15.268152,9.922526,19.067145,0.654001,-2.120629,-1.937353,0.782447,1.858506,-1.712056,0.871821,0.446486,-1.021753,-9.040129,10.285159,0.471185,18.000000,0,392.774361
0.390000,19.053357,-0.714011,0.221830,0.329690,0.029369,-0.041078,-11.481133,-1.266016,0.175651,15.261895,9.916773,19.068021,0.667039,-2.145968,-1.933055,0.780395,1.849406,-1.274659,0.941431,0.446185,-1.035135,-8.968618,10.280172,0.471185,18.000000,0,392.583934
0.400000,19.053816,-0.721767,0.225618,0.306673,0.027568,-0.043728,-11.298817,-1.249705,0.151352,15.255651,9.910852,19.068816,0.678412,-2.169200,-1.928116,0.778130,1.840091,-1.024758,1.002182,0.445892,-1.049990,-8.897348,10.275186,0.471185,18.000000,0,392.393503
0.410000,19.054226,-0.728863,0.228877,0.289741,0.025711,-0.046091,-11.127909,-1.234442,0.125618,15.249421,9.904767,19.069535,0.688198,-2.190453,-1.922639,0.775653,1.831781,-0.886463,1.056329,0.445606,-1.066310,-8.826348,10.270199,0.471185,18.000000,0,392.203070
0.420000,19.054594,-0.735337,0.231633,0.276601,0.023801,-0.048228,-10.965591,-1.220258,0.098596,15.243207,9.898521,19.070184,0.696470,-2.209845,-1.916728,0.772981,1.824896,-0.814366,1.105305,0.445327,-1.083976,-8.755643,10.265212,0.471185,18.000000,0,392.012634
0.430000,19.054926,-0.741225,0.233909,0.265875,0.021849,-0.050180,-10.810091,-1.207181,0.070403,15.237010,9.892115,19.070771,0.703301,-2.227480,-1.910482,0.770140,1.819462,-0.781311,1.150040,0.445054,-1.102813,-8.685252,10.260225,0.471185,18.000000,0,391.822196
0.440000,19.055226,-0.746558,0.235730,0.256728,0.019873,-0.051974,-10.660271,-1.195230,0.041136,15.230833,9.885553,19.071302,0.708765,-2.243452,-1.903995,0.767160,1.815339,-0.771073,1.191164,0.444787,-1.122620,-8.615193,10.255238,0.471185,18.000000,0,391.631758
0.450000,19.055501,-0.751366,0.237123,0.248652,0.017891,-0.053630,-10.515374,-1.184413,0.010882,15.224675,9.878838,19.071783,0.712941,-2.257852,-1.897355,0.764071,1.812324,-0.773966,1.229117,0.444524,-1.143189,-8.545483,10.250252,0.471185,18.000000,0,391.441319
0.460000,19.055756,-0.755678,0.238115,0.241338,0.015923,-0.055162,-10.374876,-1.174729,-0.020286,15.218538,9.871971,19.072220,0.715912,-2.270762,-1.890641,0.760902,1.810206,-0.784221,1.264223,0.444266,-1.164317,-8.476140,10.245265,0.471185,18.000000,0,391.250880
0.470000,19.055995,-0.759518,0.238733,0.234592,0.013983,-0.056581,-10.238398,-1.166164,-0.052299,15.212421,9.864955,19.072619,0.717762,-2.282260,-1.883926,0.757682,1.808793,-0.798408,1.296735,0.444012,-1.185809,-8.407179,10.240278,0.471185,18.000000,0,391.060441
0.480000,19.056222,-0.762911,0.239007,0.228293,0.012086,-0.057895,-10.105651,-1.158699,-0.085095,15.206325,9.857792,19.072985,0.718579,-2.292417,-1.877277,0.754437,1.807920,-0.814498,1.326855,0.443760,-1.207488,-8.338615,10.235291,0.471185,18.000000,0,390.870003
0.490000,19.056443,-0.765880,0.238967,0.222361,0.010244,-0.059112,-9.976401,-1.152305,-0.118616,15.200249,9.850485,19.073325,0.718448,-2.301304,-1.870753,0.751190,1.807445,-0.831298,1.354755,0.443512,-1.229187,-8.270464,10.230304,0.471185,18.000000,0,390.679566
0.500000,19.056661,-0.768448,0.238640,0.216744,0.008468,-0.060239,-9.850454,-1.146948,-0.152809,15.194194,9.843036,19.073641,0.717458,-2.308983,-1.864406,0.747963,1.807253,-0.848117,1.380583,0.443265,-1.250761,-8.202737,10.225318,0.471185,18.000000,0,390.489131
0.510000,19.056879,-0.770633,0.238056,0.211405,0.006765,-0.061282,-9.727640,-1.142588,-0.187623,15.188158,9.835446,19.073940,0.715693,-2.315518,-1.858281,0.744776,1.807251,-0.864556,1.404470,0.443021,-1.272074,-8.135446,10.220331,0.471185,18.000000,0,390.298698
0.520000,19.057101,-0.772457,0.237242,0.206316,0.005142,-0.062244,-9.607809,-1.139181,-0.223012,15.182142,9.827718,19.074225,0.713238,-2.320965,-1.852419,0.741645,1.807364,-0.880397,1.426537,0.442777,-1.293012,-8.068603,10.215344,0.471185,18.000000,0,390.108266
0.530000,19.057329,-0.773936,0.236226,0.201457,0.003605,-0.063133,-9.490824,-1.136679,-0.258931,15.176144,9.819854,19.074501,0.710175,-2.325379,-1.846855,0.738585,1.807530,-0.895524,1.446892,0.442535,-1.313471,-8.002216,10.210358,0.471185,18.000000,0,389.917836
0.540000,19.057566,-0.775089,0.235033,0.196810,0.002157,-0.063950,-9.376558,-1.135033,-0.295338,15.170164,9.811855,19.074770,0.706582,-2.328812,-1.841615,0.735609,1.807704,-0.909886,1.465636,0.442293,-1.333364,-7.936294,10.205371,0.471185,18.000000,0,389.727409
0.550000,19.057815,-0.775931,0.233690,0.192361,0.000800,-0.064702,-9.264893,-1.134191,-0.332196,15.164200,9.803724,19.075036,0.702534,-2.331312,-1.836725,0.732727,1.807847,-0.923463,1.482862,0.442052,-1.352615,-7.870842,10.200385,0.471185,18.000000,0,389.536984
0.560000,19.058076,-0.776480,0.232219,0.188098,-0.000463,-0.065391,-9.155721,-1.134098,-0.369466,15.158252,9.795463,19.075301,0.698103,-2.332928,-1.832202,0.729950,1.807932,-0.936260,1.498656,0.441810,-1.371164,-7.805867,10.195399,0.471185,18.000000,0,389.346561
0.570000,19.058353,-0.776748,0.230643,0.184010,-0.001632,-0.066021,-9.048938,-1.134703,-0.407114,15.152318,9.787073,19.075569,0.693357,-2.333702,-1.828060,0.727282,1.807938,-0.948292,1.513100,0.441568,-1.388959,-7.741371,10.190412,0.471185,18.000000,0,389.156141
0.580000,19.058646,-0.776751,0.228984,0.180087,-0.002709,-0.066596,-8.944446,-1.135951,-0.445108,15.146398,9.778555,19.075842,0.688359,-2.333676,-1.824310,0.724732,1.807851,-0.959578,1.526270,0.441326,-1.405961,-7.677359,10.185426,0.471185,18.000000,0,388.965724
0.590000,19.058956,-0.776501,0.227261,0.176320,-0.003693,-0.067118,-8.842155,-1.137790,-0.483415,15.140489,9.769913,19.076121,0.683168,-2.332891,-1.820958,0.722302,1.807660,-0.970143,1.538235,0.441082,-1.422140,-7.613831,10.180440,0.471185,18.000000,0,388.775309
0.600000,19.059285,-0.776011,0.225492,0.172700,-0.004586,-0.067591,-8.741978,-1.140166,-0.522008,15.134592,9.761147,19.076409,0.677839,-2.331384,-1.818005,0.719995,1.807360,-0.980013,1.549064,0.440838,-1.437477,-7.550788,10.175454,0.471185,18.000000,0,388.584896
0.610000,19.059633,-0.775294,0.223694,0.169219,-0.005392,-0.068016,-8.643833,-1.143029,-0.560858,15.128704,9.752258,19.076706,0.672423,-2.329192,-1.815452,0.717814,1.806950,-0.989212,1.558817,0.440593,-1.451959,-7.488230,10.170468,0.471185,18.000000,0,388.394486
0.620000,19.060000,-0.774360,0.221883,0.165871,-0.006112,-0.068397,-8.547641,-1.146329,-0.599939,15.122824,9.743249,19.077014,0.666966,-2.326348,-1.813295,0.715758,1.806429,-0.997766,1.567554,0.440347,-1.465581,-7.426154,10.165482,0.471185,18.000000,0,388.204078
0.630000,19.060387,-0.773221,0.220072,0.162648,-0.006750,-0.068737,-8.453330,-1.150018,-0.639226,15.116951,9.734122,19.077334,0.661509,-2.322885,-1.811527,0.713827,1.805802,-1.005699,1.575330,0.440100,-1.478347,-7.364560,10.160496,0.471185,18.000000,0,388.013673
0.640000,19.060795,-0.771887,0.218274,0.159545,-0.007308,-0.069036,-8.360830,-1.154049,-0.678697,15.111085,9.724876,19.077666,0.656091,-2.318834,-1.810140,0.712021,1.805074,-1.013034,1.582196,0.439851,-1.490263,-7.303442,10.155510,0.471185,18.000000,0,387.823269
0.650000,19.061222,-0.770368,0.216500,0.156555,-0.007792,-0.069298,-8.270073,-1.158379,-0.718328,15.105223,9.715515,19.078012,0.650746,-2.314225,-1.809125,0.710336,1.804251,-1.019795,1.588203,0.439601,-1.501344,-7.242798,10.150524,0.471185,18.000000,0,387.632869
0.660000,19.061670,-0.768672,0.214761,0.153673,-0.008205,-0.069525,-8.180997,-1.162965,-0.758100,15.099364,9.706040,19.078371,0.645503,-2.309086,-1.808468,0.708770,1.803340,-1.026002,1.593395,0.439349,-1.511608,-7.182623,10.145538,0.471185,18.000000,0,387.442470
0.670000,19.062137,-0.766810,0.213064,0.150895,-0.008550,-0.069718,-8.093541,-1.167769,-0.797991,15.093508,9.696451,19.078744,0.640388,-2.303444,-1.808156,0.707321,1.802352,-1.031677,1.597817,0.439096,-1.521077,-7.122911,10.140552,0.471185,18.000000,0,387.252073
0.680000,19.062623,-0.764789,0.211418,0.148214,-0.008833,-0.069879,-8.007648,-1.172752,-0.837985,15.087653,9.686751,19.079130,0.635423,-2.297324,-1.808175,0.705983,1.801295,-1.036839,1.601510,0.438842,-1.529777,-7.063658,10.135567,0.471185,18.000000,0,387.061678
0.690000,19.063129,-0.762618,0.209828,0.145627,-0.009056,-0.070010,-7.923262,-1.177880,-0.878061,15.081799,9.676940,19.079531,0.630629,-2.290750,-1.808509,0.704753,1.800179,-1.041509,1.604513,0.438586,-1.537736,-7.004855,10.130581,0.471185,18.000000,0,386.871285
0.700000,19.063652,-0.760304,0.208300,0.143130,-0.009226,-0.070113,-7.840333,-1.183120,-0.918205,15.075944,9.667020,19.079945,0.626020,-2.283746,-1.809141,0.703626,1.799013,-1.045704,1.606862,0.438328,-1.544986,-6.946498,10.125596,0.471185,18.000000,0,386.680894
0.710000,19.064194,-0.757855,0.206838,0.140718,-0.009345,-0.070188,-7.758808,-1.188443,-0.958400,15.070087,9.656993,19.080372,0.621610,-2.276334,-1.810054,0.702597,1.797808,-1.049443,1.608593,0.438069,-1.551558,-6.888578,10.120610,0.471185,18.000000,0,386.490504
0.720000,19.064752,-0.755277,0.205446,0.138388,-0.009417,-0.070238,-7.678642,-1.193821,-0.998631,15.064227,9.646859,19.080813,0.617409,-2.268535,-1.811230,0.701662,1.796574,-1.052743,1.609738,0.437809,-1.557488,-6.831089,10.115625,0.471185,18.000000,0,386.300116
0.730000,19.065327,-0.752577,0.204127,0.136137,-0.009448,-0.070264,-7.599787,-1.199228,-1.038883,15.058365,9.636620,19.081266,0.613425,-2.260369,-1.812652,0.700815,1.795320,-1.055620,1.610330,0.437548,-1.562811,-6.774023,10.110639,0.471185,18.000000,0,386.109730
0.740000,19.065917,-0.749763,0.202880,0.133961,-0.009440,-0.070267,-7.522199,-1.204641,-1.079144,15.052498,9.626277,19.081732,0.609661,-2.251855,-1.814302,0.700050,1.794056,-1.058090,1.610397,0.437285,-1.567562,-6.717372,10.105654,0.471185,18.000000,0,385.919344
0.750000,19.066522,-0.746838,0.201709,0.131857,-0.009398,-0.070248,-7.445838,-1.210040,-1.119400,15.046626,9.615831,19.082209,0.606123,-2.243012,-1.816162,0.699363,1.792790,-1.060170,1.609967,0.437021,-1.571777,-6.661129,10.100668,0.471185,18.000000,0,385.728960
0.760000,19.067141,-0.743811,0.200613,0.129823,-0.009326,-0.070209,-7.370661,-1.215406,-1.159640,15.040748,9.605284,19.082698,0.602809,-2.233857,-1.818215,0.698749,1.791530,-1.061873,1.609069,0.436755,-1.575493,-6.605285,10.095683,0.471185,18.000000,0,385.538577
0.770000,19.067773,-0.740685,0.199592,0.127854,-0.009226,-0.070150,-7.296631,-1.220722,-1.199851,15.034864,9.594636,19.083197,0.599721,-2.224406,-1.820443,0.698201,1.790286,-1.063215,1.607726,0.436489,-1.578746,-6.549833,10.090698,0.471185,18.000000,0,385.348195
0.780000,19.068417,-0.737466,0.198644,0.125950,-0.009102,-0.070073,-7.223710,-1.225974,-1.240024,15.028974,9.583889,19.083706,0.596855,-2.214676,-1.822829,0.697715,1.789062,-1.064209,1.605964,0.436221,-1.581570,-6.494765,10.085712,0.471185,18.000000,0,385.157814
0.790000,19.069073,-0.734160,0.197770,0.124108,-0.008958,-0.069979,-7.151862,-1.231150,-1.280148,15.023076,9.573044,19.084225,0.594207,-2.204681,-1.825357,0.697285,1.787868,-1.064870,1.603805,0.435952,-1.584000,-6.440073,10.080727,0.471185,18.000000,0,384.967434
0.800000,19.069739,-0.730770,0.196967,0.122324,-0.008797,-0.069869,-7.081053,-1.236237,-1.320213,15.017170,9.562101,19.084752,0.591773,-2.194437,-1.828011,0.696907,1.786708,-1.065210,1.601272,0.435683,-1.586071,-6.385749,10.075742,0.471185,18.000000,0,384.777055
0.810000,19.070415,-0.727302,0.196233,0.120598,-0.008620,-0.069743,-7.011249,-1.241228,-1.360210,15.011256,9.551063,19.085288,0.589547,-2.183956,-1.830775,0.696576,1.785587,-1.065242,1.598384,0.435412,-1.587814,-6.331785,10.070757,0.471185,18.000000,0,384.586676
0.820000,19.071100,-0.723760,0.195565,0.118926,-0.008431,-0.069602,-6.942418,-1.246114,-1.400131,15.005334,9.539929,19.085831,0.587521,-2.173252,-1.833635,0.696288,1.784512,-1.064979,1.595162,0.435140,-1.589261,-6.278174,10.065771,0.471185,18.000000,0,384.396298
0.830000,19.071794,-0.720147,0.194962,0.117307,-0.008233,-0.069448,-6.874531,-1.250889,-1.439968,14.999403,9.528702,19.086381,0.585688,-2.162337,-1.836577,0.696037,1.783485,-1.064432,1.591625,0.434868,-1.590442,-6.224908,10.060786,0.471185,18.000000,0,384.205921
0.840000,19.072494,-0.716469,0.194420,0.115740,-0.008027,-0.069280,-6.807557,-1.255548,-1.479712,14.993463,9.517382,19.086937,0.584039,-2.151224,-1.839587,0.695820,1.782511,-1.063613,1.587791,0.434595,-1.591386,-6.171980,10.055801,0.471185,18.000000,0,384.015544
0.850000,19.073202,-0.712727,0.193937,0.114221,-0.007816,-0.069101,-6.741467,-1.260087,-1.519357,14.987513,9.505970,19.087499,0.582566,-2.139922,-1.842653,0.695633,1.781592,-1.062534,1.583676,0.434321,-1.592120,-6.119382,10.050816,0.471185,18.000000,0,383.825167
0.860000,19.073915,-0.708927,0.193509,0.112749,-0.007601,-0.068910,-6.676234,-1.264504,-1.558896,14.981554,9.494467,19.088066,0.581259,-2.128445,-1.845763,0.695472,1.780731,-1.061204,1.579296,0.434047,-1.592670,-6.067108,10.045831,0.471185,18.000000,0,383.634791
0.870000,19.074634,-0.705072,0.193134,0.111323,-0.007385,-0.068708,-6.611831,-1.268798,-1.598322,14.975585,9.482874,19.088638,0.580109,-2.116800,-1.848907,0.695333,1.779931,-1.059635,1.574668,0.433772,-1.593059,-6.015150,10.040845,0.471185,18.000000,0,383.444416
0.880000,19.075358,-0.701164,0.192807,0.109941,-0.007168,-0.068496,-6.548233,-1.272968,-1.637630,14.969606,9.471191,19.089214,0.579105,-2.104999,-1.852073,0.695214,1.779191,-1.057837,1.569806,0.433497,-1.593311,-5.963503,10.035860,0.471185,18.000000,0,383.254040
0.890000,19.076086,-0.697207,0.192526,0.108601,-0.006953,-0.068274,-6.485416,-1.277013,-1.676813,14.963617,9.459421,19.089794,0.578239,-2.093051,-1.855252,0.695111,1.778513,-1.055820,1.564724,0.433221,-1.593447,-5.912159,10.030875,0.471185,18.000000,0,383.063665
0.900000,19.076818,-0.693204,0.192287,0.107303,-0.006740,-0.068043,-6.423354,-1.280936,-1.715867,14.957619,9.447564,19.090377,0.577500,-2.080964,-1.858436,0.695020,1.777898,-1.053593,1.559434,0.432945,-1.593485,-5.861113,10.025890,0.471185,18.000000,0,382.873290
0.910000,19.077552,-0.689157,0.192087,0.106043,-0.006530,-0.067804,-6.362026,-1.284738,-1.754786,14.951610,9.435621,19.090962,0.576878,-2.068747,-1.861616,0.694941,1.777346,-1.051165,1.553951,0.432668,-1.593444,-5.810358,10.020905,0.471185,18.000000,0,382.682915
0.920000,19.078289,-0.685069,0.191924,0.104822,-0.006325,-0.067557,-6.301409,-1.288420,-1.793566,14.945591,9.423592,19.091550,0.576365,-2.056408,-1.864785,0.694870,1.776855,-1.048545,1.548285,0.432391,-1.593341,-5.759889,10.015920,0.471185,18.000000,0,382.492540
0.930000,19.079029,-0.680944,0.191793,0.103637,-0.006125,-0.067302,-6.241482,-1.291987,-1.832201,14.939563,9.411479,19.092140,0.575950,-2.043955,-1.867937,0.694805,1.776427,-1.045742,1.542448,0.432113,-1.593189,-5.709701,10.010935,0.471185,18.000000,0,382.302165
0.940000,19.079769,-0.676782,0.191692,0.102488,-0.005931,-0.067040,-6.182224,-1.295440,-1.870689,14.933524,9.399282,19.092731,0.575624,-2.031394,-1.871065,0.694744,1.776059,-1.042764,1.536451,0.431836,-1.593004,-5.659787,10.005949,0.471185,18.000000,0,382.111790
0.950000,19.080512,-0.672586,0.191618,0.101373,-0.005743,-0.066772,-6.123615,-1.298784,-1.909025,14.927476,9.387002,19.093324,0.575380,-2.018733,-1.874164,0.694686,1.775750,-1.039619,1.530304,0.431558,-1.592797,-5.610142,10.000964,0.471185,18.000000,0,381.921415
0.960000,19.081255,-0.668359,0.191568,0.100291,-0.005562,-0.066498,-6.065636,-1.302022,-1.947206,14.921418,9.374641,19.093917,0.575207,-2.005979,-1.877229,0.694628,1.775499,-1.036314,1.524017,0.431279,-1.592578,-5.560763,9.995979,0.471185,18.000000,0,381.731040
0.970000,19.081998,-0.664103,0.191539,0.099240,-0.005388,-0.066218,-6.008270,-1.305159,-1.985228,14.915350,9.362198,19.094512,0.575098,-1.993137,-1.880257,0.694570,1.775304,-1.032857,1.517599,0.431001,-1.592359,-5.511644,9.990994,0.471185,18.000000,0,381.540665
0.980000,19.082742,-0.659819,0.191529,0.098220,-0.005222,-0.065932,-5.951496,-1.308198,-2.023088,14.909273,9.349676,19.095107,0.575045,-1.980213,-1.883243,0.694510,1.775163,-1.029256,1.511059,0.430723,-1.592146,-5.462781,9.986009,0.471185,18.000000,0,381.350290
0.990000,19.083486,-0.655510,0.191535,0.097230,-0.005063,-0.065642,-5.895300,-1.311144,-2.060783,14.903186,9.337074,19.095702,0.575041,-1.967214,-1.886185,0.694447,1.775074,-1.025516,1.504404,0.430444,-1.591948,-5.414169,9.981024,0.471185,18.000000,0,381.159915
1.000000,19.084230,-0.651177,0.191555,0.096268,-0.004912,-0.065347,-5.839664,-1.314001,-2.098310,14.897090,9.324394,19.096297,0.575079,-1.954145,-1.889080,0.694380,1.775034,-1.021645,1.497644,0.430165,-1.591770,-5.365804,9.976038,0.471185,18.000000,0,380.969540
1.010000,19.084973,-0.646822,0.191587,0.095333,-0.004769,-0.065048,-5.784571,-1.316774,-2.135667,14.890985,9.311635,19.096892,0.575152,-1.941010,-1.891926,0.694309,1.775042,-1.017648,1.490786,0.429886,-1.591618,-5.317683,9.971053,0.471185,18.000000,0,380.779164
1.020000,19.085716,-0.642446,0.191628,0.094424,-0.004633,-0.064745,-5.730008,-1.319467,-2.172851,14.884871,9.298800,19.097487,0.575254,-1.927815,-1.894721,0.694233,1.775095,-1.013533,1.483835,0.429607,-1.591496,-5.269802,9.966068,0.471185,18.000000,0,380.588789
1.030000,19.086458,-0.638052,0.191678,0.093541,-0.004505,-0.064438,-5.675959,-1.322084,-2.209861,14.878748,9.285889,19.098081,0.575379,-1.914563,-1.897463,0.694151,1.775190,-1.009304,1.476800,0.429328,-1.591408,-5.222157,9.961083,0.471185,18.000000,0,380.398413
1.040000,19.087198,-0.633640,0.191733,0.092683,-0.004384,-0.064127,-5.622409,-1.324630,-2.246694,14.872617,9.272902,19.098676,0.575523,-1.901261,-1.900153,0.694063,1.775325,-1.004968,1.469686,0.429049,-1.591356,-5.174745,9.956098,0.471185,18.000000,0,380.208037
1.050000,19.087938,-0.629212,0.191792,0.091847,-0.004271,-0.063814,-5.569346,-1.327109,-2.283348,14.866477,9.259840,19.099269,0.575679,-1.887911,-1.902788,0.693968,1.775497,-1.000530,1.462499,0.428770,-1.591343,-5.127562,9.951113,0.471185,18.000000,0,380.017661
1.060000,19.088677,-0.624769,0.191855,0.091035,-0.004165,-0.063497,-5.516755,-1.329526,-2.319821,14.860328,9.246705,19.099862,0.575844,-1.874518,-1.905370,0.693867,1.775704,-0.995994,1.455246,0.428491,-1.591370,-5.080607,9.946127,0.471185,18.000000,0,379.827284
1.070000,19.089414,-0.620313,0.191919,0.090244,-0.004066,-0.063178,-5.464625,-1.331883,-2.356112,14.854172,9.233496,19.100454,0.576014,-1.861085,-1.907897,0.693760,1.775943,-0.991366,1.447930,0.428211,-1.591437,-5.033875,9.941142,0.471185,18.000000,0,379.636907
1.080000,19.090150,-0.615845,0.191983,0.089474,-0.003973,-0.062856,-5.412943,-1.334185,-2.392220,14.848007,9.220215,19.101045,0.576185,-1.847617,-1.910371,0.693646,1.776212,-0.986652,1.440557,0.427932,-1.591546,-4.987364,9.936157,0.471185,18.000000,0,379.446530
1.090000,19.090884,-0.611365,0.192047,0.088725,-0.003886,-0.062532,-5.361697,-1.336436,-2.428143,14.841835,9.206862,19.101636,0.576354,-1.834116,-1.912791,0.693525,1.776509,-0.981854,1.433133,0.427653,-1.591695,-4.941072,9.931172,0.471185,18.000000,0,379.256153
1.100000,19.091617,-0.606875,0.192109,0.087994,-0.003806,-0.062206,-5.310875,-1.338640,-2.463879,14.835655,9.193438,19.102226,0.576518,-1.820586,-1.915157,0.693398,1.776830,-0.976978,1.425660,0.427373,-1.591884,-4.894995,9.926187,0.471185,18.000000,0,379.065775
1.110000,19.092348,-0.602377,0.192168,0.087282,-0.003731,-0.061878,-5.260468,-1.340798,-2.499429,14.829467,9.179944,19.102815,0.576673,-1.807030,-1.917471,0.693265,1.777173,-0.972027,1.418144,0.427094,-1.592112,-4.849132,9.921201,0.471185,18.000000,0,378.875397
1.120000,19.093078,-0.597870,0.192224,0.086589,-0.003661,-0.061549,-5.210464,-1.342915,-2.534789,14.823272,9.166380,19.103403,0.576819,-1.793450,-1.919734,0.693126,1.777537,-0.967007,1.410589,0.426814,-1.592377,-4.803481,9.916216,0.471185,18.000000,0,378.685019
1.130000,19.093806,-0.593356,0.192276,0.085912,-0.003596,-0.061217,-5.160854,-1.344994,-2.569961,14.817070,9.152747,19.103991,0.576953,-1.779851,-1.921946,0.692980,1.777919,-0.961920,1.402997,0.426535,-1.592679,-4.758038,9.911231,0.471185,18.000000,0,378.494640
1.140000,19.094532,-0.588836,0.192323,0.085252,-0.003536,-0.060885,-5.111628,-1.347037,-2.604942,14.810861,9.139046,19.104578,0.577073,-1.766233,-1.924109,0.692829,1.778317,-0.956770,1.395373,0.426255,-1.593015,-4.712803,9.906246,0.471185,18.000000,0,378.304261
1.150000,19.095257,-0.584310,0.192365,0.084608,-0.003480,-0.060551,-5.062776,-1.349046,-2.639732,14.804645,9.125278,19.105164,0.577177,-1.752601,-1.926224,0.692673,1.778729,-0.951561,1.387719,0.425975,-1.593384,-4.667773,9.901260,0.471185,18.000000,0,378.113881
1.160000,19.095981,-0.579780,0.192402,0.083979,-0.003429,-0.060216,-5.014290,-1.351025,-2.674331,14.798422,9.111443,19.105749,0.577266,-1.738955,-1.928291,0.692512,1.779153,-0.946296,1.380040,0.425696,-1.593782,-4.622946,9.896275,0.471185,18.000000,0,377.923501
1.170000,19.096702,-0.575246,0.192433,0.083365,-0.003380,-0.059879,-4.966161,-1.352975,-2.708737,14.792193,9.097541,19.106334,0.577338,-1.725300,-1.930313,0.692346,1.779587,-0.940979,1.372337,0.425416,-1.594209,-4.578321,9.891290,0.471185,18.000000,0,377.733120
1.180000,19.097423,-0.570709,0.192459,0.082765,-0.003336,-0.059542,-4.918381,-1.354899,-2.742951,14.785958,9.083574,19.106918,0.577392,-1.711636,-1.932291,0.692176,1.780030,-0.935612,1.364613,0.425136,-1.594661,-4.533896,9.886305,0.471185,18.000000,0,377.542739
1.190000,19.098141,-0.566170,0.192478,0.082178,-0.003294,-0.059205,-4.870942,-1.356798,-2.776971,14.779716,9.069542,19.107501,0.577427,-1.697966,-1.934225,0.692003,1.780479,-0.930198,1.356871,0.424856,-1.595136,-4.489669,9.881319,0.471185,18.000000,0,377.352358
1.200000,19.098858,-0.561629,0.192491,0.081604,-0.003255,-0.058866,-4.823836,-1.358673,-2.810797,14.773468,9.055446,19.108084,0.577444,-1.684292,-1.936118,0.691825,1.780934,-0.924741,1.349113,0.424576,-1.595632,-4.445639,9.876334,0.471185,18.000000,0,377.161976
1.210000,19.099574,-0.557087,0.192497,0.081043,-0.003218,-0.058527,-4.777056,-1.360527,-2.844429,14.767214,9.041286,19.108666,0.577443,-1.670615,-1.937970,0.691645,1.781393,-0.919242,1.341342,0.424297,-1.596147,-4.401804,9.871349,0.471185,18.000000,0,376.971593
1.220000,19.100288,-0.552544,0.192498,0.080494,-0.003184,-0.058188,-4.730596,-1.362361,-2.877867,14.760954,9.027063,19.109248,0.577422,-1.656939,-1.939783,0.691461,1.781855,-0.913705,1.333559,0.424016,-1.596677,-4.358163,9.866363,0.471185,18.000000,0,376.781210
1.230000,19.101001,-0.548002,0.192492,0.079956,-0.003152,-0.057848,-4.684447,-1.364176,-2.911110,14.754688,9.012778,19.109830,0.577383,-1.643263,-1.941559,0.691276,1.782318,-0.908131,1.325767,0.423736,-1.597222,-4.314714,9.861378,0.471185,18.000000,0,376.590826
1.240000,19.101712,-0.543460,0.192480,0.079430,-0.003121,-0.057507,-4.638605,-1.365972,-2.944158,14.748417,8.998432,19.110411,0.577326,-1.629591,-1.943298,0.691088,1.782782,-0.902524,1.317967,0.423456,-1.597777,-4.271457,9.856392,0.471185,18.000000,0,376.400442
1.250000,19.102422,-0.538919,0.192462,0.078914,-0.003092,-0.057167,-4.593062,-1.367752,-2.977012,14.742141,8.984024,19.110991,0.577250,-1.615924,-1.945002,0.690898,1.783245,-0.896886,1.310162,0.423176,-1.598342,-4.228389,9.851407,0.471185,18.000000,0,376.210057
1.260000,19.103130,-0.534381,0.192438,0.078408,-0.003064,-0.056826,-4.547813,-1.369515,-3.009669,14.735859,8.969556,19.111572,0.577157,-1.602262,-1.946672,0.690707,1.783707,-0.891218,1.302351,0.422896,-1.598913,-4.185510,9.846422,0.471185,18.000000,0,376.019671
1.270000,19.103837,-0.529844,0.192408,0.077912,-0.003037,-0.056485,-4.502852,-1.371263,-3.042132,14.729571,8.955028,19.112152,0.577047,-1.588608,-1.948309,0.690514,1.784166,-0.885522,1.294538,0.422615,-1.599490,-4.142818,9.841436,0.471185,18.000000,0,375.829284
1.280000,19.104543,-0.525310,0.192373,0.077425,-0.003011,-0.056144,-4.458174,-1.372995,-3.074399,14.723279,8.940441,19.112732,0.576920,-1.574963,-1.949915,0.690321,1.784623,-0.879801,1.286723,0.422335,-1.600069,-4.100313,9.836451,0.471185,18.000000,0,375.638897
1.290000,19.105247,-0.520780,0.192333,0.076947,-0.002986,-0.055803,-4.413772,-1.374713,-3.106471,14.716981,8.925795,19.113312,0.576778,-1.561329,-1.951491,0.690127,1.785075,-0.874057,1.278909,0.422054,-1.600649,-4.057993,9.831465,0.471185,18.000000,0,375.448509
1.300000,19.105950,-0.516252,0.192287,0.076478,-0.002962,-0.055462,-4.369643,-1.376416,-3.138348,14.710678,8.911091,19.113891,0.576620,-1.547706,-1.953037,0.689933,1.785523,-0.868291,1.271095,0.421773,-1.601229,-4.015857,9.826480,0.471185,18.000000,0,375.258121
1.310000,19.106652,-0.511729,0.192237,0.076018,-0.002937,-0.055121,-4.325782,-1.378106,-3.170029,14.704371,8.896330,19.114470,0.576448,-1.534096,-1.954554,0.689739,1.785967,-0.862505,1.263283,0.421492,-1.601806,-3.973904,9.821494,0.471185,18.000000,0,375.067731
1.320000,19.107353,-0.507210,0.192182,0.075565,-0.002914,-0.054780,-4.282183,-1.379782,-3.201515,14.698059,8.881511,19.115050,0.576262,-1.520499,-1.956044,0.689545,1.786405,-0.856701,1.255475,0.421211,-1.602379,-3.932134,9.816509,0.471185,18.000000,0,374.877341
1.330000,19.108052,-0.502696,0.192123,0.075120,-0.002890,-0.054440,-4.238842,-1.381444,-3.232806,14.691742,8.866637,19.115629,0.576063,-1.506918,-1.957507,0.689352,1.786837,-0.850880,1.247671,0.420930,-1.602947,-3.890544,9.811523,0.471185,18.000000,0,374.686949
1.340000,19.108750,-0.498187,0.192059,0.074682,-0.002867,-0.054100,-4.195755,-1.383093,-3.263902,14.685420,8.851707,19.116208,0.575852,-1.493353,-1.958945,0.689159,1.787264,-0.845043,1.239872,0.420649,-1.603507,-3.849135,9.806537,0.471185,18.000000,0,374.496557
1.350000,19.109447,-0.493684,0.191992,0.074252,-0.002843,-0.053760,-4.152918,-1.384729,-3.294802,14.679094,8.836722,19.116787,0.575629,-1.479806,-1.960358,0.688967,1.787684,-0.839193,1.232080,0.420368,-1.604060,-3.807905,9.801552,0.471185,18.000000,0,374.306164
1.360000,19.110142,-0.489186,0.191921,0.073828,-0.002820,-0.053420,-4.110327,-1.386351,-3.325509,14.672763,8.821682,19.117366,0.575395,-1.466276,-1.961746,0.688776,1.788098,-0.833331,1.224294,0.420087,-1.604604,-3.766853,9.796566,0.471185,18.000000,0,374.115770
1.370000,19.110837,-0.484694,0.191846,0.073411,-0.002796,-0.053081,-4.067977,-1.387960,-3.356020,14.666428,8.806589,19.117945,0.575151,-1.452766,-1.963111,0.688586,1.788505,-0.827457,1.216516,0.419805,-1.605138,-3.725979,9.791581,0.471185,18.000000,0,373.925375
1.380000,19.111530,-0.480209,0.191769,0.073000,-0.002773,-0.052742,-4.025866,-1.389555,-3.386337,14.660089,8.791441,19.118523,0.574898,-1.439275,-1.964453,0.688397,1.788905,-0.821574,1.208747,0.419524,-1.605661,-3.685281,9.786595,0.471185,18.000000,0,373.734979
1.390000,19.112221,-0.475730,0.191689,0.072595,-0.002749,-0.052403,-3.983990,-1.391136,-3.416461,14.653746,8.776242,19.119102,0.574636,-1.425806,-1.965772,0.688209,1.789299,-0.815682,1.200987,0.419242,-1.606172,-3.644759,9.781609,0.471185,18.000000,0,373.544582
1.400000,19.112912,-0.471258,0.191605,0.072196,-0.002724,-0.052065,-3.942345,-1.392704,-3.446390,14.647398,8.760989,19.119681,0.574366,-1.412358,-1.967070,0.688023,1.789686,-0.809782,1.193237,0.418960,-1.606671,-3.604412,9.776623,0.471185,18.000000,0,373.354184
1.410000,19.113601,-0.466794,0.191520,0.071803,-0.002700,-0.051727,-3.900928,-1.394258,-3.476125,14.641046,8.745686,19.120260,0.574089,-1.398933,-1.968347,0.687839,1.790066,-0.803876,1.185497,0.418678,-1.607157,-3.564239,9.771638,0.471185,18.000000,0,373.163785
1.420000,19.114290,-0.462337,0.191432,0.071415,-0.002675,-0.051390,-3.859735,-1.395797,-3.505668,14.634690,8.730331,19.120839,0.573805,-1.385531,-1.969603,0.687656,1.790438,-0.797965,1.177768,0.418396,-1.607629,-3.524239,9.766652,0.471185,18.000000,0,372.973384
1.430000,19.114976,-0.457887,0.191342,0.071032,-0.002650,-0.051053,-3.818765,-1.397323,-3.535017,14.628331,8.714925,19.121417,0.573515,-1.372154,-1.970838,0.687475,1.790804,-0.792050,1.170051,0.418114,-1.608087,-3.484412,9.761666,0.471185,18.000000,0,372.782983
1.440000,19.115662,-0.453446,0.191250,0.070654,-0.002625,-0.050717,-3.778013,-1.398833,-3.564173,14.621967,8.699469,19.121996,0.573220,-1.358801,-1.972053,0.687295,1.791164,-0.786131,1.162346,0.417832,-1.608531,-3.444757,9.756680,0.471185,18.000000,0,372.592580
1.450000,19.116346,-0.449013,0.191157,0.070281,-0.002599,-0.050381,-3.737478,-1.400330,-3.593137,14.615599,8.683964,19.122574,0.572919,-1.345474,-1.973249,0.687118,1.791516,-0.780211,1.154654,0.417549,-1.608960,-3.405272,9.751694,0.471185,18.000000,0,372.402176
1.460000,19.117029,-0.444588,0.191062,0.069913,-0.002573,-0.050046,-3.697156,-1.401811,-3.621909,14.609228,8.668409,19.123153,0.572614,-1.332172,-1.974426,0.686942,1.791862,-0.774289,1.146975,0.417267,-1.609375,-3.365958,9.746708,0.471185,18.000000,0,372.211771
1.470000,19.117711,-0.440172,0.190966,0.069549,-0.002547,-0.049712,-3.657045,-1.403278,-3.650489,14.602853,8.652807,19.123731,0.572306,-1.318898,-1.975583,0.686768,1.792202,-0.768366,1.139309,0.416984,-1.609775,-3.326814,9.741722,0.471185,18.000000,0,372.021364
1.480000,19.118392,-0.435765,0.190868,0.069189,-0.002520,-0.049378,-3.617142,-1.404729,-3.678877,14.596474,8.637156,19.124310,0.571993,-1.305651,-1.976722,0.686596,1.792535,-0.762444,1.131657,0.416702,-1.610159,-3.287838,9.736736,0.471185,18.000000,0,371.830956
1.490000,19.119071,-0.431367,0.190770,0.068834,-0.002493,-0.049045,-3.577445,-1.406165,-3.707075,14.590092,8.621458,19.124888,0.571677,-1.292432,-1.977842,0.686426,1.792862,-0.756523,1.124020,0.416419,-1.610529,-3.249031,9.731750,0.471185,18.000000,0,371.640547
1.500000,19.119748,-0.426978,0.190670,0.068483,-0.002466,-0.048712,-3.537951,-1.407585,-3.735081,14.583706,8.605712,19.125466,0.571359,-1.279242,-1.978944,0.686258,1.793183,-0.750604,1.116397,0.416136,-1.610884,-3.210391,9.726764,0.471185,18.000000,0,371.450136
1.510000,19.120425,-0.422599,0.190570,0.068135,-0.002438,-0.048380,-3.498659,-1.408990,-3.762897,14.577317,8.589921,19.126044,0.571038,-1.266080,-1.980028,0.686091,1.793498,-0.744688,1.108789,0.415853,-1.611223,-3.171918,9.721778,0.471185,18.000000,0,371.259724
1.520000,19.121100,-0.418229,0.190469,0.067791,-0.002410,-0.048049,-3.459566,-1.410379,-3.790524,14.570925,8.574084,19.126622,0.570716,-1.252949,-1.981094,0.685927,1.793807,-0.738775,1.101197,0.415570,-1.611548,-3.133611,9.716792,0.471185,18.000000,0,371.069310
1.530000,19.121773,-0.413869,0.190367,0.067451,-0.002382,-0.047718,-3.420669,-1.411751,-3.817960,14.564529,8.558201,19.127199,0.570391,-1.239847,-1.982142,0.685764,1.794110,-0.732867,1.093620,0.415287,-1.611858,-3.095470,9.711806,0.471185,18.000000,0,370.878895
1.540000,19.122445,-0.409519,0.190265,0.067114,-0.002354,-0.047388,-3.381968,-1.413108,-3.845208,14.558129,8.542273,19.127776,0.570065,-1.226777,-1.983173,0.685604,1.794408,-0.726963,1.086059,0.415003,-1.612154,-3.057494,9.706819,0.471185,18.000000,0,370.688478
1.550000,19.123116,-0.405179,0.190163,0.066781,-0.002326,-0.047059,-3.343460,-1.414448,-3.872266,14.551727,8.526301,19.128353,0.569738,-1.213737,-1.984186,0.685445,1.794701,-0.721065,1.078515,0.414720,-1.612435,-3.019681,9.701833,0.471185,18.000000,0,370.498060
1.560000,19.123785,-0.400849,0.190060,0.066451,-0.002297,-0.046731,-3.305142,-1.415773,-3.899136,14.545321,8.510285,19.128930,0.569409,-1.200729,-1.985182,0.685288,1.794989,-0.715173,1.070987,0.414436,-1.612702,-2.982033,9.696847,0.471185,18.000000,0,370.307640
1.570000,19.124453,-0.396530,0.189956,0.066124,-0.002268,-0.046403,-3.267014,-1.417080,-3.925818,14.538912,8.494226,19.129506,0.569080,-1.187753,-1.986160,0.685132,1.795271,-0.709287,1.063476,0.414153,-1.612955,-2.944547,9.691860,0.471185,18.000000,0,370.117219
1.580000,19.125119,-0.392221,0.189853,0.065800,-0.002240,-0.046076,-3.229073,-1.418372,-3.952313,14.532500,8.478124,19.130082,0.568750,-1.174809,-1.987122,0.684979,1.795549,-0.703409,1.055982,0.413869,-1.613194,-2.907224,9.686874,0.471185,18.000000,0,369.926796
1.590000,19.125783,-0.387923,0.189749,0.065479,-0.002211,-0.045750,-3.191318,-1.419647,-3.978620,14.526085,8.461980,19.130658,0.568420,-1.161898,-1.988066,0.684827,1.795822,-0.697539,1.048506,0.413586,-1.613420,-2.870063,9.681888,0.471185,18.000000,0,369.736371
1.600000,19.126446,-0.383636,0.189645,0.065161,-0.002182,-0.045424,-3.153747,-1.420905,-4.004741,14.519667,8.445794,19.131233,0.568089,-1.149021,-1.988994,0.684676,1.796091,-0.691677,1.041047,0.413302,-1.613633,-2.833063,9.676901,0.471185,18.000000,0,369.545945
1.610000,19.127108,-0.379359,0.189542,0.064846,-0.002153,-0.045100,-3.116359,-1.422146,-4.030676,14.513246,8.429566,19.131808,0.567758,-1.136177,-1.989905,0.684528,1.796355,-0.685823,1.033606,0.413018,-1.613833,-2.796223,9.671915,0.471185,18.000000,0,369.355516
1.620000,19.127767,-0.375094,0.189437,0.064533,-0.002124,-0.044776,-3.079151,-1.423372,-4.056424,14.506822,8.413298,19.132383,0.567427,-1.123367,-1.990799,0.684381,1.796615,-0.679979,1.026183,0.412734,-1.614021,-2.759544,9.666928,0.471185,18.000000,0,369.165086
1.630000,19.128425,-0.370840,0.189333,0.064223,-0.002095,-0.044453,-3.042123,-1.424580,-4.081988,14.500396,8.396989,19.132956,0.567096,-1.110591,-1.991676,0.684235,1.796871,-0.674145,1.018778,0.412450,-1.614196,-2.723024,9.661941,0.471185,18.000000,0,368.974654
1.640000,19.129081,-0.366597,0.189229,0.063916,-0.002066,-0.044130,-3.005272,-1.425772,-4.107366,14.493967,8.380640,19.133530,0.566765,-1.097850,-1.992537,0.684091,1.797123,-0.668322,1.011392,0.412166,-1.614359,-2.686663,9.656955,0.471185,18.000000,0,368.784221
1.650000,19.129736,-0.362366,0.189125,0.063611,-0.002037,-0.043809,-2.968598,-1.426947,-4.132560,14.487534,8.364252,19.134102,0.566433,-1.085144,-1.993381,0.683949,1.797371,-0.662509,1.004024,0.411882,-1.614511,-2.650461,9.651968,0.471185,18.000000,0,368.593785
1.660000,19.130389,-0.358146,0.189021,0.063308,-0.002008,-0.043488,-2.932100,-1.428106,-4.157570,14.481100,8.347824,19.134675,0.566102,-1.072473,-1.994208,0.683808,1.797615,-0.656707,0.996675,0.411598,-1.614651,-2.614417,9.646981,0.471185,18.000000,0,368.403348
1.670000,19.131040,-0.353937,0.188917,0.063008,-0.001980,-0.043168,-2.895775,-1.429248,-4.182397,14.474662,8.331359,19.135246,0.565771,-1.059838,-1.995020,0.683668,1.797855,-0.650917,0.989345,0.411314,-1.614780,-2.578530,9.641994,0.471185,18.000000,0,368.212909
1.680000,19.131689,-0.349740,0.188813,0.062709,-0.001951,-0.042849,-2.859622,-1.430374,-4.207040,14.468223,8.314855,19.135817,0.565440,-1.047239,-1.995815,0.683530,1.798092,-0.645138,0.982034,0.411029,-1.614898,-2.542799,9.637007,0.471185,18.000000,0,368.022467
1.690000,19.132336,-0.345556,0.188709,0.062413,-0.001923,-0.042531,-2.823641,-1.431484,-4.231501,14.461780,8.298314,19.136387,0.565110,-1.034675,-1.996594,0.683393,1.798326,-0.639372,0.974743,0.410745,-1.615006,-2.507226,9.632021,0.471185,18.000000,0,367.832024
1.700000,19.132982,-0.341382,0.188605,0.062119,-0.001894,-0.042214,-2.787830,-1.432577,-4.255780,14.455335,8.281735,19.136957,0.564779,-1.022149,-1.997357,0.683257,1.798556,-0.633619,0.967471,0.410461,-1.615103,-2.471808,9.627034,0.471185,18.000000,0,367.641579
1.710000,19.133625,-0.337221,0.188501,0.061828,-0.001866,-0.041897,-2.752187,-1.433655,-4.279878,14.448888,8.265120,19.137525,0.564449,-1.009658,-1.998103,0.683123,1.798783,-0.627879,0.960219,0.410176,-1.615190,-2.436545,9.622047,0.471185,18.000000,0,367.451131
1.720000,19.134267,-0.333072,0.188397,0.061538,-0.001838,-0.041582,-2.716712,-1.434716,-4.303794,14.442439,8.248469,19.138093,0.564118,-0.997205,-1.998834,0.682990,1.799007,-0.622152,0.952986,0.409892,-1.615268,-2.401437,9.617059,0.471185,18.000000,0,367.260682
1.730000,19.134907,-0.328935,0.188293,0.061250,-0.001810,-0.041267,-2.681404,-1.435761,-4.327530,14.435987,8.231782,19.138660,0.563788,-0.984789,-1.999549,0.682858,1.799227,-0.616438,0.945773,0.409608,-1.615336,-2.366484,9.612072,0.471185,18.000000,0,367.070230
1.740000,19.135545,-0.324811,0.188189,0.060963,-0.001783,-0.040953,-2.646261,-1.436790,-4.351085,14.429533,8.215060,19.139226,0.563458,-0.972410,-2.000248,0.682727,1.799445,-0.610739,0.938580,0.409323,-1.615394,-2.331685,9.607085,0.471185,18.000000,0,366.879777
1.750000,19.136180,-0.320698,0.188085,0.060679,-0.001755,-0.040640,-2.611283,-1.437804,-4.374461,14.423076,8.198303,19.139792,0.563128,-0.960069,-2.000932,0.682597,1.799660,-0.605054,0.931408,0.409039,-1.615444,-2.297039,9.602098,0.471185,18.000000,0,366.689321
1.760000,19.136814,-0.316598,0.187981,0.060397,-0.001728,-0.040328,-2.576468,-1.438802,-4.397659,14.416618,8.181512,19.140356,0.562798,-0.947765,-2.001600,0.682469,1.799871,-0.599384,0.924256,0.408754,-1.615485,-2.262546,9.597110,0.471185,18.000000,0,366.498863
1.770000,19.137446,-0.312510,0.187877,0.060116,-0.001701,-0.040017,-2.541815,-1.439784,-4.420677,14.410157,8.164686,19.140920,0.562469,-0.935500,-2.002252,0.682342,1.800080,-0.593729,0.917124,0.408470,-1.615516,-2.228205,9.592123,0.471185,18.000000,0,366.308403
1.780000,19.138076,-0.308435,0.187773,0.059837,-0.001675,-0.039707,-2.507324,-1.440751,-4.443517,14.403694,8.147828,19.141482,0.562139,-0.923273,-2.002890,0.682215,1.800286,-0.588089,0.910013,0.408185,-1.615540,-2.194017,9.587136,0.471185,18.000000,0,366.117941
1.790000,19.138703,-0.304373,0.187669,0.059559,-0.001648,-0.039397,-2.472993,-1.441702,-4.466180,14.397230,8.130936,19.142044,0.561809,-0.911084,-2.003512,0.682090,1.800489,-0.582464,0.902922,0.407900,-1.615555,-2.159980,9.582148,0.471185,18.000000,0,365.927476
1.800000,19.139329,-0.300323,0.187565,0.059283,-0.001622,-0.039089,-2.438821,-1.442639,-4.488666,14.390763,8.114012,19.142604,0.561479,-0.898933,-2.004119,0.681966,1.800690,-0.576855,0.895852,0.407616,-1.615562,-2.126094,9.577161,0.471185,18.000000,0,365.737009
1.810000,19.139952,-0.296285,0.187461,0.059009,-0.001596,-0.038781,-2.404809,-1.443561,-4.510976,14.384295,8.097055,19.143163,0.561150,-0.886821,-2.004710,0.681842,1.800888,-0.571262,0.888803,0.407331,-1.615561,-2.092359,9.572173,0.471185,18.000000,0,365.546540
1.820000,19.140574,-0.292260,0.187357,0.058736,-0.001570,-0.038475,-2.370953,-1.444467,-4.533109,14.377824,8.080067,19.143722,0.560820,-0.874748,-2.005287,0.681720,1.801083,-0.565685,0.881775,0.407047,-1.615552,-2.058774,9.567185,0.471185,18.000000,0,365.356068
1.830000,19.141193,-0.288248,0.187253,0.058465,-0.001544,-0.038169,-2.337255,-1.445359,-4.555067,14.371352,8.063048,19.144279,0.560490,-0.862714,-2.005849,0.681599,1.801275,-0.560124,0.874767,0.406762,-1.615536,-2.025339,9.562198,0.471185,18.000000,0,365.165594
1.840000,19.141810,-0.284249,0.187149,0.058195,-0.001519,-0.037864,-2.303713,-1.446237,-4.576850,14.364878,8.045998,19.144835,0.560160,-0.850720,-2.006397,0.681478,1.801466,-0.554580,0.867781,0.406478,-1.615512,-1.992054,9.557210,0.471185,18.000000,0,364.975118
1.850000,19.142424,-0.280263,0.187044,0.057926,-0.001494,-0.037560,-2.270326,-1.447100,-4.598459,14.358402,8.028917,19.145390,0.559830,-0.838764,-2.006930,0.681359,1.801653,-0.549053,0.860817,0.406193,-1.615481,-1.958918,9.552222,0.471185,18.000000,0,364.784639
1.860000,19.143037,-0.276290,0.186940,0.057659,-0.001469,-0.037257,-2.237093,-1.447949,-4.619894,14.351925,8.011807,19.145943,0.559500,-0.826848,-2.007449,0.681240,1.801838,-0.543542,0.853873,0.405908,-1.615442,-1.925930,9.547234,0.471185,18.000000,0,364.594158
1.870000,19.143647,-0.272329,0.186836,0.057393,-0.001445,-0.036955,-2.204014,-1.448783,-4.641155,14.345446,7.994667,19.146496,0.559170,-0.814971,-2.007953,0.681123,1.802021,-0.538049,0.846951,0.405624,-1.615396,-1.893090,9.542246,0.471185,18.000000,0,364.403674
1.880000,19.144255,-0.268382,0.186731,0.057129,-0.001420,-0.036654,-2.171088,-1.449604,-4.662244,14.338965,7.977497,19.147047,0.558839,-0.803134,-2.008443,0.681006,1.802201,-0.532573,0.840050,0.405339,-1.615344,-1.860398,9.537258,0.471185,18.000000,0,364.213188
1.890000,19.144861,-0.264447,0.186627,0.056866,-0.001396,-0.036354,-2.138314,-1.450410,-4.683160,14.332483,7.960299,19.147597,0.558509,-0.791337,-2.008919,0.680890,1.802378,-0.527114,0.833171,0.405055,-1.615284,-1.827853,9.532270,0.471185,18.000000,0,364.022699
1.900000,19.145464,-0.260526,0.186522,0.056604,-0.001372,-0.036055,-2.105691,-1.451204,-4.703905,14.325999,7.943073,19.148145,0.558178,-0.779580,-2.009382,0.680775,1.802554,-0.521674,0.826313,0.404770,-1.615217,-1.795456,9.527282,0.471185,18.000000,0,363.832208
1.910000,19.146065,-0.256618,0.186417,0.056343,-0.001349,-0.035756,-2.073219,-1.451983,-4.724478,14.319514,7.925819,19.148692,0.557847,-0.767863,-2.009830,0.680661,1.802727,-0.516251,0.819477,0.404486,-1.615144,-1.763204,9.522293,0.471185,18.000000,0,363.641714
1.920000,19.146664,-0.252723,0.186312,0.056084,-0.001326,-0.035459,-2.040897,-1.452749,-4.744881,14.313028,7.908538,19.149238,0.557516,-0.756185,-2.010265,0.680548,1.802897,-0.510846,0.812663,0.404202,-1.615064,-1.731099,9.517305,0.471185,18.000000,0,363.451218
1.930000,19.147260,-0.248841,0.186207,0.055825,-0.001303,-0.035163,-2.008724,-1.453502,-4.765114,14.306540,7.891229,19.149782,0.557185,-0.744548,-2.010687,0.680436,1.803066,-0.505459,0.805870,0.403917,-1.614978,-1.699140,9.512317,0.471185,18.000000,0,363.260719
1.940000,19.147854,-0.244972,0.186102,0.055568,-0.001280,-0.034867,-1.976700,-1.454241,-4.785177,14.300051,7.873894,19.150325,0.556853,-0.732952,-2.011095,0.680324,1.803231,-0.500090,0.799099,0.403633,-1.614885,-1.667326,9.507328,0.471185,18.000000,0,363.070217
1.950000,19.148446,-0.241117,0.185997,0.055312,-0.001257,-0.034573,-1.944824,-1.454968,-4.805072,14.293560,7.856533,19.150867,0.556522,-0.721395,-2.011490,0.680213,1.803395,-0.494740,0.792350,0.403348,-1.614786,-1.635657,9.502340,0.471185,18.000000,0,362.879713
1.960000,19.149035,-0.237275,0.185892,0.055057,-0.001235,-0.034279,-1.913095,-1.455682,-4.824797,14.287069,7.839146,19.151407,0.556190,-0.709879,-2.011872,0.680104,1.803556,-0.489408,0.785623,0.403064,-1.614680,-1.604133,9.497351,0.471185,18.000000,0,362.689206
1.970000,19.149622,-0.233446,0.185787,0.054803,-0.001213,-0.033987,-1.881513,-1.456383,-4.844355,14.280576,7.821733,19.151946,0.555858,-0.698403,-2.012241,0.679994,1.803716,-0.484095,0.778918,0.402780,-1.614568,-1.572753,9.492362,0.471185,18.000000,0,362.498696
1.980000,19.150206,-0.229630,0.185682,0.054550,-0.001191,-0.033695,-1.850077,-1.457071,-4.863746,14.274082,7.804295,19.152483,0.555526,-0.686968,-2.012597,0.679886,1.803872,-0.478801,0.772235,0.402496,-1.614450,-1.541517,9.487374,0.471185,18.000000,0,362.308184
1.990000,19.150788,-0.225828,0.185576,0.054299,-0.001169,-0.033404,-1.818786,-1.457747,-4.882970,14.267586,7.786833,19.153018,0.555194,-0.675574,-2.012940,0.679779,1.804027,-0.473525,0.765574,0.402212,-1.614326,-1.510424,9.482385,0.471185,18.000000,0,362.117669
2.000000,19.151367,-0.222039,0.185471,0.054048,-0.001148,-0.033115,-1.787640,-1.458410,-4.902027,14.261090,7.769347,19.153552,0.554861,-0.664220,-2.013272,0.679672,1.804180,-0.468269,0.758935,0.401927,-1.614195,-1.479474,9.477396,0.471185,18.000000,0,361.927151
2.010000,19.151944,-0.218263,0.185365,0.053798,-0.001126,-0.032826,-1.756639,-1.459062,-4.920919,14.254593,7.751837,19.154084,0.554529,-0.652907,-2.013590,0.679566,1.804330,-0.463031,0.752318,0.401643,-1.614059,-1.448667,9.472407,0.471185,18.000000,0,361.736630
2.020000,19.152518,-0.214501,0.185259,0.053549,-0.001105,-0.032538,-1.725781,-1.459701,-4.939645,14.248094,7.734303,19.154615,0.554196,-0.641635,-2.013897,0.679461,1.804478,-0.457813,0.745723,0.401359,-1.613917,-1.418002,9.467418,0.471185,18.000000,0,361.546107
2.030000,19.153090,-0.210753,0.185154,0.053301,-0.001085,-0.032252,-1.695066,-1.460328,-4.958208,14.241595,7.716747,19.155144,0.553863,-0.630404,-2.014191,0.679357,1.804624,-0.452614,0.739151,0.401075,-1.613769,-1.387480,9.462429,0.471185,18.000000,0,361.355580
2.040000,19.153659,-0.207017,0.185048,0.053055,-0.001064,-0.031966,-1.664494,-1.460944,-4.976605,14.235095,7.699167,19.155672,0.553530,-0.619214,-2.014474,0.679253,1.804768,-0.447434,0.732601,0.400792,-1.613615,-1.357099,9.457440,0.471185,18.000000,0,361.165051
2.050000,19.154226,-0.203296,0.184942,0.052809,-0.001044,-0.031681,-1.634064,-1.461547,-4.994840,14.228594,7.681566,19.156198,0.553197,-0.608064,-2.014745,0.679151,1.804910,-0.442273,0.726073,0.400508,-1.613455,-1.326859,9.452450,0.471185,18.000000,0,360.974519
2.060000,19.154790,-0.199587,0.184836,0.052564,-0.001024,-0.031397,-1.603776,-1.462139,-5.012912,14.222092,7.663943,19.156722,0.552864,-0.596955,-2.015004,0.679049,1.805050,-0.437133,0.719567,0.400224,-1.613289,-1.296760,9.447461,0.471185,18.000000,0,360.783984
2.070000,19.155352,-0.195892,0.184730,0.052320,-0.001004,-0.031114,-1.573628,-1.462720,-5.030821,14.215589,7.646298,19.157244,0.552531,-0.585888,-2.015251,0.678947,1.805187,-0.432011,0.713084,0.399940,-1.613118,-1.266801,9.442472,0.471185,18.000000,0,360.593446
2.080000,19.155911,-0.192211,0.184624,0.052076,-0.000984,-0.030832,-1.543621,-1.463289,-5.048568,14.209086,7.628632,19.157765,0.552198,-0.574861,-2.015488,0.678847,1.805323,-0.426910,0.706623,0.399657,-1.612941,-1.236983,9.437482,0.471185,18.000000,0,360.402906
2.090000,19.156467,-0.188543,0.184518,0.051834,-0.000964,-0.030551,-1.513754,-1.463847,-5.066154,14.202581,7.610946,19.158283,0.551865,-0.563876,-2.015712,0.678747,1.805457,-0.421828,0.700184,0.399373,-1.612759,-1.207305,9.432493,0.471185,18.000000,0,360.212362
2.100000,19.157021,-0.184889,0.184412,0.051593,-0.000945,-0.030271,-1.484027,-1.464394,-5.083580,14.196076,7.593239,19.158800,0.551532,-0.552932,-2.015926,0.678648,1.805589,-0.416765,0.693768,0.399090,-1.612571,-1.177766,9.427503,0.471185,18.000000,0,360.021815
2.110000,19.157572,-0.181248,0.184306,0.051352,-0.000926,-0.029992,-1.454438,-1.464930,-5.100845,14.189571,7.575512,19.159316,0.551199,-0.542028,-2.016129,0.678550,1.805718,-0.411723,0.687374,0.398806,-1.612378,-1.148366,9.422513,0.471185,18.000000,0,359.831266
2.120000,19.158120,-0.177621,0.184200,0.051112,-0.000907,-0.029714,-1.424988,-1.465455,-5.117951,14.183064,7.557766,19.159829,0.550866,-0.531166,-2.016321,0.678453,1.805846,-0.406701,0.681002,0.398523,-1.612179,-1.119105,9.417524,0.471185,18.000000,0,359.640713
2.130000,19.158666,-0.174007,0.184094,0.050873,-0.000888,-0.029437,-1.395676,-1.465969,-5.134898,14.176557,7.540000,19.160340,0.550534,-0.520345,-2.016502,0.678356,1.805972,-0.401698,0.674653,0.398240,-1.611974,-1.089982,9.412534,0.471185,18.000000,0,359.450157
2.140000,19.159209,-0.170406,0.183988,0.050635,-0.000869,-0.029161,-1.366501,-1.466472,-5.151686,14.170050,7.522216,19.160850,0.550201,-0.509565,-2.016673,0.678260,1.806096,-0.396715,0.668327,0.397957,-1.611765,-1.060998,9.407544,0.471185,18.000000,0,359.259599
2.150000,19.159749,-0.166820,0.183882,0.050398,-0.000851,-0.028886,-1.337464,-1.466965,-5.168316,14.163542,7.504413,19.161358,0.549868,-0.498826,-2.016833,0.678165,1.806218,-0.391753,0.662022,0.397674,-1.611550,-1.032151,9.402554,0.471185,18.000000,0,359.069037
2.160000,19.160287,-0.163247,0.183776,0.050161,-0.000833,-0.028612,-1.308563,-1.467447,-5.184789,14.157033,7.486592,19.161864,0.549536,-0.488129,-2.016983,0.678070,1.806339,-0.386810,0.655741,0.397391,-1.611330,-1.003442,9.397564,0.471185,18.000000,0,358.878472
2.170000,19.160822,-0.159687,0.183670,0.049926,-0.000815,-0.028339,-1.279798,-1.467919,-5.201106,14.150525,7.468754,19.162367,0.549204,-0.477472,-2.017123,0.677976,1.806457,-0.381888,0.649481,0.397108,-1.611105,-0.974869,9.392573,0.471185,18.000000,0,358.687904
2.180000,19.161354,-0.156141,0.183564,0.049691,-0.000797,-0.028067,-1.251169,-1.468381,-5.217266,14.144015,7.450898,19.162869,0.548872,-0.466857,-2.017252,0.677883,1.806574,-0.376986,0.643245,0.396825,-1.610874,-0.946433,9.387583,0.471185,18.000000,0,358.497333
2.190000,19.161883,-0.152609,0.183458,0.049456,-0.000779,-0.027796,-1.222675,-1.468832,-5.233270,14.137505,7.433025,19.163369,0.548540,-0.456283,-2.017372,0.677791,1.806689,-0.372104,0.637031,0.396542,-1.610639,-0.918134,9.382593,0.471185,18.000000,0,358.306759
2.200000,19.162410,-0.149090,0.183352,0.049223,-0.000762,-0.027526,-1.194316,-1.469273,-5.249120,14.130995,7.415135,19.163867,0.548209,-0.445750,-2.017482,0.677699,1.806802,-0.367242,0.630839,0.396260,-1.610398,-0.889971,9.377602,0.471185,18.000000,0,358.116182
2.210000,19.162934,-0.145584,0.183247,0.048990,-0.000744,-0.027256,-1.166092,-1.469704,-5.264814,14.124485,7.397229,19.164363,0.547878,-0.435259,-2.017582,0.677608,1.806914,-0.362401,0.624670,0.395977,-1.610153,-0.861943,9.372612,0.471185,18.000000,0,357.925601
2.220000,19.163455,-0.142093,0.183141,0.048758,-0.000727,-0.026988,-1.138001,-1.470126,-5.280355,14.117974,7.379308,19.164857,0.547547,-0.424808,-2.017673,0.677518,1.807024,-0.357579,0.618523,0.395695,-1.609902,-0.834051,9.367621,0.471185,18.000000,0,357.735018
2.230000,19.163973,-0.138614,0.183035,0.048527,-0.000710,-0.026721,-1.110044,-1.470538,-5.295743,14.111463,7.361371,19.165349,0.547216,-0.414399,-2.017754,0.677428,1.807132,-0.352778,0.612399,0.395413,-1.609647,-0.806293,9.362630,0.471185,18.000000,0,357.544431
2.240000,19.164489,-0.135150,0.182930,0.048296,-0.000693,-0.026455,-1.082221,-1.470939,-5.310978,14.104951,7.343418,19.165838,0.546886,-0.404030,-2.017825,0.677340,1.807239,-0.347998,0.606297,0.395131,-1.609387,-0.778671,9.357640,0.471185,18.000000,0,357.353841
2.250000,19.165001,-0.131699,0.182824,0.048067,-0.000677,-0.026189,-1.054529,-1.471332,-5.326060,14.098440,7.325451,19.166326,0.546556,-0.393703,-2.017888,0.677251,1.807344,-0.343238,0.600218,0.394849,-1.609122,-0.751182,9.352649,0.471185,18.000000,0,357.163248
2.260000,19.165511,-0.128261,0.182719,0.047837,-0.000660,-0.025925,-1.026971,-1.471715,-5.340991,14.091928,7.307469,19.166811,0.546227,-0.383417,-2.017941,0.677164,1.807447,-0.338498,0.594161,0.394567,-1.608853,-0.723828,9.347658,0.471185,18.000000,0,356.972651
2.270000,19.166018,-0.124837,0.182614,0.047609,-0.000644,-0.025662,-0.999544,-1.472088,-5.355770,14.085416,7.289473,19.167295,0.545898,-0.373172,-2.017986,0.677077,1.807549,-0.333778,0.588127,0.394285,-1.608579,-0.696607,9.342667,0.471185,18.000000,0,356.782052
2.280000,19.166522,-0.121427,0.182509,0.047381,-0.000628,-0.025400,-0.972248,-1.472452,-5.370399,14.078904,7.271464,19.167776,0.545569,-0.362968,-2.018021,0.676991,1.807649,-0.329079,0.582115,0.394003,-1.608300,-0.669520,9.337676,0.471185,18.000000,0,356.591449
2.290000,19.167024,-0.118030,0.182404,0.047154,-0.000612,-0.025138,-0.945084,-1.472807,-5.384878,14.072392,7.253440,19.168255,0.545241,-0.352805,-2.018048,0.676905,1.807748,-0.324400,0.576126,0.393722,-1.608016,-0.642565,9.332685,0.471185,18.000000,0,356.400842
2.300000,19.167522,-0.114647,0.182299,0.046928,-0.000596,-0.024878,-0.918050,-1.473153,-5.399208,14.065880,7.235404,19.168732,0.544913,-0.342684,-2.018066,0.676820,1.807846,-0.319742,0.570159,0.393440,-1.607728,-0.615744,9.327693,0.471185,18.000000,0,356.210233
2.310000,19.168017,-0.111277,0.182194,0.046702,-0.000580,-0.024619,-0.891147,-1.473489,-5.413388,14.059367,7.217355,19.169206,0.544586,-0.332603,-2.018076,0.676736,1.807942,-0.315104,0.564215,0.393159,-1.607436,-0.589054,9.322702,0.471185,18.000000,0,356.019620
2.320000,19.168510,-0.107921,0.182089,0.046477,-0.000564,-0.024360,-0.864374,-1.473817,-5.427421,14.052855,7.199294,19.169679,0.544260,-0.322563,-2.018077,0.676653,1.808036,-0.310487,0.558294,0.392878,-1.607139,-0.562497,9.317710,0.471185,18.000000,0,355.829004
2.330000,19.169000,-0.104578,0.181985,0.046253,-0.000549,-0.024103,-0.837730,-1.474136,-5.441305,14.046343,7.181220,19.170149,0.543934,-0.312564,-2.018070,0.676570,1.808129,-0.305890,0.552394,0.392597,-1.606838,-0.536071,9.312719,0.471185,18.000000,0,355.638385
2.340000,19.169486,-0.101249,0.181881,0.046029,-0.000534,-0.023846,-0.811215,-1.474446,-5.455043,14.039831,7.163135,19.170617,0.543608,-0.302606,-2.018054,0.676487,1.808221,-0.301313,0.546518,0.392316,-1.606533,-0.509777,9.307727,0.471185,18.000000,0,355.447762
2.350000,19.169970,-0.097933,0.181777,0.045806,-0.000519,-0.023591,-0.784829,-1.474748,-5.468633,14.033318,7.145038,19.171082,0.543283,-0.292689,-2.018031,0.676406,1.808312,-0.296757,0.540663,0.392035,-1.606223,-0.483613,9.302735,0.471185,18.000000,0,355.257136
2.360000,19.170451,-0.094631,0.181673,0.045584,-0.000504,-0.023336,-0.758572,-1.475041,-5.482078,14.026806,7.126930,19.171545,0.542959,-0.282813,-2.017999,0.676325,1.808401,-0.292222,0.534831,0.391754,-1.605909,-0.457580,9.297744,0.471185,18.000000,0,355.066506
2.370000,19.170929,-0.091342,0.181569,0.045362,-0.000489,-0.023083,-0.732443,-1.475325,-5.495377,14.020294,7.108812,19.172006,0.542635,-0.272978,-2.017960,0.676244,1.808489,-0.287707,0.529022,0.391474,-1.605591,-0.431678,9.292752,0.471185,18.000000,0,354.875873
2.380000,19.171404,-0.088067,0.181465,0.045141,-0.000474,-0.022830,-0.706441,-1.475601,-5.508531,14.013782,7.090683,19.172465,0.542312,-0.263183,-2.017913,0.676164,1.808576,-0.283212,0.523235,0.391194,-1.605269,-0.405906,9.287760,0.471185,18.000000,0,354.685237
2.390000,19.171876,-0.084805,0.181362,0.044920,-0.000460,-0.022579,-0.680567,-1.475868,-5.521541,14.007271,7.072544,19.172921,0.541990,-0.253429,-2.017858,0.676085,1.808661,-0.278738,0.517471,0.390913,-1.604943,-0.380263,9.282768,0.471185,18.000000,0,354.494597
2.400000,19.172345,-0.081557,0.181259,0.044700,-0.000446,-0.022328,-0.654819,-1.476128,-5.534407,14.000759,7.054395,19.173375,0.541668,-0.243716,-2.017796,0.676006,1.808745,-0.274284,0.511728,0.390633,-1.604613,-0.354750,9.277776,0.471185,18.000000,0,354.303954
2.410000,19.172811,-0.078322,0.181156,0.044481,-0.000432,-0.022079,-0.629198,-1.476379,-5.547129,13.994248,7.036237,19.173826,0.541347,-0.234044,-2.017726,0.675928,1.808828,-0.269851,0.506009,0.390353,-1.604279,-0.329366,9.272783,0.471185,18.000000,0,354.113308
2.420000,19.173273,-0.075100,0.181053,0.044262,-0.000418,-0.021830,-0.603704,-1.476622,-5.559709,13.987736,7.018069,19.174275,0.541027,-0.224412,-2.017649,0.675851,1.808910,-0.265438,0.500311,0.390074,-1.603942,-0.304110,9.267791,0.471185,18.000000,0,353.922658
2.430000,19.173733,-0.071892,0.180950,0.044044,-0.000404,-0.021583,-0.578335,-1.476857,-5.572147,13.981226,6.999893,19.174722,0.540707,-0.214820,-2.017565,0.675774,1.808991,-0.261045,0.494636,0.389794,-1.603600,-0.278983,9.262799,0.471185,18.000000,0,353.732005
2.440000,19.174190,-0.068697,0.180848,0.043827,-0.000390,-0.021336,-0.553092,-1.477085,-5.584443,13.974715,6.981708,19.175166,0.540388,-0.205270,-2.017473,0.675698,1.809071,-0.256673,0.488983,0.389515,-1.603254,-0.253984,9.257806,0.471185,18.000000,0,353.541348
2.450000,19.174644,-0.065516,0.180746,0.043610,-0.000376,-0.021090,-0.527974,-1.477304,-5.596598,13.968205,6.963515,19.175608,0.540070,-0.195760,-2.017374,0.675622,1.809150,-0.252321,0.483353,0.389235,-1.602905,-0.229113,9.252813,0.471185,18.000000,0,353.350688
2.460000,19.175095,-0.062348,0.180644,0.043394,-0.000363,-0.020846,-0.502980,-1.477516,-5.608613,13.961695,6.945315,19.176047,0.539753,-0.186290,-2.017269,0.675547,1.809228,-0.247990,0.477745,0.388956,-1.602553,-0.204370,9.247821,0.471185,18.000000,0,353.160024
2.470000,19.175543,-0.059194,0.180542,0.043178,-0.000350,-0.020602,-0.478112,-1.477720,-5.620487,13.955185,6.927106,19.176484,0.539437,-0.176861,-2.017156,0.675473,1.809304,-0.243679,0.472159,0.388677,-1.602196,-0.179753,9.242828,0.471185,18.000000,0,352.969357
2.480000,19.175987,-0.056053,0.180441,0.042963,-0.000336,-0.020359,-0.453367,-1.477916,-5.632223,13.948676,6.908891,19.176918,0.539121,-0.167472,-2.017037,0.675399,1.809380,-0.239389,0.466595,0.388398,-1.601836,-0.155263,9.237835,0.471185,18.000000,0,352.778686
2.490000,19.176429,-0.052925,0.180339,0.042749,-0.000323,-0.020117,-0.428746,-1.478105,-5.643819,13.942167,6.890669,19.177350,0.538806,-0.158123,-2.016911,0.675325,1.809455,-0.235118,0.461054,0.388120,-1.601472,-0.130900,9.232842,0.471185,18.000000,0,352.588012
2.500000,19.176868,-0.049810,0.180238,0.042535,-0.000311,-0.019876,-0.404249,-1.478287,-5.655277,13.935658,6.872440,19.177779,0.538492,-0.148815,-2.016779,0.675252,1.809528,-0.230868,0.455535,0.387841,-1.601105,-0.106662,9.227849,0.471185,18.000000,0,352.397335
2.510000,19.177303,-0.046709,0.180138,0.042322,-0.000298,-0.019637,-0.379875,-1.478461,-5.666598,13.929150,6.854204,19.178206,0.538179,-0.139546,-2.016640,0.675180,1.809601,-0.226639,0.450038,0.387563,-1.600735,-0.082551,9.222856,0.471185,18.000000,0,352.206654
2.520000,19.177735,-0.043621,0.180037,0.042109,-0.000285,-0.019398,-0.355623,-1.478628,-5.677781,13.922643,6.835963,19.178630,0.537867,-0.130318,-2.016495,0.675108,1.809673,-0.222430,0.444564,0.387285,-1.600361,-0.058565,9.217863,0.471185,18.000000,0,352.015969
2.530000,19.178165,-0.040547,0.179937,0.041897,-0.000273,-0.019160,-0.331494,-1.478788,-5.688828,13.916136,6.817716,19.179052,0.537556,-0.121130,-2.016344,0.675037,1.809745,-0.218240,0.439111,0.387007,-1.599984,-0.034705,9.212869,0.471185,18.000000,0,351.825281
2.540000,19.178591,-0.037486,0.179837,0.041686,-0.000261,-0.018923,-0.307487,-1.478941,-5.699739,13.909629,6.799464,19.179471,0.537245,-0.111982,-2.016186,0.674966,1.809815,-0.214072,0.433681,0.386729,-1.599604,-0.010969,9.207876,0.471185,18.000000,0,351.634589
2.550000,19.179014,-0.034437,0.179738,0.041475,-0.000248,-0.018687,-0.283601,-1.479086,-5.710514,13.903123,6.781207,19.179887,0.536936,-0.102875,-2.016022,0.674896,1.809885,-0.209923,0.428272,0.386451,-1.599220,0.012643,9.202882,0.471185,18.000000,0,351.443894
2.560000,19.179434,-0.031403,0.179638,0.041265,-0.000236,-0.018452,-0.259838,-1.479225,-5.721154,13.896617,6.762945,19.180301,0.536627,-0.093807,-2.015852,0.674826,1.809953,-0.205795,0.422886,0.386174,-1.598833,0.036130,9.197889,0.471185,18.000000,0,351.253195
2.570000,19.179851,-0.028381,0.179539,0.041055,-0.000224,-0.018218,-0.236195,-1.479357,-5.731660,13.890112,6.744678,19.180712,0.536320,-0.084779,-2.015677,0.674757,1.810021,-0.201687,0.417522,0.385897,-1.598443,0.059493,9.192895,0.471185,18.000000,0,351.062493
2.580000,19.180264,-0.025373,0.179440,0.040846,-0.000213,-0.017985,-0.212673,-1.479482,-5.742032,13.883607,6.726407,19.181120,0.536013,-0.075790,-2.015495,0.674688,1.810089,-0.197599,0.412180,0.385620,-1.598050,0.082732,9.187901,0.471185,18.000000,0,350.871787
2.590000,19.180675,-0.022377,0.179342,0.040637,-0.000201,-0.017753,-0.189271,-1.479601,-5.752271,13.877104,6.708133,19.181526,0.535707,-0.066842,-2.015308,0.674620,1.810155,-0.193531,0.406860,0.385343,-1.597654,0.105849,9.182907,0.471185,18.000000,0,350.681078
2.600000,19.181082,-0.019395,0.179244,0.040429,-0.000190,-0.017521,-0.165990,-1.479713,-5.762377,13.870600,6.689854,19.181929,0.535403,-0.057933,-2.015115,0.674552,1.810221,-0.189483,0.401562,0.385066,-1.597254,0.128842,9.177913,0.471185,18.000000,0,350.490365
2.610000,19.181486,-0.016426,0.179146,0.040221,-0.000178,-0.017291,-0.142828,-1.479818,-5.772351,13.864097,6.671573,19.182330,0.535099,-0.049064,-2.014917,0.674485,1.810286,-0.185455,0.396286,0.384790,-1.596852,0.151713,9.172919,0.471185,18.000000,0,350.299649
2.620000,19.181887,-0.013470,0.179048,0.040014,-0.000167,-0.017062,-0.119786,-1.479917,-5.782193,13.857595,6.653288,19.182727,0.534797,-0.040234,-2.014713,0.674418,1.810351,-0.181447,0.391032,0.384513,-1.596447,0.174461,9.167925,0.471185,18.000000,0,350.108929
2.630000,19.182285,-0.010528,0.178951,0.039808,-0.000156,-0.016834,-0.096862,-1.480009,-5.791905,13.851094,6.635001,19.183122,0.534495,-0.031444,-2.014504,0.674352,1.810415,-0.177460,0.385800,0.384237,-1.596039,0.197088,9.162931,0.471185,18.000000,0,349.918205
2.640000,19.182679,-0.007598,0.178854,0.039602,-0.000145,-0.016606,-0.074058,-1.480095,-5.801485,13.844593,6.616711,19.183515,0.534194,-0.022693,-2.014290,0.674286,1.810478,-0.173492,0.380589,0.383961,-1.595628,0.219592,9.157936,0.471185,18.000000,0,349.727478
2.650000,19.183071,-0.004682,0.178757,0.039397,-0.000134,-0.016380,-0.051372,-1.480175,-5.810936,13.838093,6.598420,19.183904,0.533895,-0.013982,-2.014070,0.674221,1.810541,-0.169544,0.375401,0.383685,-1.595215,0.241976,9.152942,0.471185,18.000000,0,349.536747
2.660000,19.183459,-0.001778,0.178661,0.039192,-0.000123,-0.016155,-0.028804,-1.480249,-5.820257,13.831594,6.580126,19.184291,0.533596,-0.005310,-2.013845,0.674156,1.810603,-0.165617,0.370234,0.383410,-1.594799,0.264238,9.147947,0.471185,18.000000,0,349.346013
2.670000,19.183844,0.001112,0.178565,0.038988,-0.000113,-0.015930,-0.006354,-1.480316,-5.829449,13.825095,6.561831,19.184675,0.533299,0.003322,-2.013615,0.674092,1.810665,-0.161709,0.365089,0.383135,-1.594379,0.286380,9.142953,0.471185,18.000000,0,349.155275
2.680000,19.184226,0.003990,0.178469,0.038785,-0.000102,-0.015706,0.015978,-1.480378,-5.838513,13.818597,6.543534,19.185056,0.533003,0.011916,-2.013381,0.674028,1.810727,-0.157821,0.359966,0.382859,-1.593958,0.308401,9.137958,0.471185,18.000000,0,348.964533
2.690000,19.184604,0.006854,0.178374,0.038582,-0.000092,-0.015484,0.038193,-1.480433,-5.847450,13.812100,6.525237,19.185435,0.532708,0.020470,-2.013141,0.673964,1.810787,-0.153953,0.354865,0.382585,-1.593533,0.330302,9.132963,0.471185,18.000000,0,348.773788
2.700000,19.184980,0.009706,0.178279,0.038379,-0.000082,-0.015262,0.060292,-1.480483,-5.856258,13.805604,6.506938,19.185810,0.532414,0.028985,-2.012897,0.673901,1.810848,-0.150104,0.349785,0.382310,-1.593106,0.352083,9.127968,0.471185,18.000000,0,348.583039
2.710000,19.185352,0.012544,0.178184,0.038177,-0.000072,-0.015042,0.082273,-1.480527,-5.864941,13.799108,6.488640,19.186183,0.532121,0.037462,-2.012648,0.673839,1.810908,-0.146276,0.344727,0.382035,-1.592677,0.373745,9.122973,0.471185,18.000000,0,348.392287
2.720000,19.185721,0.015370,0.178090,0.037976,-0.000062,-0.014822,0.104139,-1.480565,-5.873497,13.792613,6.470341,19.186553,0.531829,0.045899,-2.012394,0.673776,1.810967,-0.142467,0.339691,0.381761,-1.592245,0.395288,9.117978,0.471185,18.000000,0,348.201531
2.730000,19.186086,0.018183,0.177996,0.037775,-0.000052,-0.014603,0.125889,-1.480598,-5.881927,13.786119,6.452042,19.186920,0.531539,0.054298,-2.012136,0.673715,1.811026,-0.138678,0.334676,0.381487,-1.591810,0.416712,9.112983,0.471185,18.000000,0,348.010772
2.740000,19.186448,0.020983,0.177903,0.037575,-0.000042,-0.014385,0.147523,-1.480624,-5.890232,13.779626,6.433743,19.187285,0.531249,0.062657,-2.011874,0.673653,1.811085,-0.134909,0.329683,0.381213,-1.591373,0.438018,9.107987,0.471185,18.000000,0,347.820009
2.750000,19.186808,0.023770,0.177810,0.037375,-0.000032,-0.014168,0.169041,-1.480646,-5.898413,13.773133,6.415446,19.187646,0.530961,0.070978,-2.011607,0.673593,1.811143,-0.131159,0.324712,0.380939,-1.590934,0.459205,9.102992,0.471185,18.000000,0,347.629242
2.760000,19.187163,0.026544,0.177717,0.037176,-0.000023,-0.013952,0.190445,-1.480661,-5.906470,13.766642,6.397149,19.188005,0.530674,0.079261,-2.011335,0.673532,1.811202,-0.127429,0.319762,0.380666,-1.590492,0.480274,9.097997,0.471185,18.000000,0,347.438472
2.770000,19.187516,0.029305,0.177624,0.036977,-0.000014,-0.013737,0.211734,-1.480672,-5.914403,13.760151,6.378853,19.188360,0.530388,0.087504,-2.011060,0.673472,1.811259,-0.123718,0.314834,0.380393,-1.590048,0.501226,9.093001,0.471185,18.000000,0,347.247698
2.780000,19.187865,0.032054,0.177532,0.036779,-0.000004,-0.013523,0.232909,-1.480677,-5.922213,13.753662,6.360559,19.188713,0.530104,0.095710,-2.010780,0.673413,1.811317,-0.120027,0.309927,0.380120,-1.589602,0.522061,9.088005,0.471185,18.000000,0,347.056920
2.790000,19.188211,0.034790,0.177441,0.036581,0.000005,-0.013310,0.253970,-1.480677,-5.929901,13.747173,6.342266,19.189063,0.529820,0.103877,-2.010497,0.673353,1.811374,-0.116355,0.305041,0.379847,-1.589153,0.542779,9.083010,0.471185,18.000000,0,346.866139
2.800000,19.188554,0.037513,0.177349,0.036384,0.000014,-0.013098,0.274916,-1.480671,-5.937467,13.740685,6.323975,19.189410,0.529538,0.112005,-2.010209,0.673295,1.811431,-0.112703,0.300177,0.379574,-1.588703,0.563380,9.078014,0.471185,18.000000,0,346.675354
2.810000,19.188893,0.040223,0.177258,0.036188,0.000023,-0.012886,0.295750,-1.480660,-5.944911,13.734198,6.305687,19.189754,0.529257,0.120095,-2.009918,0.673236,1.811488,-0.109070,0.295334,0.379302,-1.588250,0.583865,9.073018,0.471185,18.000000,0,346.484566
2.820000,19.189230,0.042920,0.177168,0.035992,0.000032,-0.012676,0.316470,-1.480645,-5.952235,13.727712,6.287401,19.190095,0.528978,0.128147,-2.009623,0.673178,1.811545,-0.105457,0.290512,0.379030,-1.587795,0.604234,9.068022,0.471185,18.000000,0,346.293774
2.830000,19.189562,0.045605,0.177078,0.035796,0.000040,-0.012467,0.337078,-1.480624,-5.959439,13.721226,6.269118,19.190434,0.528700,0.136161,-2.009324,0.673121,1.811601,-0.101863,0.285712,0.378758,-1.587337,0.624487,9.063025,0.471185,18.000000,0,346.102979
2.840000,19.189892,0.048278,0.176988,0.035601,0.000049,-0.012258,0.357573,-1.480598,-5.966522,13.714742,6.250838,19.190769,0.528423,0.144137,-2.009021,0.673063,1.811657,-0.098288,0.280933,0.378486,-1.586878,0.644625,9.058029,0.471185,18.000000,0,345.912179
2.850000,19.190218,0.050937,0.176899,0.035407,0.000058,-0.012050,0.377956,-1.480568,-5.973487,13.708259,6.232561,19.191101,0.528147,0.152075,-2.008715,0.673007,1.811714,-0.094733,0.276176,0.378215,-1.586417,0.664648,9.053033,0.471185,18.000000,0,345.721377
2.860000,19.190541,0.053584,0.176810,0.035213,0.000066,-0.011844,0.398227,-1.480532,-5.980333,13.701777,6.214287,19.191430,0.527873,0.159975,-2.008405,0.672950,1.811770,-0.091197,0.271439,0.377943,-1.585953,0.684556,9.048036,0.471185,18.000000,0,345.530570
2.870000,19.190861,0.056218,0.176721,0.035020,0.000074,-0.011638,0.418386,-1.480492,-5.987060,13.695295,6.196018,19.191757,0.527600,0.167837,-2.008092,0.672894,1.811826,-0.087680,0.266724,0.377672,-1.585488,0.704350,9.043040,0.471185,18.000000,0,345.339760
2.880000,19.191177,0.058840,0.176633,0.034827,0.000082,-0.011433,0.438434,-1.480447,-5.993671,13.688815,6.177752,19.192080,0.527328,0.175661,-2.007775,0.672838,1.811882,-0.084182,0.262029,0.377402,-1.585021,0.724030,9.038043,0.471185,18.000000,0,345.148947
2.890000,19.191490,0.061450,0.176545,0.034634,0.000090,-0.011229,0.458372,-1.480398,-6.000164,13.682336,6.159491,19.192400,0.527057,0.183448,-2.007455,0.672783,1.811937,-0.080703,0.257356,0.377131,-1.584552,0.743596,9.033047,0.471185,18.000000,0,344.958130
2.900000,19.191799,0.064046,0.176458,0.034443,0.000098,-0.011026,0.478198,-1.480343,-6.006540,13.675858,6.141234,19.192717,0.526788,0.191197,-2.007132,0.672728,1.811993,-0.077243,0.252704,0.376861,-1.584081,0.763049,9.028050,0.471185,18.000000,0,344.767309
2.910000,19.192106,0.066631,0.176371,0.034252,0.000106,-0.010824,0.497914,-1.480285,-6.012800,13.669380,6.122982,19.193032,0.526521,0.198909,-2.006806,0.672674,1.812049,-0.073803,0.248073,0.376591,-1.583608,0.782388,9.023053,0.471185,18.000000,0,344.576485
2.920000,19.192409,0.069202,0.176285,0.034061,0.000114,-0.010623,0.517520,-1.480222,-6.018945,13.662904,6.104735,19.193343,0.526255,0.206583,-2.006476,0.672619,1.812105,-0.070381,0.243463,0.376321,-1.583133,0.801615,9.018056,0.471185,18.000000,0,344.385657
2.930000,19.192708,0.071762,0.176199,0.033871,0.000122,-0.010423,0.537017,-1.480154,-6.024975,13.656429,6.086493,19.193651,0.525990,0.214220,-2.006144,0.672566,1.812161,-0.066978,0.238874,0.376052,-1.582656,0.820729,9.013059,0.471185,18.000000,0,344.194826
2.940000,19.193004,0.074309,0.176113,0.033681,0.000129,-0.010223,0.556404,-1.480082,-6.030890,13.649955,6.068257,19.193956,0.525726,0.221819,-2.005808,0.672512,1.812217,-0.063594,0.234305,0.375782,-1.582178,0.839731,9.008062,0.471185,18.000000,0,344.003991
2.950000,19.193297,0.076843,0.176028,0.033492,0.000137,-0.010025,0.575682,-1.480006,-6.036692,13.643482,6.050027,19.194258,0.525464,0.229381,-2.005470,0.672459,1.812273,-0.060229,0.229758,0.375513,-1.581698,0.858621,9.003064,0.471185,18.000000,0,343.813152
2.960000,19.193587,0.079365,0.175944,0.033303,0.000144,-0.009828,0.594851,-1.479925,-6.042380,13.637010,6.031802,19.194557,0.525203,0.236906,-2.005129,0.672406,1.812329,-0.056883,0.225231,0.375244,-1.581217,0.877400,8.998067,0.471185,18.000000,0,343.622310
2.970000,19.193873,0.081875,0.175859,0.033115,0.000151,-0.009631,0.613911,-1.479841,-6.047955,13.630539,6.013584,19.194853,0.524944,0.244395,-2.004785,0.672354,1.812385,-0.053556,0.220725,0.374976,-1.580733,0.896067,8.993069,0.471185,18.000000,0,343.431465
2.980000,19.194156,0.084373,0.175776,0.032928,0.000158,-0.009435,0.632863,-1.479752,-6.053418,13.624070,5.995372,19.195146,0.524687,0.251846,-2.004438,0.672301,1.812441,-0.050247,0.216240,0.374708,-1.580248,0.914624,8.988072,0.471185,18.000000,0,343.240615
2.990000,19.194435,0.086858,0.175692,0.032741,0.000165,-0.009240,0.651708,-1.479659,-6.058769,13.617601,5.977167,19.195436,0.524430,0.259260,-2.004089,0.672250,1.812497,-0.046957,0.211776,0.374439,-1.579762,0.933070,8.983074,0.471185,18.000000,0,343.049763
3.000000,19.194711,0.089331,0.175609,0.032554,0.000172,-0.009047,0.670444,-1.479562,-6.064008,13.611133,5.958969,19.195722,0.524175,0.266637,-2.003738,0.672198,1.812554,-0.043686,0.207332,0.374172,-1.579274,0.951405,8.978076,0.471185,18.000000,0,342.858906
3.010000,19.194984,0.091791,0.175527,0.032368,0.000179,-0.008854,0.689074,-1.479461,-6.069137,13.604667,5.940778,19.196006,0.523922,0.273978,-2.003383,0.672147,1.812611,-0.040433,0.202909,0.373904,-1.578784,0.969631,8.973079,0.471185,18.000000,0,342.668047
3.020000,19.195253,0.094240,0.175445,0.032183,0.000186,-0.008661,0.707596,-1.479357,-6.074155,13.598202,5.922594,19.196286,0.523670,0.281282,-2.003027,0.672096,1.812668,-0.037198,0.198506,0.373637,-1.578293,0.987747,8.968081,0.471185,18.000000,0,342.477183
3.030000,19.195519,0.096676,0.175364,0.031998,0.000193,-0.008470,0.726012,-1.479248,-6.079063,13.591738,5.904418,19.196564,0.523420,0.288550,-2.002668,0.672046,1.812725,-0.033983,0.194124,0.373370,-1.577800,1.005754,8.963083,0.471185,18.000000,0,342.286316
3.040000,19.195782,0.099100,0.175283,0.031813,0.000199,-0.008280,0.744321,-1.479136,-6.083863,13.585275,5.886250,19.196838,0.523171,0.295781,-2.002306,0.671995,1.812782,-0.030785,0.189763,0.373103,-1.577306,1.023651,8.958085,0.471185,18.000000,0,342.095446
3.050000,19.196041,0.101512,0.175202,0.031630,0.000206,-0.008091,0.762524,-1.479019,-6.088553,13.578813,5.868090,19.197109,0.522923,0.302975,-2.001943,0.671946,1.812840,-0.027606,0.185421,0.372836,-1.576810,1.041440,8.953086,0.471185,18.000000,0,341.904572
3.060000,19.196297,0.103912,0.175122,0.031446,0.000212,-0.007902,0.780622,-1.478900,-6.093135,13.572352,5.849938,19.197377,0.522677,0.310134,-2.001577,0.671896,1.812898,-0.024446,0.181101,0.372570,-1.576313,1.059121,8.948088,0.471185,18.000000,0,341.713695
3.070000,19.196549,0.106300,0.175042,0.031263,0.000219,-0.007714,0.798614,-1.478776,-6.097610,13.565893,5.831795,19.197641,0.522433,0.317256,-2.001209,0.671847,1.812956,-0.021304,0.176801,0.372304,-1.575815,1.076693,8.943090,0.471185,18.000000,0,341.522814
3.080000,19.196798,0.108675,0.174963,0.031081,0.000225,-0.007528,0.816500,-1.478649,-6.101977,13.559434,5.813660,19.197903,0.522190,0.324342,-2.000839,0.671798,1.813014,-0.018180,0.172521,0.372038,-1.575315,1.094158,8.938091,0.471185,18.000000,0,341.331930
3.090000,19.197044,0.111039,0.174885,0.030899,0.000231,-0.007342,0.834282,-1.478518,-6.106237,13.552977,5.795535,19.198161,0.521949,0.331391,-2.000467,0.671749,1.813073,-0.015074,0.168261,0.371773,-1.574814,1.111515,8.933093,0.471185,18.000000,0,341.141042
3.100000,19.197286,0.113391,0.174806,0.030718,0.000237,-0.007157,0.851959,-1.478384,-6.110391,13.546521,5.777418,19.198417,0.521709,0.338405,-2.000093,0.671701,1.813132,-0.011986,0.164022,0.371508,-1.574312,1.128765,8.928094,0.471185,18.000000,0,340.950150
3.110000,19.197525,0.115730,0.174729,0.030537,0.000243,-0.006973,0.869532,-1.478246,-6.114440,13.540066,5.759312,19.198669,0.521471,0.345383,-1.999717,0.671653,1.813192,-0.008917,0.159803,0.371243,-1.573808,1.145909,8.923095,0.471185,18.000000,0,340.759256
3.120000,19.197760,0.118058,0.174652,0.030357,0.000249,-0.006790,0.887001,-1.478105,-6.118383,13.533613,5.741214,19.198917,0.521234,0.352326,-1.999339,0.671605,1.813252,-0.005866,0.155604,0.370978,-1.573303,1.162946,8.918096,0.471185,18.000000,0,340.568357
3.130000,19.197992,0.120374,0.174575,0.030177,0.000255,-0.006607,0.904366,-1.477961,-6.122221,13.527161,5.723127,19.199163,0.520999,0.359232,-1.998960,0.671557,1.813312,-0.002833,0.151425,0.370714,-1.572797,1.179876,8.913097,0.471185,18.000000,0,340.377456
3.140000,19.198221,0.122678,0.174499,0.029998,0.000261,-0.006426,0.921628,-1.477813,-6.125955,13.520709,5.705050,19.199406,0.520766,0.366103,-1.998579,0.671510,1.813373,0.000183,0.147266,0.370450,-1.572290,1.196701,8.908098,0.471185,18.000000,0,340.186551
3.150000,19.198446,0.124970,0.174423,0.029819,0.000266,-0.006245,0.938786,-1.477662,-6.129586,13.514259,5.686983,19.199645,0.520534,0.372938,-1.998196,0.671463,1.813434,0.003180,0.143128,0.370186,-1.571782,1.213420,8.903099,0.471185,18.000000,0,339.995642
3.160000,19.198668,0.127250,0.174348,0.029641,0.000272,-0.006065,0.955842,-1.477508,-6.133113,13.507811,5.668926,19.199881,0.520304,0.379738,-1.997812,0.671416,1.813495,0.006159,0.139009,0.369922,-1.571272,1.230034,8.898100,0.471185,18.000000,0,339.804730
3.170000,19.198886,0.129518,0.174273,0.029463,0.000277,-0.005887,0.972795,-1.477351,-6.136538,13.501363,5.650880,19.200114,0.520075,0.386502,-1.997426,0.671370,1.813557,0.009121,0.134911,0.369659,-1.570761,1.246543,8.893101,0.471185,18.000000,0,339.613815
3.180000,19.199101,0.131774,0.174199,0.029286,0.000283,-0.005709,0.989646,-1.477190,-6.139860,13.494917,5.632846,19.200343,0.519848,0.393231,-1.997038,0.671324,1.813620,0.012065,0.130832,0.369396,-1.570249,1.262948,8.888101,0.471185,18.000000,0,339.422896
3.190000,19.199312,0.134019,0.174126,0.029110,0.000288,-0.005532,1.006395,-1.477027,-6.143081,13.488472,5.614822,19.200570,0.519622,0.399925,-1.996649,0.671278,1.813683,0.014991,0.126773,0.369133,-1.569736,1.279248,8.883102,0.471185,18.000000,0,339.231974
3.200000,19.199520,0.136252,0.174053,0.028933,0.000293,-0.005355,1.023043,-1.476860,-6.146200,13.482028,5.596809,19.200793,0.519399,0.406584,-1.996259,0.671232,1.813746,0.017899,0.122734,0.368871,-1.569222,1.295444,8.878102,0.471185,18.000000,0,339.041049
3.210000,19.199725,0.138473,0.173980,0.028758,0.000298,-0.005180,1.039589,-1.476691,-6.149219,13.475586,5.578809,19.201013,0.519177,0.413207,-1.995867,0.671187,1.813810,0.020790,0.118715,0.368608,-1.568707,1.311537,8.873103,0.471185,18.000000,0,338.850120
3.220000,19.199926,0.140683,0.173908,0.028583,0.000303,-0.005005,1.056034,-1.476518,-6.152137,13.469144,5.560820,19.201229,0.518956,0.419796,-1.995475,0.671142,1.813875,0.023663,0.114716,0.368347,-1.568191,1.327526,8.868103,0.471185,18.000000,0,338.659187
3.230000,19.200124,0.142881,0.173836,0.028408,0.000308,-0.004832,1.072378,-1.476343,-6.154956,13.462704,5.542842,19.201443,0.518737,0.426350,-1.995080,0.671097,1.813940,0.026518,0.110736,0.368085,-1.567674,1.343412,8.863103,0.471185,18.000000,0,338.468252
3.240000,19.200318,0.145067,0.173765,0.028234,0.000313,-0.004659,1.088622,-1.476165,-6.157675,13.456266,5.524877,19.201653,0.518520,0.432869,-1.994685,0.671053,1.814006,0.029356,0.106776,0.367824,-1.567156,1.359195,8.858103,0.471185,18.000000,0,338.277313
3.250000,19.200509,0.147241,0.173695,0.028060,0.000318,-0.004487,1.104766,-1.475984,-6.160296,13.449828,5.506925,19.201860,0.518305,0.439353,-1.994289,0.671008,1.814072,0.032176,0.102836,0.367563,-1.566637,1.374876,8.853103,0.471185,18.000000,0,338.086371
3.260000,19.200697,0.149405,0.173625,0.027887,0.000323,-0.004316,1.120810,-1.475800,-6.162818,13.443392,5.488985,19.202063,0.518091,0.445803,-1.993891,0.670964,1.814139,0.034979,0.098915,0.367302,-1.566117,1.390455,8.848103,0.471185,18.000000,0,337.895425
3.270000,19.200881,0.151556,0.173556,0.027715,0.000328,-0.004146,1.136755,-1.475614,-6.165243,13.436957,5.471057,19.202263,0.517879,0.452218,-1.993493,0.670920,1.814206,0.037765,0.095014,0.367041,-1.565596,1.405932,8.843103,0.471185,18.000000,0,337.704476
3.280000,19.201062,0.153696,0.173487,0.027543,0.000332,-0.003976,1.152600,-1.475425,-6.167570,13.430523,5.453143,19.202460,0.517668,0.458599,-1.993093,0.670877,1.814274,0.040533,0.091132,0.366781,-1.565075,1.421307,8.838103,0.471185,18.000000,0,337.513524
3.290000,19.201239,0.155824,0.173418,0.027371,0.000337,-0.003808,1.168346,-1.475233,-6.169801,13.424091,5.435242,19.202654,0.517460,0.464945,-1.992693,0.670834,1.814343,0.043284,0.087270,0.366521,-1.564552,1.436582,8.833102,0.471185,18.000000,0,337.322569
3.300000,19.201413,0.157941,0.173351,0.027200,0.000341,-0.003640,1.183994,-1.475039,-6.171935,13.417659,5.417354,19.202845,0.517253,0.471257,-1.992291,0.670790,1.814412,0.046018,0.083427,0.366262,-1.564029,1.451755,8.828102,0.471185,18.000000,0,337.131610
3.310000,19.201583,0.160047,0.173283,0.027030,0.000346,-0.003473,1.199543,-1.474842,-6.173973,13.411230,5.399480,19.203032,0.517047,0.477535,-1.991889,0.670748,1.814483,0.048734,0.079604,0.366002,-1.563504,1.466828,8.823101,0.471185,18.000000,0,336.940648
3.320000,19.201750,0.162141,0.173217,0.026860,0.000350,-0.003307,1.214994,-1.474642,-6.175916,13.404801,5.381619,19.203216,0.516844,0.483779,-1.991486,0.670705,1.814553,0.051434,0.075800,0.365743,-1.562979,1.481801,8.818101,0.471185,18.000000,0,336.749683
3.330000,19.201913,0.164224,0.173150,0.026690,0.000354,-0.003142,1.230348,-1.474440,-6.177765,13.398374,5.363773,19.203396,0.516642,0.489989,-1.991082,0.670663,1.814625,0.054116,0.072015,0.365485,-1.562453,1.496674,8.813100,0.471185,18.000000,0,336.558715
3.340000,19.202073,0.166295,0.173085,0.026521,0.000359,-0.002978,1.245604,-1.474236,-6.179518,13.391948,5.345940,19.203573,0.516442,0.496165,-1.990678,0.670620,1.814697,0.056781,0.068249,0.365226,-1.561927,1.511447,8.808099,0.471185,18.000000,0,336.367743
3.350000,19.202230,0.168355,0.173020,0.026353,0.000363,-0.002814,1.260763,-1.474029,-6.181178,13.385523,5.328122,19.203747,0.516244,0.502307,-1.990273,0.670578,1.814770,0.059430,0.064503,0.364968,-1.561399,1.526121,8.803098,0.471185,18.000000,0,336.176769
3.360000,19.202383,0.170404,0.172955,0.026185,0.000367,-0.002652,1.275825,-1.473820,-6.182745,13.379100,5.310318,19.203918,0.516047,0.508415,-1.989867,0.670537,1.814844,0.062061,0.060776,0.364710,-1.560871,1.540696,8.798098,0.471185,18.000000,0,335.985791
3.370000,19.202533,0.172441,0.172891,0.026018,0.000371,-0.002490,1.290790,-1.473609,-6.184218,13.372677,5.292529,19.204085,0.515852,0.514490,-1.989461,0.670495,1.814918,0.064675,0.057068,0.364453,-1.560342,1.555172,8.793097,0.471185,18.000000,0,335.794810
3.380000,19.202679,0.174468,0.172828,0.025851,0.000375,-0.002329,1.305659,-1.473395,-6.185599,13.366257,5.274755,19.204249,0.515659,0.520531,-1.989054,0.670454,1.814993,0.067273,0.053379,0.364195,-1.559813,1.569550,8.788095,0.471185,18.000000,0,335.603826
3.390000,19.202822,0.176483,0.172765,0.025684,0.000379,-0.002169,1.320432,-1.473179,-6.186888,13.359837,5.256996,19.204410,0.515468,0.526538,-1.988647,0.670413,1.815069,0.069854,0.049708,0.363938,-1.559283,1.583830,8.783094,0.471185,18.000000,0,335.412838
3.400000,19.202961,0.178486,0.172703,0.025518,0.000383,-0.002010,1.335109,-1.472961,-6.188086,13.353419,5.239252,19.204567,0.515279,0.532512,-1.988240,0.670372,1.815146,0.072418,0.046057,0.363682,-1.558752,1.598013,8.778093,0.471185,18.000000,0,335.221848
3.410000,19.203097,0.180479,0.172641,0.025353,0.000386,-0.001851,1.349691,-1.472741,-6.189192,13.347002,5.221523,19.204721,0.515091,0.538453,-1.987832,0.670331,1.815224,0.074965,0.042425,0.363425,-1.558220,1.612097,8.773092,0.471185,18.000000,0,335.030854
3.420000,19.203229,0.182461,0.172580,0.025188,0.000390,-0.001693,1.364178,-1.472518,-6.190208,13.340586,5.203810,19.204872,0.514905,0.544361,-1.987423,0.670291,1.815302,0.077496,0.038812,0.363169,-1.557688,1.626085,8.768090,0.471185,18.000000,0,334.839857
3.430000,19.203358,0.184431,0.172519,0.025024,0.000394,-0.001537,1.378570,-1.472294,-6.191134,13.334172,5.186113,19.205019,0.514721,0.550235,-1.987015,0.670251,1.815382,0.080010,0.035218,0.362914,-1.557156,1.639976,8.763089,0.471185,18.000000,0,334.648858
3.440000,19.203484,0.186390,0.172459,0.024860,0.000397,-0.001381,1.392868,-1.472067,-6.191970,13.327759,5.168432,19.205163,0.514539,0.556077,-1.986606,0.670211,1.815462,0.082508,0.031642,0.362658,-1.556622,1.653770,8.758087,0.471185,18.000000,0,334.457855
3.450000,19.203606,0.188339,0.172400,0.024697,0.000401,-0.001225,1.407071,-1.471839,-6.192717,13.321347,5.150767,19.205304,0.514358,0.561886,-1.986197,0.670171,1.815543,0.084989,0.028085,0.362403,-1.556088,1.667469,8.753085,0.471185,18.000000,0,334.266849
3.460000,19.203725,0.190276,0.172341,0.024534,0.000404,-0.001071,1.421180,-1.471608,-6.193376,13.314937,5.133118,19.205441,0.514179,0.567661,-1.985787,0.670131,1.815625,0.087454,0.024547,0.362148,-1.555554,1.681071,8.748084,0.471185,18.000000,0,334.075840
3.470000,19.203840,0.192202,0.172283,0.024371,0.000407,-0.000918,1.435196,-1.471375,-6.193946,13.308527,5.115486,19.205575,0.514003,0.573404,-1.985378,0.670092,1.815708,0.089902,0.021028,0.361894,-1.555019,1.694578,8.743082,0.471185,18.000000,0,333.884828
3.480000,19.203952,0.194117,0.172225,0.024210,0.000411,-0.000765,1.449118,-1.471141,-6.194428,13.302120,5.097870,19.205705,0.513828,0.579114,-1.984968,0.670052,1.815792,0.092334,0.017527,0.361640,-1.554483,1.707989,8.738080,0.471185,18.000000,0,333.693814
3.490000,19.204060,0.196022,0.172168,0.024048,0.000414,-0.000613,1.462948,-1.470904,-6.194823,13.295713,5.080271,19.205832,0.513654,0.584792,-1.984559,0.670013,1.815876,0.094749,0.014045,0.361386,-1.553947,1.721306,8.733078,0.471185,18.000000,0,333.502796
3.500000,19.204165,0.197915,0.172112,0.023888,0.000417,-0.000462,1.476684,-1.470666,-6.195132,13.289308,5.062689,19.205956,0.513483,0.590437,-1.984149,0.669974,1.815962,0.097149,0.010581,0.361132,-1.553411,1.734528,8.728076,0.471185,18.000000,0,333.311775
3.510000,19.204266,0.199798,0.172056,0.023727,0.000420,-0.000311,1.490328,-1.470426,-6.195354,13.282904,5.045124,19.206076,0.513314,0.596050,-1.983740,0.669936,1.816048,0.099532,0.007136,0.360879,-1.552874,1.747656,8.723074,0.471185,18.000000,0,333.120751
3.520000,19.204364,0.201670,0.172001,0.023567,0.000424,-0.000162,1.503880,-1.470184,-6.195489,13.276501,5.027577,19.206193,0.513146,0.601630,-1.983330,0.669897,1.816136,0.101899,0.003709,0.360626,-1.552336,1.760690,8.718072,0.471185,18.000000,0,332.929725
3.530000,19.204459,0.203530,0.171946,0.023408,0.000427,-0.000013,1.517340,-1.469941,-6.195540,13.270100,5.010047,19.206307,0.512980,0.607178,-1.982921,0.669859,1.816225,0.104250,0.000300,0.360373,-1.551798,1.773630,8.713069,0.471185,18.000000,0,332.738695
3.540000,19.204550,0.205381,0.171892,0.023249,0.000430,0.000135,1.530708,-1.469695,-6.195506,13.263700,4.992535,19.206417,0.512816,0.612694,-1.982511,0.669821,1.816314,0.106585,-0.003090,0.360121,-1.551260,1.786476,8.708067,0.471185,18.000000,0,332.547663
3.550000,19.204638,0.207220,0.171838,0.023091,0.000433,0.000282,1.543985,-1.469448,-6.195387,13.257302,4.975040,19.206524,0.512654,0.618178,-1.982102,0.669783,1.816405,0.108904,-0.006462,0.359869,-1.550721,1.799230,8.703065,0.471185,18.000000,0,332.356627
3.560000,19.204722,0.209048,0.171785,0.022933,0.000435,0.000428,1.557171,-1.469200,-6.195184,13.250904,4.957564,19.206628,0.512494,0.623630,-1.981693,0.669745,1.816496,0.111206,-0.009815,0.359617,-1.550182,1.811891,8.698062,0.471185,18.000000,0,332.165589
3.570000,19.204803,0.210866,0.171733,0.022776,0.000438,0.000574,1.570267,-1.468949,-6.194897,13.244508,4.940105,19.206728,0.512336,0.629050,-1.981285,0.669707,1.816589,0.113493,-0.013151,0.359366,-1.549642,1.824459,8.693059,0.471185,18.000000,0,331.974548
3.580000,19.204880,0.212674,0.171681,0.022619,0.000441,0.000719,1.583272,-1.468697,-6.194527,13.238113,4.922665,19.206825,0.512179,0.634438,-1.980876,0.669670,1.816682,0.115765,-0.016468,0.359115,-1.549102,1.836935,8.688057,0.471185,18.000000,0,331.783504
3.590000,19.204954,0.214470,0.171630,0.022463,0.000444,0.000862,1.596187,-1.468444,-6.194075,13.231720,4.905244,19.206918,0.512025,0.639795,-1.980468,0.669632,1.816777,0.118020,-0.019767,0.358864,-1.548562,1.849320,8.683054,0.471185,18.000000,0,331.592458
3.600000,19.205024,0.216256,0.171579,0.022307,0.000446,0.001006,1.609012,-1.468189,-6.193540,13.225328,4.887841,19.207008,0.511872,0.645120,-1.980060,0.669595,1.816873,0.120260,-0.023048,0.358614,-1.548021,1.861613,8.678051,0.471185,18.000000,0,331.401408
3.610000,19.205091,0.218031,0.171529,0.022152,0.000449,0.001148,1.621747,-1.467932,-6.192923,13.218937,4.870457,19.207095,0.511721,0.650413,-1.979653,0.669558,1.816970,0.122483,-0.026311,0.358364,-1.547480,1.873814,8.673048,0.471185,18.000000,0,331.210356
3.620000,19.205154,0.219796,0.171480,0.021997,0.000452,0.001290,1.634393,-1.467674,-6.192225,13.212547,4.853091,19.207178,0.511572,0.655675,-1.979246,0.669521,1.817067,0.124692,-0.029556,0.358114,-1.546939,1.885925,8.668045,0.471185,18.000000,0,331.019301
3.630000,19.205215,0.221551,0.171431,0.021843,0.000454,0.001430,1.646950,-1.467414,-6.191446,13.206159,4.835745,19.207257,0.511425,0.660906,-1.978840,0.669485,1.817166,0.126884,-0.032783,0.357865,-1.546397,1.897945,8.663042,0.471185,18.000000,0,330.828244
3.640000,19.205271,0.223294,0.171383,0.021689,0.000457,0.001570,1.659419,-1.467153,-6.190587,13.199772,4.818418,19.207334,0.511280,0.666105,-1.978434,0.669448,1.817267,0.129061,-0.035992,0.357615,-1.545855,1.909875,8.658039,0.471185,18.000000,0,330.637183
3.650000,19.205324,0.225028,0.171336,0.021536,0.000459,0.001710,1.671799,-1.466891,-6.189648,13.193387,4.801111,19.207407,0.511137,0.671274,-1.978028,0.669412,1.817368,0.131223,-0.039184,0.357367,-1.545313,1.921715,8.653036,0.471185,18.000000,0,330.446121
3.660000,19.205374,0.226750,0.171289,0.021383,0.000461,0.001848,1.684091,-1.466627,-6.188629,13.187002,4.783823,19.207476,0.510996,0.676411,-1.977623,0.669376,1.817470,0.133369,-0.042357,0.357118,-1.544770,1.933465,8.648033,0.471185,18.000000,0,330.255055
3.670000,19.205420,0.228463,0.171243,0.021231,0.000464,0.001986,1.696295,-1.466362,-6.187531,13.180619,4.766554,19.207542,0.510857,0.681517,-1.977219,0.669340,1.817574,0.135500,-0.045513,0.356870,-1.544227,1.945126,8.643030,0.471185,18.000000,0,330.063987
3.680000,19.205463,0.230165,0.171197,0.021079,0.000466,0.002123,1.708412,-1.466096,-6.186354,13.174237,4.749306,19.207605,0.510719,0.686592,-1.976815,0.669304,1.817678,0.137615,-0.048651,0.356622,-1.543684,1.956698,8.638026,0.471185,18.000000,0,329.872916
3.690000,19.205502,0.231857,0.171152,0.020928,0.000468,0.002259,1.720441,-1.465828,-6.185099,13.167857,4.732078,19.207664,0.510584,0.691636,-1.976412,0.669268,1.817784,0.139715,-0.051772,0.356375,-1.543141,1.968181,8.633023,0.471185,18.000000,0,329.681842
3.700000,19.205538,0.233538,0.171107,0.020777,0.000470,0.002394,1.732384,-1.465559,-6.183766,13.161478,4.714869,19.207720,0.510450,0.696650,-1.976009,0.669233,1.817891,0.141800,-0.054875,0.356128,-1.542597,1.979575,8.628019,0.471185,18.000000,0,329.490766
3.710000,19.205571,0.235209,0.171064,0.020627,0.000473,0.002529,1.744239,-1.465289,-6.182356,13.155100,4.697681,19.207773,0.510319,0.701633,-1.975607,0.669197,1.817999,0.143870,-0.057960,0.355881,-1.542053,1.990882,8.623016,0.471185,18.000000,0,329.299688
3.720000,19.205600,0.236870,0.171020,0.020477,0.000475,0.002663,1.756009,-1.465017,-6.180869,13.148723,4.680514,19.207822,0.510189,0.706586,-1.975206,0.669162,1.818109,0.145924,-0.061028,0.355634,-1.541509,2.002100,8.618012,0.471185,18.000000,0,329.108607
3.730000,19.205626,0.238520,0.170978,0.020328,0.000477,0.002796,1.767692,-1.464745,-6.179306,13.142348,4.663367,19.207868,0.510061,0.711508,-1.974806,0.669127,1.818219,0.147964,-0.064078,0.355388,-1.540965,2.013231,8.613008,0.471185,18.000000,0,328.917523
3.740000,19.205648,0.240160,0.170936,0.020179,0.000479,0.002928,1.779290,-1.464471,-6.177666,13.135974,4.646240,19.207910,0.509936,0.716400,-1.974406,0.669092,1.818331,0.149988,-0.067111,0.355142,-1.540420,2.024275,8.608005,0.471185,18.000000,0,328.726437
3.750000,19.205666,0.241791,0.170895,0.020031,0.000481,0.003060,1.790802,-1.464196,-6.175951,13.129601,4.629135,19.207949,0.509812,0.721261,-1.974008,0.669057,1.818444,0.151998,-0.070127,0.354897,-1.539875,2.035232,8.603001,0.471185,18.000000,0,328.535348
3.760000,19.205682,0.243411,0.170854,0.019883,0.000483,0.003191,1.802229,-1.463920,-6.174161,13.123230,4.612051,19.207984,0.509690,0.726092,-1.973610,0.669022,1.818558,0.153992,-0.073125,0.354652,-1.539331,2.046103,8.597997,0.471185,18.000000,0,328.344257
3.770000,19.205694,0.245020,0.170814,0.019736,0.000485,0.003321,1.813571,-1.463642,-6.172296,13.116859,4.594987,19.208016,0.509570,0.730894,-1.973213,0.668988,1.818674,0.155971,-0.076106,0.354407,-1.538786,2.056887,8.592993,0.471185,18.000000,0,328.153164
3.780000,19.205702,0.246620,0.170774,0.019589,0.000486,0.003450,1.824828,-1.463364,-6.170357,13.110490,4.577945,19.208045,0.509452,0.735665,-1.972817,0.668953,1.818791,0.157936,-0.079070,0.354163,-1.538240,2.067584,8.587989,0.471185,18.000000,0,327.962068
3.790000,19.205707,0.248210,0.170736,0.019443,0.000488,0.003579,1.836001,-1.463085,-6.168343,13.104123,4.560925,19.208070,0.509337,0.740406,-1.972421,0.668919,1.818909,0.159886,-0.082016,0.353918,-1.537695,2.078197,8.582985,0.471185,18.000000,0,327.770969
3.800000,19.205709,0.249790,0.170697,0.019297,0.000490,0.003706,1.847090,-1.462804,-6.166257,13.097756,4.543926,19.208091,0.509223,0.745118,-1.972027,0.668885,1.819028,0.161821,-0.084946,0.353675,-1.537149,2.088724,8.577981,0.471185,18.000000,0,327.579869
3.810000,19.205707,0.251359,0.170660,0.019152,0.000492,0.003834,1.858096,-1.462523,-6.164097,13.091391,4.526949,19.208110,0.509111,0.749799,-1.971634,0.668851,1.819149,0.163741,-0.087858,0.353431,-1.536604,2.099165,8.572977,0.471185,18.000000,0,327.388766
3.820000,19.205701,0.252919,0.170623,0.019007,0.000493,0.003960,1.869017,-1.462241,-6.161865,13.085027,4.509993,19.208125,0.509001,0.754451,-1.971242,0.668817,1.819271,0.165647,-0.090753,0.353188,-1.536058,2.109522,8.567972,0.471185,18.000000,0,327.197661
3.830000,19.205693,0.254468,0.170587,0.018863,0.000495,0.004085,1.879856,-1.461957,-6.159560,13.078665,4.493060,19.208136,0.508893,0.759074,-1.970850,0.668783,1.819394,0.167538,-0.093632,0.352945,-1.535512,2.119795,8.562968,0.471185,18.000000,0,327.006553
3.840000,19.205681,0.256008,0.170551,0.018719,0.000497,0.004210,1.890611,-1.461673,-6.157184,13.072303,4.476148,19.208144,0.508787,0.763667,-1.970460,0.668749,1.819519,0.169415,-0.096493,0.352703,-1.534966,2.129983,8.557964,0.471185,18.000000,0,326.815443
3.850000,19.205665,0.257538,0.170516,0.018576,0.000498,0.004334,1.901284,-1.461388,-6.154736,13.065943,4.459259,19.208148,0.508683,0.768231,-1.970071,0.668716,1.819644,0.171277,-0.099337,0.352461,-1.534420,2.140088,8.552959,0.471185,18.000000,0,326.624331
3.860000,19.205646,0.259058,0.170482,0.018433,0.000500,0.004458,1.911875,-1.461102,-6.152218,13.059584,4.442392,19.208150,0.508581,0.772765,-1.969683,0.668682,1.819772,0.173125,-0.102165,0.352219,-1.533874,2.150109,8.547955,0.471185,18.000000,0,326.433217
3.870000,19.205624,0.260568,0.170448,0.018291,0.000501,0.004580,1.922384,-1.460815,-6.149629,13.053227,4.425548,19.208147,0.508481,0.777271,-1.969296,0.668649,1.819900,0.174958,-0.104976,0.351978,-1.533328,2.160046,8.542950,0.471185,18.000000,0,326.242101
3.880000,19.205598,0.262069,0.170415,0.018149,0.000503,0.004702,1.932810,-1.460527,-6.146970,13.046870,4.408726,19.208142,0.508383,0.781747,-1.968910,0.668616,1.820030,0.176777,-0.107770,0.351737,-1.532781,2.169901,8.537945,0.471185,18.000000,0,326.050982
3.890000,19.205568,0.263559,0.170383,0.018008,0.000504,0.004824,1.943156,-1.460239,-6.144241,13.040515,4.391927,19.208132,0.508287,0.786194,-1.968526,0.668583,1.820162,0.178581,-0.110547,0.351496,-1.532235,2.179673,8.532941,0.471185,18.000000,0,325.859861
3.900000,19.205536,0.265040,0.170351,0.017867,0.000506,0.004944,1.953420,-1.459949,-6.141443,13.034161,4.375151,19.208120,0.508193,0.790612,-1.968142,0.668550,1.820294,0.180372,-0.113308,0.351256,-1.531689,2.189362,8.527936,0.471185,18.000000,0,325.668738
3.910000,19.205500,0.266511,0.170320,0.017727,0.000507,0.005064,1.963603,-1.459659,-6.138577,13.027808,4.358398,19.208104,0.508101,0.795001,-1.967760,0.668517,1.820428,0.182148,-0.116052,0.351016,-1.531142,2.198970,8.522931,0.471185,18.000000,0,325.477613
3.920000,19.205460,0.267973,0.170289,0.017587,0.000508,0.005183,1.973706,-1.459368,-6.135642,13.021457,4.341668,19.208084,0.508011,0.799362,-1.967379,0.668484,1.820564,0.183910,-0.118779,0.350776,-1.530595,2.208495,8.517926,0.471185,18.000000,0,325.286486
3.930000,19.205417,0.269425,0.170259,0.017448,0.000510,0.005301,1.983728,-1.459076,-6.132638,13.015106,4.324961,19.208061,0.507923,0.803694,-1.967000,0.668452,1.820701,0.185658,-0.121490,0.350537,-1.530049,2.217940,8.512922,0.471185,18.000000,0,325.095357
3.940000,19.205371,0.270867,0.170230,0.017309,0.000511,0.005419,1.993670,-1.458784,-6.129568,13.008757,4.308277,19.208035,0.507838,0.807997,-1.966621,0.668419,1.820839,0.187392,-0.124185,0.350298,-1.529502,2.227303,8.507917,0.471185,18.000000,0,324.904226
3.950000,19.205321,0.272299,0.170202,0.017171,0.000512,0.005535,2.003533,-1.458490,-6.126430,13.002409,4.291617,19.208005,0.507754,0.812272,-1.966244,0.668387,1.820979,0.189111,-0.126863,0.350059,-1.528956,2.236585,8.502912,0.471185,18.000000,0,324.713093
3.960000,19.205268,0.273722,0.170174,0.017033,0.000513,0.005652,2.013316,-1.458197,-6.123225,12.996063,4.274981,19.207972,0.507672,0.816519,-1.965868,0.668354,1.821120,0.190817,-0.129525,0.349821,-1.528409,2.245787,8.497907,0.471185,18.000000,0,324.521958
3.970000,19.205211,0.275136,0.170146,0.016895,0.000515,0.005767,2.023019,-1.457902,-6.119955,12.989717,4.258368,19.207936,0.507592,0.820737,-1.965494,0.668322,1.821262,0.192509,-0.132170,0.349583,-1.527862,2.254908,8.492901,0.471185,18.000000,0,324.330821
3.980000,19.205151,0.276540,0.170120,0.016758,0.000516,0.005882,2.032644,-1.457607,-6.116618,12.983373,4.241779,19.207896,0.507514,0.824927,-1.965121,0.668290,1.821406,0.194187,-0.134799,0.349345,-1.527315,2.263949,8.487896,0.471185,18.000000,0,324.139682
3.990000,19.205088,0.277934,0.170094,0.016622,0.000517,0.005996,2.042190,-1.457311,-6.113215,12.977030,4.225214,19.207852,0.507439,0.829089,-1.964749,0.668258,1.821552,0.195852,-0.137412,0.349108,-1.526769,2.272911,8.482891,0.471185,18.000000,0,323.948541
4.000000,19.205021,0.279319,0.170069,0.016486,0.000518,0.006109,2.051658,-1.457014,-6.109748,12.970688,4.208673,19.207805,0.507365,0.833223,-1.964379,0.668226,1.821699,0.197502,-0.140008,0.348871,-1.526222,2.281793,8.477886,0.471185,18.000000,0,323.757398
4.010000,19.204951,0.280695,0.170044,0.016351,0.000519,0.006222,2.061048,-1.456717,-6.106216,12.964347,4.192157,19.207755,0.507293,0.837329,-1.964010,0.668195,1.821847,0.199139,-0.142589,0.348635,-1.525675,2.290597,8.472881,0.471185,18.000000,0,323.566254
4.020000,19.204877,0.282061,0.170020,0.016216,0.000520,0.006334,2.070360,-1.456419,-6.102619,12.958008,4.175664,19.207701,0.507224,0.841407,-1.963643,0.668163,1.821997,0.200762,-0.145153,0.348398,-1.525129,2.299321,8.467875,0.471185,18.000000,0,323.375107
4.030000,19.204800,0.283418,0.169997,0.016081,0.000521,0.006445,2.079594,-1.456121,-6.098959,12.951670,4.159196,19.207644,0.507156,0.845457,-1.963277,0.668131,1.822149,0.202372,-0.147702,0.348163,-1.524582,2.307967,8.462870,0.471185,18.000000,0,323.183959
4.040000,19.204720,0.284765,0.169974,0.015948,0.000522,0.006555,2.088752,-1.455822,-6.095235,12.945332,4.142753,19.207583,0.507091,0.849480,-1.962912,0.668100,1.822301,0.203968,-0.150234,0.347927,-1.524035,2.316535,8.457864,0.471185,18.000000,0,322.992809
4.050000,19.204636,0.286104,0.169952,0.015814,0.000523,0.006665,2.097832,-1.455522,-6.091448,12.938996,4.126334,19.207519,0.507027,0.853475,-1.962550,0.668068,1.822456,0.205550,-0.152750,0.347692,-1.523489,2.325025,8.452859,0.471185,18.000000,0,322.801658
4.060000,19.204549,0.287433,0.169931,0.015681,0.000524,0.006774,2.106835,-1.455222,-6.087598,12.932662,4.109940,19.207451,0.506966,0.857443,-1.962188,0.668037,1.822612,0.207120,-0.155251,0.347457,-1.522942,2.333437,8.447853,0.471185,18.000000,0,322.610504
4.070000,19.204458,0.288752,0.169910,0.015549,0.000525,0.006883,2.115763,-1.454922,-6.083686,12.926328,4.093571,19.207381,0.506906,0.861383,-1.961828,0.668006,1.822769,0.208675,-0.157736,0.347223,-1.522395,2.341772,8.442848,0.471185,18.000000,0,322.419349
4.080000,19.204364,0.290063,0.169890,0.015417,0.000526,0.006990,2.124614,-1.454621,-6.079712,12.919995,4.077226,19.207306,0.506849,0.865296,-1.961470,0.667975,1.822928,0.210217,-0.160204,0.346989,-1.521849,2.350030,8.437842,0.471185,18.000000,0,322.228192
4.090000,19.204267,0.291364,0.169870,0.015285,0.000527,0.007097,2.133389,-1.454319,-6.075676,12.913664,4.060907,19.207228,0.506794,0.869181,-1.961113,0.667944,1.823089,0.211746,-0.162657,0.346755,-1.521302,2.358211,8.432837,0.471185,18.000000,0,322.037034
4.100000,19.204166,0.292656,0.169852,0.015154,0.000527,0.007204,2.142089,-1.454017,-6.071580,12.907334,4.044613,19.207147,0.506741,0.873040,-1.960758,0.667913,1.823251,0.213262,-0.165095,0.346522,-1.520756,2.366316,8.427831,0.471185,18.000000,0,321.845874
4.110000,19.204062,0.293939,0.169834,0.015024,0.000528,0.007309,2.150713,-1.453715,-6.067422,12.901005,4.028344,19.207062,0.506690,0.876871,-1.960404,0.667882,1.823414,0.214765,-0.167516,0.346289,-1.520210,2.374345,8.422825,0.471185,18.000000,0,321.654713
4.120000,19.203955,0.295213,0.169816,0.014894,0.000529,0.007414,2.159263,-1.453412,-6.063205,12.894677,4.012101,19.206974,0.506641,0.880676,-1.960053,0.667851,1.823579,0.216254,-0.169923,0.346056,-1.519663,2.382298,8.417819,0.471185,18.000000,0,321.463550
4.130000,19.203844,0.296478,0.169800,0.014764,0.000530,0.007519,2.167737,-1.453109,-6.058927,12.888350,3.995883,19.206883,0.506594,0.884454,-1.959702,0.667821,1.823746,0.217730,-0.172313,0.345824,-1.519117,2.390175,8.412813,0.471185,18.000000,0,321.272385
4.140000,19.203730,0.297733,0.169784,0.014635,0.000530,0.007622,2.176138,-1.452805,-6.054590,12.882024,3.979690,19.206788,0.506549,0.888204,-1.959354,0.667790,1.823914,0.219193,-0.174688,0.345592,-1.518571,2.397977,8.407808,0.471185,18.000000,0,321.081219
4.150000,19.203612,0.298980,0.169768,0.014506,0.000531,0.007725,2.184464,-1.452501,-6.050193,12.875700,3.963524,19.206690,0.506506,0.891929,-1.959007,0.667760,1.824084,0.220643,-0.177047,0.345361,-1.518025,2.405704,8.402802,0.471185,18.000000,0,320.890051
4.160000,19.203491,0.300218,0.169753,0.014378,0.000532,0.007827,2.192716,-1.452196,-6.045738,12.869376,3.947383,19.206588,0.506465,0.895626,-1.958661,0.667729,1.824256,0.222081,-0.179391,0.345130,-1.517479,2.413357,8.397796,0.471185,18.000000,0,320.698882
4.170000,19.203367,0.301447,0.169739,0.014250,0.000532,0.007929,2.200895,-1.451891,-6.041224,12.863054,3.931268,19.206482,0.506427,0.899297,-1.958318,0.667699,1.824429,0.223505,-0.181720,0.344899,-1.516933,2.420935,8.392790,0.471185,18.000000,0,320.507712
4.180000,19.203239,0.302667,0.169726,0.014123,0.000533,0.008030,2.209000,-1.451586,-6.036652,12.856732,3.915179,19.206374,0.506390,0.902942,-1.957976,0.667669,1.824603,0.224916,-0.184033,0.344669,-1.516387,2.428439,8.387784,0.471185,18.000000,0,320.316540
4.190000,19.203108,0.303878,0.169713,0.013997,0.000534,0.008130,2.217032,-1.451280,-6.032023,12.850412,3.899116,19.206262,0.506355,0.906560,-1.957636,0.667639,1.824779,0.226315,-0.186332,0.344438,-1.515841,2.435870,8.382778,0.471185,18.000000,0,320.125367
4.200000,19.202973,0.305080,0.169701,0.013870,0.000534,0.008230,2.224992,-1.450974,-6.027336,12.844093,3.883079,19.206146,0.506323,0.910152,-1.957297,0.667609,1.824957,0.227700,-0.188614,0.344209,-1.515295,2.443226,8.377772,0.471185,18.000000,0,319.934193
4.210000,19.202835,0.306273,0.169690,0.013745,0.000535,0.008329,2.232879,-1.450668,-6.022593,12.837775,3.867068,19.206027,0.506293,0.913718,-1.956960,0.667579,1.825137,0.229073,-0.190882,0.343979,-1.514750,2.450510,8.372766,0.471185,18.000000,0,319.743017
4.220000,19.202694,0.307457,0.169679,0.013619,0.000535,0.008427,2.240694,-1.450361,-6.017793,12.831458,3.851084,19.205905,0.506264,0.917258,-1.956626,0.667549,1.825318,0.230434,-0.193134,0.343751,-1.514204,2.457721,8.367759,0.471185,18.000000,0,319.551840
4.230000,19.202550,0.308633,0.169669,0.013495,0.000536,0.008525,2.248437,-1.450054,-6.012937,12.825142,3.835126,19.205779,0.506238,0.920772,-1.956292,0.667519,1.825501,0.231781,-0.195372,0.343522,-1.513659,2.464859,8.362753,0.471185,18.000000,0,319.360662
4.240000,19.202402,0.309800,0.169660,0.013370,0.000536,0.008622,2.256108,-1.449747,-6.008025,12.818828,3.819195,19.205650,0.506214,0.924259,-1.955961,0.667489,1.825685,0.233117,-0.197594,0.343294,-1.513113,2.471925,8.357747,0.471185,18.000000,0,319.169482
4.250000,19.202251,0.310958,0.169651,0.013246,0.000537,0.008718,2.263708,-1.449439,-6.003058,12.812514,3.803291,19.205518,0.506192,0.927722,-1.955631,0.667460,1.825871,0.234439,-0.199801,0.343066,-1.512568,2.478918,8.352741,0.471185,18.000000,0,318.978302
4.260000,19.202096,0.312108,0.169643,0.013123,0.000537,0.008814,2.271237,-1.449132,-5.998035,12.806201,3.787413,19.205382,0.506172,0.931158,-1.955304,0.667430,1.826059,0.235749,-0.201994,0.342838,-1.512023,2.485840,8.347735,0.471185,18.000000,0,318.787120
4.270000,19.201938,0.313249,0.169635,0.013000,0.000538,0.008909,2.278694,-1.448824,-5.992959,12.799890,3.771562,19.205242,0.506154,0.934569,-1.954978,0.667401,1.826248,0.237047,-0.204171,0.342611,-1.511478,2.492691,8.342728,0.471185,18.000000,0,318.595937
4.280000,19.201777,0.314381,0.169629,0.012878,0.000538,0.009003,2.286082,-1.448515,-5.987827,12.793579,3.755738,19.205099,0.506138,0.937954,-1.954654,0.667371,1.826439,0.238332,-0.206334,0.342385,-1.510933,2.499470,8.337722,0.471185,18.000000,0,318.404753
4.290000,19.201612,0.315504,0.169623,0.012756,0.000539,0.009097,2.293399,-1.448207,-5.982642,12.787270,3.739941,19.204953,0.506125,0.941314,-1.954332,0.667342,1.826632,0.239605,-0.208481,0.342158,-1.510388,2.506179,8.332716,0.471185,18.000000,0,318.213568
4.300000,19.201444,0.316619,0.169617,0.012634,0.000539,0.009190,2.300646,-1.447898,-5.977404,12.780961,3.724171,19.204803,0.506113,0.944648,-1.954011,0.667313,1.826826,0.240866,-0.210614,0.341932,-1.509843,2.512816,8.327709,0.471185,18.000000,0,318.022382
4.310000,19.201273,0.317726,0.169613,0.012514,0.000539,0.009282,2.307823,-1.447589,-5.972112,12.774654,3.708428,19.204650,0.506104,0.947957,-1.953693,0.667283,1.827022,0.242114,-0.212733,0.341707,-1.509298,2.519384,8.322703,0.471185,18.000000,0,317.831195
4.320000,19.201098,0.318824,0.169609,0.012393,0.000540,0.009374,2.314931,-1.447280,-5.966768,12.768347,3.692712,19.204494,0.506096,0.951241,-1.953376,0.667254,1.827220,0.243350,-0.214836,0.341481,-1.508754,2.525881,8.317696,0.471185,18.000000,0,317.640007
4.330000,19.200920,0.319913,0.169605,0.012273,0.000540,0.009465,2.321969,-1.446970,-5.961371,12.762042,3.677024,19.204334,0.506091,0.954500,-1.953061,0.667225,1.827419,0.244574,-0.216925,0.341256,-1.508209,2.532309,8.312690,0.471185,18.000000,0,317.448818
4.340000,19.200739,0.320994,0.169603,0.012153,0.000540,0.009556,2.328939,-1.446661,-5.955922,12.755738,3.661363,19.204171,0.506088,0.957733,-1.952749,0.667196,1.827620,0.245786,-0.219000,0.341032,-1.507665,2.538667,8.307683,0.471185,18.000000,0,317.257628
4.350000,19.200554,0.322067,0.169601,0.012034,0.000541,0.009646,2.335840,-1.446351,-5.950422,12.749434,3.645730,19.204004,0.506087,0.960942,-1.952438,0.667167,1.827823,0.246986,-0.221060,0.340808,-1.507121,2.544957,8.302677,0.471185,18.000000,0,317.066437
4.360000,19.200366,0.323131,0.169599,0.011916,0.000541,0.009735,2.342672,-1.446041,-5.944870,12.743132,3.630124,19.203834,0.506088,0.964126,-1.952129,0.667138,1.828028,0.248174,-0.223105,0.340584,-1.506577,2.551177,8.297670,0.471185,18.000000,0,316.875246
4.370000,19.200175,0.324187,0.169599,0.011797,0.000541,0.009823,2.349437,-1.445731,-5.939267,12.736830,3.614546,19.203660,0.506091,0.967285,-1.951822,0.667110,1.828234,0.249350,-0.225136,0.340361,-1.506033,2.557328,8.292664,0.471185,18.000000,0,316.684053
4.380000,19.199980,0.325234,0.169599,0.011680,0.000542,0.009911,2.356134,-1.445421,-5.933613,12.730530,3.598996,19.203484,0.506096,0.970420,-1.951517,0.667081,1.828442,0.250514,-0.227152,0.340138,-1.505489,2.563412,8.287657,0.471185,18.000000,0,316.492860
4.390000,19.199782,0.326273,0.169599,0.011563,0.000542,0.009999,2.362763,-1.445110,-5.927910,12.724231,3.583473,19.203303,0.506104,0.973530,-1.951214,0.667052,1.828652,0.251666,-0.229155,0.339915,-1.504945,2.569427,8.282651,0.471185,18.000000,0,316.301666
4.400000,19.199581,0.327304,0.169601,0.011446,0.000542,0.010085,2.369324,-1.444800,-5.922156,12.717932,3.567979,19.203120,0.506113,0.976615,-1.950913,0.667024,1.828863,0.252806,-0.231143,0.339693,-1.504402,2.575374,8.277644,0.471185,18.000000,0,316.110471
4.410000,19.199376,0.328327,0.169603,0.011330,0.000542,0.010172,2.375819,-1.444489,-5.916353,12.711635,3.552512,19.202933,0.506125,0.979676,-1.950613,0.666995,1.829076,0.253935,-0.233116,0.339471,-1.503858,2.581254,8.272637,0.471185,18.000000,0,315.919276
4.420000,19.199169,0.329341,0.169606,0.011214,0.000542,0.010257,2.382247,-1.444178,-5.910501,12.705338,3.537074,19.202742,0.506138,0.982713,-1.950316,0.666967,1.829291,0.255052,-0.235076,0.339249,-1.503315,2.587067,8.267631,0.471185,18.000000,0,315.728080
4.430000,19.198957,0.330347,0.169609,0.011098,0.000543,0.010342,2.388608,-1.443867,-5.904600,12.699043,3.521663,19.202548,0.506154,0.985726,-1.950021,0.666938,1.829508,0.256157,-0.237021,0.339028,-1.502772,2.592813,8.262624,0.471185,18.000000,0,315.536883
4.440000,19.198743,0.331345,0.169613,0.010983,0.000543,0.010426,2.394903,-1.443556,-5.898650,12.692748,3.506281,19.202351,0.506172,0.988714,-1.949728,0.666910,1.829727,0.257250,-0.238952,0.338808,-1.502228,2.598492,8.257617,0.471185,18.000000,0,315.345686
4.450000,19.198525,0.332335,0.169618,0.010869,0.000543,0.010510,2.401133,-1.443245,-5.892653,12.686454,3.490927,19.202150,0.506192,0.991678,-1.949437,0.666882,1.829947,0.258332,-0.240869,0.338587,-1.501685,2.604105,8.252611,0.471185,18.000000,0,315.154488
4.460000,19.198304,0.333317,0.169623,0.010755,0.000543,0.010593,2.407296,-1.442934,-5.886607,12.680162,3.475602,19.201946,0.506214,0.994619,-1.949147,0.666854,1.830169,0.259403,-0.242773,0.338367,-1.501142,2.609652,8.247604,0.471185,18.000000,0,314.963290
4.470000,19.198080,0.334291,0.169629,0.010642,0.000543,0.010675,2.413394,-1.442622,-5.880514,12.673870,3.460305,19.201739,0.506238,0.997535,-1.948860,0.666825,1.830393,0.260462,-0.244662,0.338148,-1.500600,2.615133,8.242597,0.471185,18.000000,0,314.772091
4.480000,19.197852,0.335256,0.169636,0.010528,0.000543,0.010757,2.419427,-1.442311,-5.874375,12.667579,3.445036,19.201528,0.506264,1.000428,-1.948575,0.666797,1.830618,0.261509,-0.246537,0.337928,-1.500057,2.620548,8.237591,0.471185,18.000000,0,314.580891
4.490000,19.197621,0.336214,0.169644,0.010416,0.000544,0.010838,2.425395,-1.441999,-5.868188,12.661289,3.429796,19.201314,0.506293,1.003296,-1.948292,0.666769,1.830845,0.262545,-0.248398,0.337709,-1.499514,2.625899,8.232584,0.471185,18.000000,0,314.389691
4.500000,19.197387,0.337163,0.169652,0.010304,0.000544,0.010919,2.431298,-1.441688,-5.861955,12.655000,3.414585,19.201097,0.506323,1.006142,-1.948011,0.666741,1.831075,0.263570,-0.250246,0.337491,-1.498972,2.631184,8.227577,0.471185,18.000000,0,314.198491
4.510000,19.197149,0.338105,0.169661,0.010192,0.000544,0.010999,2.437137,-1.441376,-5.855676,12.648712,3.399402,19.200876,0.506356,1.008963,-1.947732,0.666713,1.831306,0.264583,-0.252080,0.337273,-1.498430,2.636405,8.222570,0.471185,18.000000,0,314.007291
4.520000,19.196908,0.339038,0.169670,0.010081,0.000544,0.011078,2.442912,-1.441064,-5.849352,12.642425,3.384248,19.200651,0.506390,1.011762,-1.947455,0.666686,1.831538,0.265585,-0.253900,0.337055,-1.497888,2.641561,8.217564,0.471185,18.000000,0,313.816090
4.530000,19.196664,0.339964,0.169680,0.009970,0.000544,0.011157,2.448623,-1.440753,-5.842982,12.636138,3.369123,19.200424,0.506427,1.014536,-1.947180,0.666658,1.831773,0.266576,-0.255706,0.336838,-1.497345,2.646653,8.212557,0.471185,18.000000,0,313.624888
4.540000,19.196417,0.340882,0.169691,0.009860,0.000544,0.011236,2.454271,-1.440441,-5.836567,12.629853,3.354027,19.200193,0.506466,1.017288,-1.946907,0.666630,1.832009,0.267556,-0.257499,0.336621,-1.496804,2.651681,8.207550,0.471185,18.000000,0,313.433687
4.550000,19.196166,0.341792,0.169703,0.009750,0.000544,0.011313,2.459855,-1.440129,-5.830107,12.623568,3.338960,19.199958,0.506507,1.020016,-1.946636,0.666602,1.832247,0.268525,-0.259278,0.336404,-1.496262,2.656646,8.202543,0.471185,18.000000,0,313.242485
4.560000,19.195912,0.342694,0.169715,0.009641,0.000544,0.011390,2.465376,-1.439817,-5.823603,12.617285,3.323922,19.199721,0.506550,1.022722,-1.946368,0.666575,1.832487,0.269482,-0.261044,0.336188,-1.495720,2.661547,8.197536,0.471185,18.000000,0,313.051283
4.570000,19.195655,0.343588,0.169728,0.009532,0.000544,0.011467,2.470834,-1.439505,-5.817055,12.611002,3.308913,19.199480,0.506596,1.025404,-1.946101,0.666547,1.832729,0.270429,-0.262796,0.335972,-1.495178,2.666386,8.192530,0.471185,18.000000,0,312.860081
4.580000,19.195394,0.344475,0.169741,0.009423,0.000544,0.011542,2.476230,-1.439193,-5.810464,12.604720,3.293934,19.199235,0.506643,1.028063,-1.945837,0.666520,1.832973,0.271364,-0.264535,0.335757,-1.494637,2.671161,8.187523,0.471185,18.000000,0,312.668878
4.590000,19.195130,0.345354,0.169756,0.009315,0.000544,0.011618,2.481564,-1.438882,-5.803829,12.598439,3.278983,19.198987,0.506693,1.030699,-1.945574,0.666492,1.833218,0.272289,-0.266260,0.335542,-1.494095,2.675874,8.182516,0.471185,18.000000,0,312.477676
4.600000,19.194863,0.346225,0.169771,0.009208,0.000544,0.011692,2.486835,-1.438570,-5.797151,12.592158,3.264062,19.198736,0.506744,1.033313,-1.945314,0.666465,1.833465,0.273203,-0.267972,0.335327,-1.493554,2.680525,8.177509,0.471185,18.000000,0,312.286473
4.610000,19.194593,0.347088,0.169786,0.009100,0.000544,0.011767,2.492045,-1.438258,-5.790431,12.585879,3.249170,19.198482,0.506798,1.035904,-1.945056,0.666438,1.833714,0.274106,-0.269670,0.335113,-1.493013,2.685114,8.172502,0.471185,18.000000,0,312.095270
4.620000,19.194319,0.347944,0.169803,0.008994,0.000544,0.011840,2.497193,-1.437946,-5.783668,12.579600,3.234308,19.198224,0.506854,1.038472,-1.944800,0.666410,1.833965,0.274998,-0.271356,0.334899,-1.492472,2.689641,8.167495,0.471185,18.000000,0,311.904068
4.630000,19.194042,0.348792,0.169819,0.008888,0.000544,0.011913,2.502280,-1.437634,-5.776863,12.573323,3.219475,19.197962,0.506912,1.041018,-1.944546,0.666383,1.834218,0.275879,-0.273028,0.334686,-1.491931,2.694107,8.162489,0.471185,18.000000,0,311.712865
4.640000,19.193762,0.349633,0.169837,0.008782,0.000544,0.011985,2.507306,-1.437322,-5.770017,12.567046,3.204672,19.197698,0.506972,1.043541,-1.944294,0.666356,1.834473,0.276750,-0.274687,0.334473,-1.491390,2.698512,8.157482,0.471185,18.000000,0,311.521663
4.650000,19.193479,0.350466,0.169855,0.008676,0.000544,0.012057,2.512272,-1.437010,-5.763129,12.560770,3.189898,19.197430,0.507034,1.046042,-1.944044,0.666329,1.834729,0.277610,-0.276333,0.334260,-1.490849,2.702856,8.152475,0.471185,18.000000,0,311.330460
4.660000,19.193192,0.351291,0.169874,0.008572,0.000544,0.012129,2.517177,-1.436698,-5.756201,12.554494,3.175154,19.197159,0.507098,1.048521,-1.943796,0.666302,1.834988,0.278459,-0.277965,0.334048,-1.490309,2.707139,8.147468,0.471185,18.000000,0,311.139258
4.670000,19.192903,0.352109,0.169894,0.008467,0.000544,0.012199,2.522022,-1.436386,-5.749231,12.548220,3.160439,19.196884,0.507165,1.050977,-1.943551,0.666275,1.835248,0.279298,-0.279585,0.333836,-1.489768,2.711362,8.142461,0.471185,18.000000,0,310.948055
4.680000,19.192609,0.352919,0.169914,0.008363,0.000544,0.012269,2.526806,-1.436074,-5.742222,12.541946,3.145755,19.196606,0.507233,1.053412,-1.943307,0.666248,1.835510,0.280126,-0.281192,0.333624,-1.489228,2.715525,8.137455,0.471185,18.000000,0,310.756853
4.690000,19.192313,0.353722,0.169936,0.008260,0.000544,0.012339,2.531532,-1.435762,-5.735172,12.535673,3.131100,19.196325,0.507304,1.055824,-1.943066,0.666221,1.835774,0.280944,-0.282786,0.333413,-1.488688,2.719628,8.132448,0.471185,18.000000,0,310.565651
4.700000,19.192014,0.354518,0.169957,0.008157,0.000544,0.012408,2.536197,-1.435450,-5.728083,12.529401,3.116475,19.196040,0.507377,1.058215,-1.942827,0.666194,1.836040,0.281752,-0.284367,0.333202,-1.488147,2.723672,8.127441,0.471185,18.000000,0,310.374450
4.710000,19.191711,0.355306,0.169980,0.008054,0.000544,0.012476,2.540804,-1.435139,-5.720954,12.523130,3.101880,19.195752,0.507451,1.060583,-1.942590,0.666167,1.836308,0.282549,-0.285935,0.332992,-1.487607,2.727657,8.122434,0.471185,18.000000,0,310.183248
4.720000,19.191405,0.356087,0.170003,0.007952,0.000544,0.012544,2.545352,-1.434827,-5.713786,12.516859,3.087316,19.195461,0.507528,1.062930,-1.942355,0.666140,1.836577,0.283335,-0.287490,0.332782,-1.487067,2.731582,8.117427,0.471185,18.000000,0,309.992047
4.730000,19.191096,0.356860,0.170026,0.007850,0.000544,0.012611,2.549841,-1.434515,-5.706580,12.510589,3.072781,19.195166,0.507607,1.065255,-1.942123,0.666114,1.836849,0.284112,-0.289032,0.332573,-1.486527,2.735449,8.112421,0.471185,18.000000,0,309.800846
4.740000,19.190783,0.357626,0.170051,0.007749,0.000544,0.012678,2.554271,-1.434203,-5.699335,12.504320,3.058276,19.194868,0.507689,1.067559,-1.941892,0.666087,1.837122,0.284878,-0.290562,0.332363,-1.485987,2.739257,8.107414,0.471185,18.000000,0,309.609646
4.750000,19.190467,0.358385,0.170076,0.007648,0.000544,0.012744,2.558644,-1.433892,-5.692052,12.498052,3.043801,19.194567,0.507772,1.069841,-1.941664,0.666060,1.837398,0.285634,-0.292079,0.332155,-1.485448,2.743007,8.102407,0.471185,18.000000,0,309.418446
4.760000,19.190148,0.359136,0.170102,0.007547,0.000544,0.012810,2.562959,-1.433580,-5.684732,12.491784,3.029357,19.194262,0.507857,1.072101,-1.941437,0.666034,1.837675,0.286380,-0.293584,0.331946,-1.484908,2.746700,8.097400,0.471185,18.000000,0,309.227247
4.770000,19.189826,0.359880,0.170128,0.007447,0.000544,0.012875,2.567216,-1.433269,-5.677373,12.485517,3.014943,19.193955,0.507945,1.074340,-1.941213,0.666007,1.837954,0.287115,-0.295076,0.331738,-1.484368,2.750334,8.092394,0.471185,18.000000,0,309.036048
4.780000,19.189501,0.360617,0.170155,0.007348,0.000543,0.012940,2.571415,-1.432957,-5.669978,12.479251,3.000559,19.193643,0.508034,1.076558,-1.940991,0.665981,1.838235,0.287841,-0.296555,0.331531,-1.483829,2.753912,8.087387,0.471185,18.000000,0,308.844849
4.790000,19.189172,0.361347,0.170183,0.007249,0.000543,0.013004,2.575558,-1.432645,-5.662546,12.472986,2.986205,19.193329,0.508126,1.078755,-1.940772,0.665954,1.838518,0.288556,-0.298022,0.331323,-1.483289,2.757432,8.082380,0.471185,18.000000,0,308.653651
4.800000,19.188841,0.362070,0.170212,0.007150,0.000543,0.013067,2.579643,-1.432334,-5.655077,12.466721,2.971882,19.193011,0.508220,1.080931,-1.940554,0.665928,1.838803,0.289262,-0.299477,0.331117,-1.482750,2.760895,8.077374,0.471185,18.000000,0,308.462454
4.810000,19.188506,0.362786,0.170241,0.007052,0.000543,0.013130,2.583672,-1.432023,-5.647572,12.460457,2.957590,19.192690,0.508316,1.083085,-1.940339,0.665901,1.839089,0.289957,-0.300919,0.330910,-1.482211,2.764302,8.072367,0.471185,18.000000,0,308.271257
4.820000,19.188167,0.363494,0.170271,0.006954,0.000543,0.013192,2.587645,-1.431711,-5.640032,12.454194,2.943327,19.192365,0.508414,1.085219,-1.940125,0.665875,1.839378,0.290643,-0.302349,0.330704,-1.481671,2.767652,8.067360,0.471185,18.000000,0,308.080061
4.830000,19.187826,0.364195,0.170301,0.006857,0.000543,0.013254,2.591562,-1.431400,-5.632455,12.447931,2.929096,19.192038,0.508514,1.087332,-1.939914,0.665849,1.839668,0.291319,-0.303766,0.330498,-1.481132,2.770946,8.062354,0.471185,18.000000,0,307.888866
4.840000,19.187481,0.364890,0.170332,0.006760,0.000543,0.013316,2.595422,-1.431089,-5.624844,12.441669,2.914895,19.191707,0.508616,1.089424,-1.939705,0.665823,1.839961,0.291985,-0.305171,0.330293,-1.480593,2.774185,8.057347,0.471185,18.000000,0,307.697671
4.850000,19.187134,0.365577,0.170364,0.006663,0.000543,0.013376,2.599227,-1.430778,-5.617197,12.435408,2.900724,19.191372,0.508721,1.091495,-1.939499,0.665797,1.840255,0.292641,-0.306564,0.330088,-1.480054,2.777368,8.052340,0.471185,18.000000,0,307.506477
4.860000,19.186783,0.366257,0.170397,0.006567,0.000543,0.013437,2.602977,-1.430467,-5.609516,12.429148,2.886584,19.191035,0.508827,1.093546,-1.939294,0.665770,1.840552,0.293288,-0.307945,0.329884,-1.479515,2.780495,8.047334,0.471185,18.000000,0,307.315284
4.870000,19.186428,0.366931,0.170430,0.006471,0.000543,0.013496,2.606672,-1.430156,-5.601800,12.422888,2.872475,19.190694,0.508936,1.095576,-1.939091,0.665744,1.840850,0.293925,-0.309314,0.329680,-1.478976,2.783568,8.042327,0.471185,18.000000,0,307.124091
4.880000,19.186071,0.367597,0.170464,0.006376,0.000542,0.013556,2.610312,-1.429845,-5.594050,12.416628,2.858397,19.190349,0.509047,1.097586,-1.938891,0.665718,1.841150,0.294552,-0.310671,0.329476,-1.478437,2.786586,8.037321,0.471185,18.000000,0,306.932900
4.890000,19.185711,0.368257,0.170498,0.006281,0.000542,0.013614,2.613897,-1.429534,-5.586267,12.410370,2.844349,19.190002,0.509159,1.099575,-1.938693,0.665692,1.841452,0.295170,-0.312016,0.329273,-1.477898,2.789549,8.032314,0.471185,18.000000,0,306.741709
4.900000,19.185347,0.368909,0.170534,0.006187,0.000542,0.013672,2.617427,-1.429223,-5.578450,12.404112,2.830332,19.189651,0.509274,1.101544,-1.938497,0.665667,1.841757,0.295778,-0.313348,0.329070,-1.477360,2.792458,8.027308,0.471185,18.000000,0,306.550520
4.910000,19.184980,0.369555,0.170570,0.006093,0.000542,0.013730,2.620904,-1.428912,-5.570599,12.397855,2.816346,19.189297,0.509391,1.103493,-1.938303,0.665641,1.842063,0.296376,-0.314669,0.328868,-1.476821,2.795313,8.022301,0.471185,18.000000,0,306.359331
4.920000,19.184610,0.370194,0.170606,0.006000,0.000542,0.013787,2.624327,-1.428602,-5.562716,12.391598,2.802391,19.188940,0.509510,1.105422,-1.938112,0.665615,1.842371,0.296965,-0.315978,0.328666,-1.476282,2.798114,8.017295,0.471185,18.000000,0,306.168143
4.930000,19.184237,0.370826,0.170643,0.005907,0.000542,0.013844,2.627696,-1.428291,-5.554801,12.385342,2.788467,19.188579,0.509631,1.107331,-1.937922,0.665589,1.842681,0.297545,-0.317275,0.328464,-1.475743,2.800862,8.012289,0.471185,18.000000,0,305.976957
4.940000,19.183860,0.371452,0.170681,0.005814,0.000542,0.013900,2.631012,-1.427980,-5.546853,12.379087,2.774574,19.188215,0.509755,1.109220,-1.937735,0.665563,1.842992,0.298115,-0.318560,0.328263,-1.475205,2.803556,8.007282,0.471185,18.000000,0,305.785771
4.950000,19.183481,0.372070,0.170720,0.005722,0.000542,0.013955,2.634274,-1.427670,-5.538873,12.372832,2.760712,19.187848,0.509880,1.111088,-1.937550,0.665538,1.843306,0.298676,-0.319834,0.328062,-1.474666,2.806198,8.002276,0.471185,18.000000,0,305.594587
4.960000,19.183098,0.372682,0.170759,0.005630,0.000541,0.014010,2.637484,-1.427359,-5.530861,12.366578,2.746881,19.187478,0.510008,1.112938,-1.937367,0.665512,1.843622,0.299228,-0.321096,0.327861,-1.474128,2.808787,7.997270,0.471185,18.000000,0,305.403403
4.970000,19.182712,0.373288,0.170799,0.005539,0.000541,0.014065,2.640641,-1.427049,-5.522818,12.360324,2.733081,19.187104,0.510137,1.114767,-1.937186,0.665486,1.843940,0.299771,-0.322346,0.327661,-1.473589,2.811323,7.992263,0.471185,18.000000,0,305.212221
4.980000,19.182323,0.373886,0.170840,0.005448,0.000541,0.014119,2.643746,-1.426739,-5.514744,12.354071,2.719312,19.186727,0.510269,1.116577,-1.937008,0.665461,1.844260,0.300304,-0.323584,0.327462,-1.473051,2.813807,7.987257,0.471185,18.000000,0,305.021040
4.990000,19.181931,0.374478,0.170881,0.005357,0.000541,0.014173,2.646798,-1.426429,-5.506639,12.347819,2.705575,19.186347,0.510403,1.118367,-1.936831,0.665435,1.844581,0.300828,-0.324811,0.327262,-1.472512,2.816239,7.982251,0.471185,18.000000,0,304.829860
5.000000,19.181535,0.375063,0.170923,0.005267,0.000541,0.014226,2.649799,-1.426118,-5.498504,12.341567,2.691868,19.185963,0.510538,1.120138,-1.936657,0.665410,1.844905,0.301343,-0.326027,0.327064,-1.471974,2.818620,7.977245,0.471185,18.000000,0,304.638682
5.010000,19.181137,0.375642,0.170966,0.005177,0.000541,0.014278,2.652747,-1.425808,-5.490338,12.335316,2.678193,19.185577,0.510676,1.121889,-1.936485,0.665384,1.845231,0.301849,-0.327231,0.326865,-1.471435,2.820949,7.972238,0.471185,18.000000,0,304.447505
5.020000,19.180735,0.376214,0.171009,0.005088,0.000541,0.014330,2.655645,-1.425498,-5.482143,12.329065,2.664549,19.185187,0.510816,1.123621,-1.936315,0.665359,1.845558,0.302346,-0.328423,0.326667,-1.470897,2.823227,7.967232,0.471185,18.000000,0,304.256329
5.030000,19.180331,0.376780,0.171053,0.004999,0.000541,0.014382,2.658491,-1.425188,-5.473917,12.322815,2.650936,19.184793,0.510959,1.125334,-1.936147,0.665334,1.845888,0.302834,-0.329605,0.326469,-1.470358,2.825453,7.962226,0.471185,18.000000,0,304.065155
5.040000,19.179923,0.377339,0.171098,0.004911,0.000541,0.014433,2.661286,-1.424879,-5.465662,12.316565,2.637355,19.184397,0.511103,1.127027,-1.935981,0.665308,1.846220,0.303313,-0.330774,0.326272,-1.469820,2.827630,7.957220,0.471185,18.000000,0,303.873982
5.050000,19.179512,0.377892,0.171143,0.004823,0.000540,0.014483,2.664031,-1.424569,-5.457379,12.310316,2.623805,19.183997,0.511249,1.128702,-1.935818,0.665283,1.846553,0.303783,-0.331933,0.326075,-1.469281,2.829755,7.952214,0.471185,18.000000,0,303.682810
5.060000,19.179097,0.378438,0.171189,0.004735,0.000540,0.014533,2.666725,-1.424259,-5.449066,12.304068,2.610286,19.183594,0.511398,1.130357,-1.935657,0.665258,1.846889,0.304244,-0.333080,0.325879,-1.468743,2.831830,7.947208,0.471185,18.000000,0,303.491640
5.070000,19.178680,0.378978,0.171236,0.004648,0.000540,0.014583,2.669369,-1.423949,-5.440725,12.297820,2.596799,19.183188,0.511548,1.131994,-1.935497,0.665233,1.847226,0.304696,-0.334216,0.325683,-1.468204,2.833856,7.942202,0.471185,18.000000,0,303.300472
5.080000,19.178259,0.379511,0.171283,0.004561,0.000540,0.014632,2.671963,-1.423640,-5.432355,12.291572,2.583343,19.182779,0.511701,1.133612,-1.935340,0.665207,1.847566,0.305140,-0.335341,0.325487,-1.467666,2.835832,7.937196,0.471185,18.000000,0,303.109305
5.090000,19.177836,0.380038,0.171331,0.004475,0.000540,0.014681,2.674507,-1.423330,-5.423958,12.285325,2.569919,19.182366,0.511855,1.135210,-1.935185,0.665182,1.847907,0.305575,-0.336455,0.325292,-1.467127,2.837758,7.932191,0.471185,18.000000,0,302.918139
5.100000,19.177409,0.380559,0.171380,0.004389,0.000540,0.014729,2.677001,-1.423021,-5.415533,12.279079,2.556526,19.181950,0.512012,1.136791,-1.935033,0.665157,1.848251,0.306001,-0.337557,0.325097,-1.466589,2.839635,7.927185,0.471185,18.000000,0,302.726976
5.110000,19.176979,0.381074,0.171429,0.004303,0.000540,0.014776,2.679446,-1.422711,-5.407080,12.272833,2.543165,19.181531,0.512171,1.138352,-1.934882,0.665132,1.848596,0.306419,-0.338649,0.324903,-1.466050,2.841463,7.922179,0.471185,18.000000,0,302.535814
5.120000,19.176546,0.381582,0.171479,0.004218,0.000540,0.014824,2.681843,-1.422402,-5.398600,12.266587,2.529835,19.181109,0.512332,1.139896,-1.934734,0.665107,1.848944,0.306827,-0.339730,0.324709,-1.465512,2.843242,7.917173,0.471185,18.000000,0,302.344653
5.130000,19.176110,0.382084,0.171530,0.004133,0.000540,0.014870,2.684190,-1.422093,-5.390094,12.260343,2.516537,19.180683,0.512495,1.141420,-1.934587,0.665082,1.849293,0.307228,-0.340799,0.324515,-1.464973,2.844973,7.912168,0.471185,18.000000,0,302.153495
5.140000,19.175671,0.382579,0.171581,0.004049,0.000539,0.014916,2.686489,-1.421783,-5.381561,12.254098,2.503270,19.180255,0.512660,1.142927,-1.934443,0.665057,1.849645,0.307620,-0.341858,0.324322,-1.464434,2.846655,7.907162,0.471185,18.000000,0,301.962338
5.150000,19.175229,0.383069,0.171633,0.003965,0.000539,0.014962,2.688739,-1.421474,-5.373001,12.247854,2.490035,19.179823,0.512827,1.144415,-1.934301,0.665033,1.849999,0.308003,-0.342906,0.324129,-1.463896,2.848290,7.902157,0.471185,18.000000,0,301.771183
5.160000,19.174783,0.383552,0.171685,0.003882,0.000539,0.015007,2.690942,-1.421165,-5.364415,12.241611,2.476832,19.179388,0.512996,1.145884,-1.934161,0.665008,1.850354,0.308378,-0.343943,0.323937,-1.463357,2.849876,7.897151,0.471185,18.000000,0,301.580030
5.170000,19.174335,0.384029,0.171739,0.003798,0.000539,0.015052,2.693096,-1.420856,-5.355804,12.235368,2.463660,19.178949,0.513167,1.147336,-1.934023,0.664983,1.850712,0.308744,-0.344969,0.323745,-1.462818,2.851415,7.892146,0.471185,18.000000,0,301.388878
5.180000,19.173883,0.384500,0.171793,0.003716,0.000539,0.015096,2.695203,-1.420547,-5.347167,12.229125,2.450520,19.178508,0.513341,1.148770,-1.933888,0.664958,1.851071,0.309102,-0.345985,0.323554,-1.462279,2.852907,7.887140,0.471185,18.000000,0,301.197729
5.190000,19.173429,0.384965,0.171847,0.003633,0.000539,0.015140,2.697262,-1.420238,-5.338505,12.222883,2.437412,19.178063,0.513516,1.150185,-1.933754,0.664934,1.851433,0.309452,-0.346990,0.323362,-1.461740,2.854352,7.882135,0.471185,18.000000,0,301.006582
5.200000,19.172971,0.385423,0.171903,0.003552,0.000539,0.015184,2.699274,-1.419929,-5.329818,12.216641,2.424335,19.177615,0.513694,1.151583,-1.933623,0.664909,1.851796,0.309793,-0.347984,0.323172,-1.461201,2.855750,7.877129,0.471185,18.000000,0,300.815436
5.210000,19.172510,0.385876,0.171959,0.003470,0.000539,0.015227,2.701240,-1.419620,-5.321106,12.210400,2.411290,19.177164,0.513873,1.152963,-1.933493,0.664884,1.852162,0.310127,-0.348968,0.322981,-1.460662,2.857101,7.872124,0.471185,18.000000,0,300.624293
5.220000,19.172046,0.386323,0.172015,0.003389,0.000539,0.015269,2.703158,-1.419311,-5.312369,12.204159,2.398277,19.176710,0.514055,1.154325,-1.933366,0.664860,1.852529,0.310452,-0.349941,0.322791,-1.460123,2.858407,7.867119,0.471185,18.000000,0,300.433152
5.230000,19.171579,0.386763,0.172073,0.003308,0.000539,0.015311,2.705030,-1.419002,-5.303609,12.197919,2.385296,19.176252,0.514239,1.155670,-1.933241,0.664835,1.852899,0.310768,-0.350904,0.322602,-1.459584,2.859666,7.862114,0.471185,18.000000,0,300.242012
5.240000,19.171109,0.387198,0.172130,0.003228,0.000539,0.015353,2.706856,-1.418693,-5.294824,12.191679,2.372346,19.175791,0.514424,1.156996,-1.933118,0.664811,1.853271,0.311077,-0.351856,0.322413,-1.459045,2.860879,7.857109,0.471185,18.000000,0,300.050875
5.250000,19.170636,0.387627,0.172189,0.003148,0.000539,0.015394,2.708636,-1.418385,-5.286016,12.185439,2.359429,19.175327,0.514612,1.158306,-1.932997,0.664786,1.853644,0.311378,-0.352798,0.322224,-1.458506,2.862046,7.852104,0.471185,18.000000,0,299.859740
5.260000,19.170160,0.388050,0.172248,0.003069,0.000539,0.015434,2.710370,-1.418076,-5.277185,12.179200,2.346543,19.174860,0.514802,1.159598,-1.932878,0.664762,1.854020,0.311670,-0.353729,0.322036,-1.457966,2.863168,7.847099,0.471185,18.000000,0,299.668608
5.270000,19.169680,0.388467,0.172308,0.002989,0.000538,0.015475,2.712058,-1.417767,-5.268330,12.172962,2.333689,19.174390,0.514994,1.160872,-1.932761,0.664738,1.854398,0.311955,-0.354650,0.321848,-1.457427,2.864245,7.842094,0.471185,18.000000,0,299.477477
5.280000,19.169198,0.388878,0.172369,0.002911,0.000538,0.015514,2.713701,-1.417459,-5.259452,12.166723,2.320867,19.173917,0.515188,1.162129,-1.932647,0.664713,1.854777,0.312232,-0.355561,0.321661,-1.456887,2.865277,7.837089,0.471185,18.000000,0,299.286349
5.290000,19.168712,0.389283,0.172430,0.002832,0.000538,0.015554,2.715299,-1.417150,-5.250552,12.160485,2.308076,19.173440,0.515384,1.163369,-1.932534,0.664689,1.855159,0.312500,-0.356461,0.321474,-1.456347,2.866265,7.832084,0.471185,18.000000,0,299.095223
5.300000,19.168224,0.389682,0.172492,0.002754,0.000538,0.015592,2.716852,-1.416841,-5.241629,12.154248,2.295318,19.172960,0.515582,1.164592,-1.932424,0.664665,1.855543,0.312761,-0.357351,0.321287,-1.455807,2.867208,7.827079,0.471185,18.000000,0,298.904100
5.310000,19.167732,0.390076,0.172555,0.002677,0.000538,0.015631,2.718361,-1.416533,-5.232684,12.148011,2.282592,19.172477,0.515782,1.165798,-1.932315,0.664641,1.855929,0.313014,-0.358231,0.321101,-1.455267,2.868106,7.822075,0.471185,18.000000,0,298.712979
5.320000,19.167237,0.390464,0.172618,0.002600,0.000538,0.015669,2.719824,-1.416224,-5.223718,12.141774,2.269897,19.171991,0.515985,1.166987,-1.932209,0.664617,1.856317,0.313259,-0.359101,0.320915,-1.454727,2.868961,7.817070,0.471185,18.000000,0,298.521860
5.330000,19.166740,0.390846,0.172682,0.002523,0.000538,0.015706,2.721244,-1.415916,-5.214729,12.135537,2.257235,19.171502,0.516189,1.168159,-1.932105,0.664592,1.856706,0.313497,-0.359961,0.320730,-1.454187,2.869772,7.812065,0.471185,18.000000,0,298.330744
5.340000,19.166239,0.391222,0.172746,0.002447,0.000538,0.015743,2.722620,-1.415607,-5.205720,12.129301,2.244604,19.171010,0.516395,1.169314,-1.932002,0.664568,1.857098,0.313727,-0.360811,0.320545,-1.453647,2.870540,7.807061,0.471185,18.000000,0,298.139630
5.350000,19.165735,0.391593,0.172811,0.002371,0.000538,0.015780,2.723952,-1.415299,-5.196689,12.123065,2.232006,19.170514,0.516604,1.170452,-1.931902,0.664544,1.857492,0.313949,-0.361651,0.320360,-1.453107,2.871264,7.802057,0.471185,18.000000,0,297.948519
5.360000,19.165228,0.391958,0.172877,0.002295,0.000538,0.015816,2.725240,-1.414990,-5.187637,12.116830,2.219439,19.170015,0.516814,1.171574,-1.931804,0.664520,1.857888,0.314163,-0.362481,0.320176,-1.452566,2.871945,7.797052,0.471185,18.000000,0,297.757410
5.370000,19.164718,0.392317,0.172944,0.002220,0.000538,0.015852,2.726485,-1.414682,-5.178565,12.110595,2.206905,19.169514,0.517027,1.172679,-1.931708,0.664496,1.858286,0.314370,-0.363301,0.319992,-1.452025,2.872583,7.792048,0.471185,18.000000,0,297.566305
5.380000,19.164205,0.392671,0.173011,0.002145,0.000538,0.015887,2.727687,-1.414373,-5.169472,12.104360,2.194402,19.169009,0.517241,1.173767,-1.931614,0.664473,1.858686,0.314569,-0.364111,0.319809,-1.451485,2.873179,7.787044,0.471185,18.000000,0,297.375201
5.390000,19.163689,0.393019,0.173079,0.002071,0.000538,0.015922,2.728847,-1.414065,-5.160359,12.098126,2.181932,19.168501,0.517458,1.174839,-1.931522,0.664449,1.859088,0.314761,-0.364911,0.319626,-1.450944,2.873733,7.782040,0.471185,18.000000,0,297.184101
5.400000,19.163170,0.393362,0.173147,0.001997,0.000538,0.015957,2.729963,-1.413756,-5.151227,12.091891,2.169493,19.167989,0.517676,1.175895,-1.931432,0.664425,1.859493,0.314945,-0.365702,0.319444,-1.450403,2.874244,7.777035,0.471185,18.000000,0,296.993003
5.410000,19.162648,0.393699,0.173216,0.001923,0.000538,0.015991,2.731037,-1.413448,-5.142074,12.085658,2.157087,19.167475,0.517897,1.176934,-1.931344,0.664401,1.859899,0.315121,-0.366482,0.319262,-1.449861,2.874713,7.772031,0.471185,18.000000,0,296.801908
5.420000,19.162123,0.394030,0.173286,0.001850,0.000538,0.016024,2.732069,-1.413139,-5.132903,12.079424,2.144712,19.166957,0.518120,1.177957,-1.931259,0.664377,1.860307,0.315291,-0.367253,0.319080,-1.449320,2.875141,7.767028,0.471185,18.000000,0,296.610815
5.430000,19.161595,0.394356,0.173356,0.001777,0.000538,0.016058,2.733059,-1.412830,-5.123712,12.073191,2.132370,19.166437,0.518344,1.178964,-1.931175,0.664354,1.860717,0.315453,-0.368015,0.318899,-1.448778,2.875527,7.762024,0.471185,18.000000,0,296.419726
5.440000,19.161064,0.394677,0.173427,0.001704,0.000538,0.016090,2.734007,-1.412522,-5.114502,12.066958,2.120060,19.165913,0.518571,1.179955,-1.931093,0.664330,1.861129,0.315607,-0.368767,0.318718,-1.448237,2.875872,7.757020,0.471185,18.000000,0,296.228639
5.450000,19.160530,0.394992,0.173499,0.001632,0.000538,0.016123,2.734913,-1.412213,-5.105273,12.060725,2.107781,19.165386,0.518800,1.180929,-1.931013,0.664307,1.861544,0.315755,-0.369509,0.318537,-1.447695,2.876176,7.752016,0.471185,18.000000,0,296.037555
5.460000,19.159993,0.395302,0.173571,0.001560,0.000538,0.016155,2.735778,-1.411905,-5.096027,12.054493,2.095535,19.164856,0.519031,1.181888,-1.930935,0.664283,1.861960,0.315895,-0.370241,0.318358,-1.447153,2.876439,7.747013,0.471185,18.000000,0,295.846474
5.470000,19.159453,0.395606,0.173644,0.001489,0.000538,0.016186,2.736602,-1.411596,-5.086761,12.048261,2.083321,19.164323,0.519264,1.182831,-1.930860,0.664259,1.862379,0.316028,-0.370965,0.318178,-1.446610,2.876662,7.742009,0.471185,18.000000,0,295.655397
5.480000,19.158909,0.395905,0.173718,0.001418,0.000538,0.016218,2.737386,-1.411287,-5.077478,12.042029,2.071139,19.163787,0.519498,1.183758,-1.930786,0.664236,1.862799,0.316153,-0.371678,0.317999,-1.446068,2.876844,7.737006,0.471185,18.000000,0,295.464322
5.490000,19.158363,0.396198,0.173792,0.001347,0.000539,0.016248,2.738128,-1.410979,-5.068177,12.035797,2.058989,19.163248,0.519735,1.184669,-1.930714,0.664213,1.863222,0.316272,-0.372383,0.317820,-1.445525,2.876986,7.732002,0.471185,18.000000,0,295.273250
5.500000,19.157814,0.396487,0.173867,0.001277,0.000539,0.016279,2.738830,-1.410670,-5.058859,12.029566,2.046871,19.162705,0.519974,1.185565,-1.930644,0.664189,1.863646,0.316383,-0.373078,0.317642,-1.444982,2.877088,7.726999,0.471185,18.000000,0,295.082181
5.510000,19.157262,0.396770,0.173943,0.001207,0.000539,0.016309,2.739492,-1.410361,-5.049524,12.023335,2.034786,19.162160,0.520215,1.186445,-1.930576,0.664166,1.864073,0.316487,-0.373763,0.317464,-1.444439,2.877151,7.721996,0.471185,18.000000,0,294.891116
5.520000,19.156707,0.397047,0.174019,0.001137,0.000539,0.016338,2.740113,-1.410052,-5.040171,12.017104,2.022732,19.161611,0.520458,1.187310,-1.930510,0.664143,1.864502,0.316585,-0.374440,0.317286,-1.443896,2.877174,7.716992,0.471185,18.000000,0,294.700053
5.530000,19.156148,0.397320,0.174096,0.001068,0.000539,0.016367,2.740695,-1.409743,-5.030802,12.010874,2.010711,19.161059,0.520703,1.188159,-1.930446,0.664119,1.864932,0.316675,-0.375107,0.317109,-1.443353,2.877158,7.711989,0.471185,18.000000,0,294.508994
5.540000,19.155587,0.397587,0.174173,0.000999,0.000539,0.016396,2.741237,-1.409434,-5.021416,12.004643,1.998721,19.160505,0.520950,1.188993,-1.930385,0.664096,1.865365,0.316758,-0.375765,0.316933,-1.442809,2.877102,7.706986,0.471185,18.000000,0,294.317938
5.550000,19.155023,0.397849,0.174251,0.000931,0.000539,0.016424,2.741740,-1.409125,-5.012013,11.998413,1.986764,19.159947,0.521199,1.189811,-1.930325,0.664073,1.865800,0.316835,-0.376413,0.316757,-1.442265,2.877009,7.701984,0.471185,18.000000,0,294.126885
5.560000,19.154456,0.398106,0.174330,0.000863,0.000539,0.016452,2.742204,-1.408816,-5.002595,11.992183,1.974839,19.159386,0.521450,1.190614,-1.930267,0.664050,1.866237,0.316904,-0.377053,0.316581,-1.441721,2.876876,7.696981,0.471185,18.000000,0,293.935836
5.570000,19.153886,0.398358,0.174409,0.000795,0.000539,0.016480,2.742628,-1.408507,-4.993161,11.985953,1.962946,19.158822,0.521703,1.191402,-1.930210,0.664027,1.866676,0.316967,-0.377684,0.316405,-1.441177,2.876705,7.691978,0.471185,18.000000,0,293.744790
5.580000,19.153313,0.398604,0.174489,0.000728,0.000539,0.016507,2.743014,-1.408198,-4.983711,11.979724,1.951085,19.158255,0.521958,1.192175,-1.930156,0.664004,1.867117,0.317023,-0.378305,0.316231,-1.440632,2.876496,7.686975,0.471185,18.000000,0,293.553747
5.590000,19.152736,0.398846,0.174570,0.000661,0.000540,0.016533,2.743361,-1.407889,-4.974245,11.973495,1.939256,19.157684,0.522215,1.192933,-1.930104,0.663981,1.867560,0.317072,-0.378918,0.316056,-1.440087,2.876249,7.681973,0.471185,18.000000,0,293.362708
5.600000,19.152157,0.399082,0.174651,0.000594,0.000540,0.016560,2.743670,-1.407579,-4.964765,11.967265,1.927460,19.157111,0.522474,1.193676,-1.930054,0.663958,1.868005,0.317114,-0.379521,0.315882,-1.439542,2.875964,7.676970,0.471185,18.000000,0,293.171672
5.610000,19.151575,0.399314,0.174733,0.000528,0.000540,0.016586,2.743941,-1.407270,-4.955269,11.961037,1.915695,19.156535,0.522735,1.194405,-1.930005,0.663935,1.868452,0.317150,-0.380116,0.315708,-1.438997,2.875642,7.671968,0.471185,18.000000,0,292.980640
5.620000,19.150990,0.399540,0.174816,0.000462,0.000540,0.016611,2.744174,-1.406961,-4.945759,11.954808,1.903963,19.155955,0.522998,1.195118,-1.929959,0.663912,1.868902,0.317179,-0.380702,0.315535,-1.438452,2.875283,7.666966,0.471185,18.000000,0,292.789611
5.630000,19.150402,0.399762,0.174899,0.000397,0.000540,0.016636,2.744369,-1.406651,-4.936234,11.948579,1.892262,19.155373,0.523263,1.195817,-1.929914,0.663889,1.869353,0.317201,-0.381279,0.315362,-1.437906,2.874886,7.661964,0.471185,18.000000,0,292.598586
5.640000,19.149811,0.399978,0.174983,0.000332,0.000540,0.016661,2.744527,-1.406341,-4.926695,11.942351,1.880594,19.154787,0.523531,1.196500,-1.929872,0.663866,1.869806,0.317217,-0.381847,0.315190,-1.437360,2.874453,7.656962,0.471185,18.000000,0,292.407564
5.650000,19.149217,0.400189,0.175068,0.000267,0.000540,0.016686,2.744647,-1.406031,-4.917142,11.936122,1.868958,19.154199,0.523800,1.197170,-1.929831,0.663844,1.870262,0.317227,-0.382406,0.315018,-1.436813,2.873983,7.651960,0.471185,18.000000,0,292.216546
5.660000,19.148621,0.400396,0.175153,0.000202,0.000541,0.016710,2.744730,-1.405722,-4.907575,11.929894,1.857354,19.153607,0.524071,1.197825,-1.929792,0.663821,1.870719,0.317229,-0.382957,0.314846,-1.436267,2.873477,7.646958,0.471185,18.000000,0,292.025532
5.670000,19.148021,0.400597,0.175238,0.000138,0.000541,0.016733,2.744777,-1.405412,-4.897994,11.923666,1.845782,19.153012,0.524344,1.198465,-1.929755,0.663798,1.871179,0.317226,-0.383499,0.314675,-1.435720,2.872934,7.641956,0.471185,18.000000,0,291.834521
5.680000,19.147418,0.400794,0.175325,0.000074,0.000541,0.016757,2.744786,-1.405102,-4.888400,11.917439,1.834243,19.152415,0.524619,1.199091,-1.929720,0.663776,1.871641,0.317215,-0.384032,0.314504,-1.435173,2.872355,7.636954,0.471185,18.000000,0,291.643514
5.690000,19.146812,0.400986,0.175412,0.000011,0.000541,0.016779,2.744759,-1.404791,-4.878792,11.911211,1.822735,19.151814,0.524896,1.199703,-1.929687,0.663753,1.872104,0.317199,-0.384557,0.314334,-1.434626,2.871741,7.631953,0.471185,18.000000,0,291.452511
5.700000,19.146203,0.401173,0.175500,-0.000052,0.000541,0.016802,2.744696,-1.404481,-4.869172,11.904983,1.811259,19.151210,0.525175,1.200300,-1.929656,0.663731,1.872570,0.317176,-0.385073,0.314164,-1.434078,2.871091,7.626951,0.471185,18.000000,0,291.261512
5.710000,19.145592,0.401355,0.175588,-0.000115,0.000542,0.016824,2.744597,-1.404171,-4.859539,11.898756,1.799816,19.150603,0.525456,1.200884,-1.929626,0.663708,1.873038,0.317147,-0.385581,0.313995,-1.433530,2.870405,7.621950,0.471185,18.000000,0,291.070517
5.720000,19.144977,0.401533,0.175677,-0.000177,0.000542,0.016846,2.744462,-1.403860,-4.849893,11.892529,1.788404,19.149993,0.525739,1.201453,-1.929599,0.663686,1.873508,0.317111,-0.386080,0.313826,-1.432982,2.869684,7.616948,0.471185,18.000000,0,290.879525
5.730000,19.144360,0.401705,0.175766,-0.000239,0.000542,0.016867,2.744291,-1.403549,-4.840235,11.886302,1.777025,19.149380,0.526024,1.202008,-1.929573,0.663663,1.873980,0.317069,-0.386571,0.313657,-1.432433,2.868929,7.611947,0.471185,18.000000,0,290.688538
5.740000,19.143739,0.401873,0.175856,-0.000300,0.000542,0.016888,2.744085,-1.403238,-4.830564,11.880075,1.765678,19.148765,0.526311,1.202549,-1.929549,0.663641,1.874454,0.317021,-0.387053,0.313489,-1.431884,2.868138,7.606946,0.471185,18.000000,0,290.497554
5.750000,19.143116,0.402036,0.175947,-0.000362,0.000543,0.016909,2.743843,-1.402927,-4.820882,11.873848,1.754362,19.148146,0.526599,1.203076,-1.929527,0.663619,1.874930,0.316967,-0.387527,0.313321,-1.431335,2.867313,7.601945,0.471185,18.000000,0,290.306574
5.760000,19.142490,0.402195,0.176039,-0.000423,0.000543,0.016929,2.743566,-1.402616,-4.811188,11.867621,1.743079,19.147524,0.526890,1.203590,-1.929507,0.663596,1.875408,0.316906,-0.387993,0.313154,-1.430785,2.866454,7.596944,0.471185,18.000000,0,290.115599
5.770000,19.141860,0.402349,0.176131,-0.000483,0.000543,0.016949,2.743255,-1.402305,-4.801482,11.861394,1.731828,19.146899,0.527183,1.204089,-1.929488,0.663574,1.875888,0.316840,-0.388450,0.312987,-1.430235,2.865561,7.591944,0.471185,18.000000,0,289.924627
5.780000,19.141228,0.402498,0.176223,-0.000543,0.000543,0.016969,2.742909,-1.401994,-4.791765,11.855167,1.720609,19.146271,0.527478,1.204575,-1.929472,0.663552,1.876371,0.316767,-0.388900,0.312821,-1.429685,2.864633,7.586943,0.471185,18.000000,0,289.733660
5.790000,19.140593,0.402642,0.176317,-0.000603,0.000544,0.016988,2.742528,-1.401682,-4.782037,11.848941,1.709422,19.145640,0.527775,1.205048,-1.929457,0.663530,1.876855,0.316688,-0.389341,0.312655,-1.429135,2.863672,7.581942,0.471185,18.000000,0,289.542697
5.800000,19.139955,0.402782,0.176411,-0.000663,0.000544,0.017007,2.742113,-1.401370,-4.772298,11.842714,1.698267,19.145006,0.528073,1.205507,-1.929444,0.663508,1.877341,0.316604,-0.389774,0.312489,-1.428584,2.862678,7.576942,0.471185,18.000000,0,289.351738
5.810000,19.139314,0.402918,0.176505,-0.000722,0.000544,0.017026,2.741664,-1.401058,-4.762548,11.836488,1.687144,19.144369,0.528374,1.205952,-1.929432,0.663486,1.877830,0.316513,-0.390198,0.312324,-1.428033,2.861650,7.571942,0.471185,18.000000,0,289.160783
5.820000,19.138670,0.403048,0.176600,-0.000781,0.000545,0.017044,2.741181,-1.400746,-4.752788,11.830261,1.676053,19.143728,0.528677,1.206384,-1.929423,0.663464,1.878320,0.316416,-0.390615,0.312159,-1.427481,2.860589,7.566941,0.471185,18.000000,0,288.969832
5.830000,19.138024,0.403175,0.176696,-0.000839,0.000545,0.017062,2.740665,-1.400434,-4.743017,11.824035,1.664994,19.143085,0.528981,1.206802,-1.929415,0.663442,1.878813,0.316314,-0.391023,0.311995,-1.426929,2.859495,7.561941,0.471185,18.000000,0,288.778886
5.840000,19.137374,0.403296,0.176793,-0.000898,0.000545,0.017079,2.740115,-1.400121,-4.733237,11.817809,1.653967,19.142439,0.529288,1.207207,-1.929410,0.663420,1.879308,0.316205,-0.391424,0.311831,-1.426377,2.858368,7.556941,0.471185,18.000000,0,288.587944
5.850000,19.136721,0.403414,0.176890,-0.000955,0.000545,0.017096,2.739531,-1.399809,-4.723446,11.811583,1.642972,19.141790,0.529597,1.207599,-1.929405,0.663398,1.879804,0.316091,-0.391817,0.311667,-1.425825,2.857208,7.551941,0.471185,18.000000,0,288.397007
5.860000,19.136066,0.403527,0.176987,-0.001013,0.000546,0.017113,2.738915,-1.399496,-4.713646,11.805356,1.632008,19.141138,0.529907,1.207978,-1.929403,0.663377,1.880303,0.315971,-0.392201,0.311504,-1.425272,2.856017,7.546942,0.471185,18.000000,0,288.206074
5.870000,19.135408,0.403635,0.177086,-0.001070,0.000546,0.017129,2.738265,-1.399183,-4.703836,11.799130,1.621077,19.140483,0.530220,1.208344,-1.929403,0.663355,1.880804,0.315845,-0.392578,0.311342,-1.424718,2.854793,7.541942,0.471185,18.000000,0,288.015145
5.880000,19.134746,0.403739,0.177184,-0.001127,0.000546,0.017146,2.737583,-1.398870,-4.694017,11.792904,1.610178,19.139826,0.530534,1.208697,-1.929404,0.663333,1.881307,0.315714,-0.392947,0.311180,-1.424165,2.853537,7.536942,0.471185,18.000000,0,287.824221
5.890000,19.134082,0.403838,0.177284,-0.001183,0.000547,0.017161,2.736869,-1.398556,-4.684188,11.786678,1.599311,19.139165,0.530850,1.209037,-1.929407,0.663312,1.881812,0.315576,-0.393308,0.311018,-1.423611,2.852250,7.531943,0.471185,18.000000,0,287.633301
5.900000,19.133415,0.403933,0.177384,-0.001240,0.000547,0.017177,2.736122,-1.398243,-4.674351,11.780452,1.588475,19.138501,0.531169,1.209363,-1.929411,0.663290,1.882319,0.315433,-0.393662,0.310857,-1.423056,2.850931,7.526944,0.471185,18.000000,0,287.442386
5.910000,19.132745,0.404024,0.177485,-0.001295,0.000548,0.017192,2.735343,-1.397929,-4.664505,11.774226,1.577671,19.137834,0.531489,1.209677,-1.929418,0.663268,1.882828,0.315285,-0.394007,0.310696,-1.422501,2.849581,7.521945,0.471185,18.000000,0,287.251476
5.920000,19.132073,0.404111,0.177586,-0.001351,0.000548,0.017207,2.734532,-1.397615,-4.654651,11.768000,1.566900,19.137164,0.531811,1.209979,-1.929426,0.663247,1.883339,0.315130,-0.394345,0.310535,-1.421946,2.848199,7.516946,0.471185,18.000000,0,287.060570
5.930000,19.131397,0.404193,0.177688,-0.001406,0.000548,0.017221,2.733689,-1.397301,-4.644788,11.761774,1.556160,19.136491,0.532135,1.210267,-1.929436,0.663226,1.883853,0.314970,-0.394675,0.310375,-1.421390,2.846787,7.511947,0.471185,18.000000,0,286.869669
5.940000,19.130718,0.404271,0.177791,-0.001461,0.000549,0.017235,2.732815,-1.396986,-4.634917,11.755548,1.545452,19.135815,0.532461,1.210543,-1.929447,0.663204,1.884368,0.314805,-0.394998,0.310216,-1.420834,2.845344,7.506948,0.471185,18.000000,0,286.678772
5.950000,19.130037,0.404344,0.177894,-0.001515,0.000549,0.017249,2.731909,-1.396671,-4.625038,11.749322,1.534776,19.135137,0.532789,1.210807,-1.929460,0.663183,1.884885,0.314634,-0.395313,0.310057,-1.420278,2.843870,7.501949,0.471185,18.000000,0,286.487880
5.960000,19.129353,0.404414,0.177998,-0.001570,0.000550,0.017262,2.730972,-1.396356,-4.615151,11.743096,1.524131,19.134455,0.533119,1.211058,-1.929475,0.663161,1.885405,0.314458,-0.395621,0.309898,-1.419721,2.842366,7.496951,0.471185,18.000000,0,286.296993
5.970000,19.128665,0.404479,0.178102,-0.001624,0.000550,0.017275,2.730004,-1.396041,-4.605257,11.736870,1.513519,19.133770,0.533451,1.211296,-1.929492,0.663140,1.885926,0.314276,-0.395921,0.309740,-1.419164,2.840831,7.491952,0.471185,18.000000,0,286.106111
5.980000,19.127975,0.404540,0.178207,-0.001677,0.000550,0.017288,2.729006,-1.395726,-4.595355,11.730644,1.502938,19.133083,0.533785,1.211522,-1.929510,0.663119,1.886450,0.314089,-0.396213,0.309582,-1.418606,2.839267,7.486954,0.471185,18.000000,0,285.915234
5.990000,19.127282,0.404597,0.178313,-0.001730,0.000551,0.017301,2.727976,-1.395410,-4.585446,11.724418,1.492389,19.132392,0.534120,1.211736,-1.929530,0.663098,1.886976,0.313896,-0.396498,0.309424,-1.418048,2.837673,7.481956,0.471185,18.000000,0,285.724361
6.000000,19.126587,0.404649,0.178419,-0.001783,0.000551,0.017313,2.726917,-1.395094,-4.575530,11.718192,1.481872,19.131699,0.534458,1.211937,-1.929552,0.663077,1.887503,0.313698,-0.396776,0.309267,-1.417490,2.836049,7.476958,0.471185,18.000000,0,285.533494
6.010000,19.125888,0.404698,0.178526,-0.001836,0.000552,0.017324,2.725827,-1.394778,-4.565607,11.711966,1.471386,19.131002,0.534798,1.212127,-1.929575,0.663056,1.888033,0.313495,-0.397046,0.309111,-1.416931,2.834396,7.471960,0.471185,18.000000,0,285.342631
6.020000,19.125187,0.404742,0.178633,-0.001888,0.000552,0.017336,2.724706,-1.394461,-4.555677,11.705739,1.460932,19.130303,0.535139,1.212304,-1.929600,0.663035,1.888565,0.313287,-0.397309,0.308955,-1.416371,2.832714,7.466962,0.471185,18.000000,0,285.151774
6.030000,19.124482,0.404782,0.178741,-0.001940,0.000553,0.017347,2.723557,-1.394144,-4.545741,11.699513,1.450510,19.129601,0.535482,1.212469,-1.929627,0.663014,1.889099,0.313073,-0.397565,0.308799,-1.415811,2.831003,7.461964,0.471185,18.000000,0,284.960921
6.040000,19.123775,0.404819,0.178850,-0.001991,0.000553,0.017358,2.722377,-1.393827,-4.535799,11.693287,1.440119,19.128895,0.535828,1.212622,-1.929655,0.662993,1.889635,0.312854,-0.397814,0.308644,-1.415251,2.829262,7.456967,0.471185,18.000000,0,284.770073
6.050000,19.123065,0.404851,0.178959,-0.002043,0.000554,0.017368,2.721168,-1.393510,-4.525850,11.687061,1.429761,19.128187,0.536175,1.212764,-1.929685,0.662972,1.890173,0.312630,-0.398055,0.308489,-1.414690,2.827493,7.451969,0.471185,18.000000,0,284.579231
6.060000,19.122352,0.404879,0.179069,-0.002094,0.000554,0.017379,2.719929,-1.393192,-4.515896,11.680834,1.419433,19.127476,0.536524,1.212893,-1.929716,0.662951,1.890713,0.312401,-0.398289,0.308334,-1.414129,2.825696,7.446972,0.471185,18.000000,0,284.388394
6.070000,19.121636,0.404903,0.179180,-0.002144,0.000555,0.017389,2.718662,-1.392874,-4.505936,11.674608,1.409138,19.126762,0.536875,1.213011,-1.929749,0.662930,1.891255,0.312166,-0.398516,0.308180,-1.413567,2.823870,7.441975,0.471185,18.000000,0,284.197562
6.080000,19.120918,0.404923,0.179291,-0.002195,0.000555,0.017398,2.717365,-1.392556,-4.495970,11.668381,1.398874,19.126045,0.537228,1.213117,-1.929784,0.662910,1.891800,0.311927,-0.398736,0.308027,-1.413005,2.822017,7.436978,0.471185,18.000000,0,284.006735
6.090000,19.120197,0.404939,0.179402,-0.002245,0.000556,0.017407,2.716040,-1.392238,-4.485999,11.662155,1.388641,19.125326,0.537583,1.213211,-1.929820,0.662889,1.892346,0.311682,-0.398948,0.307874,-1.412443,2.820135,7.431981,0.471185,18.000000,0,283.815913
6.100000,19.119472,0.404952,0.179515,-0.002294,0.000556,0.017416,2.714686,-1.391919,-4.476023,11.655928,1.378441,19.124603,0.537940,1.213293,-1.929858,0.662868,1.892894,0.311433,-0.399154,0.307721,-1.411880,2.818226,7.426985,0.471185,18.000000,0,283.625097
6.110000,19.118745,0.404960,0.179627,-0.002344,0.000557,0.017425,2.713304,-1.391600,-4.466041,11.649701,1.368271,19.123877,0.538298,1.213364,-1.929898,0.662848,1.893445,0.311178,-0.399353,0.307569,-1.411316,2.816289,7.421988,0.471185,18.000000,0,283.434286
6.120000,19.118015,0.404964,0.179741,-0.002393,0.000557,0.017433,2.711893,-1.391280,-4.456055,11.643474,1.358133,19.123149,0.538659,1.213424,-1.929939,0.662827,1.893997,0.310919,-0.399545,0.307417,-1.410752,2.814324,7.416992,0.471185,18.000000,0,283.243480
6.130000,19.117283,0.404965,0.179855,-0.002442,0.000558,0.017441,2.710454,-1.390960,-4.446064,11.637247,1.348027,19.122417,0.539021,1.213472,-1.929982,0.662807,1.894552,0.310654,-0.399729,0.307266,-1.410188,2.812333,7.411995,0.471185,18.000000,0,283.052680
6.140000,19.116547,0.404962,0.179970,-0.002490,0.000559,0.017449,2.708988,-1.390640,-4.436068,11.631020,1.337952,19.121683,0.539386,1.213509,-1.930026,0.662787,1.895108,0.310385,-0.399907,0.307115,-1.409623,2.810314,7.406999,0.471185,18.000000,0,282.861885
6.150000,19.115809,0.404955,0.180085,-0.002538,0.000559,0.017457,2.707493,-1.390320,-4.426068,11.624793,1.327909,19.120946,0.539752,1.213534,-1.930072,0.662766,1.895667,0.310111,-0.400079,0.306964,-1.409057,2.808269,7.402003,0.471185,18.000000,0,282.671096
6.160000,19.115068,0.404944,0.180201,-0.002586,0.000560,0.017464,2.705972,-1.389999,-4.416064,11.618566,1.317897,19.120206,0.540120,1.213548,-1.930119,0.662746,1.896228,0.309832,-0.400243,0.306814,-1.408491,2.806197,7.397007,0.471185,18.000000,0,282.480312
6.170000,19.114324,0.404929,0.180317,-0.002634,0.000560,0.017471,2.704422,-1.389678,-4.406056,11.612338,1.307916,19.119463,0.540490,1.213551,-1.930168,0.662726,1.896791,0.309548,-0.400400,0.306665,-1.407925,2.804098,7.392012,0.471185,18.000000,0,282.289534
6.180000,19.113577,0.404910,0.180434,-0.002681,0.000561,0.017477,2.702846,-1.389356,-4.396044,11.606111,1.297967,19.118717,0.540862,1.213543,-1.930218,0.662705,1.897355,0.309259,-0.400551,0.306516,-1.407358,2.801974,7.387016,0.471185,18.000000,0,282.098761
6.190000,19.112827,0.404888,0.180552,-0.002728,0.000562,0.017484,2.701243,-1.389035,-4.386028,11.599883,1.288049,19.117968,0.541236,1.213524,-1.930270,0.662685,1.897922,0.308966,-0.400695,0.306367,-1.406790,2.799823,7.382021,0.471185,18.000000,0,281.907994
6.200000,19.112075,0.404862,0.180670,-0.002774,0.000562,0.017490,2.699613,-1.388712,-4.376009,11.593656,1.278162,19.117216,0.541611,1.213494,-1.930324,0.662665,1.898491,0.308668,-0.400833,0.306219,-1.406222,2.797646,7.377025,0.471185,18.000000,0,281.717232
6.210000,19.111320,0.404833,0.180789,-0.002821,0.000563,0.017495,2.697956,-1.388390,-4.365986,11.587428,1.268307,19.116462,0.541989,1.213453,-1.930379,0.662645,1.899062,0.308365,-0.400963,0.306071,-1.405653,2.795443,7.372030,0.471185,18.000000,0,281.526477
6.220000,19.110562,0.404799,0.180908,-0.002867,0.000563,0.017501,2.696273,-1.388067,-4.355960,11.581200,1.258483,19.115704,0.542368,1.213401,-1.930435,0.662625,1.899635,0.308058,-0.401088,0.305923,-1.405084,2.793215,7.367035,0.471185,18.000000,0,281.335727
6.230000,19.109801,0.404762,0.181028,-0.002912,0.000564,0.017506,2.694563,-1.387744,-4.345932,11.574971,1.248690,19.114944,0.542749,1.213338,-1.930493,0.662605,1.900211,0.307746,-0.401205,0.305777,-1.404515,2.790962,7.362040,0.471185,18.000000,0,281.144982
6.240000,19.109037,0.404721,0.181149,-0.002958,0.000565,0.017511,2.692827,-1.387420,-4.335900,11.568743,1.238929,19.114181,0.543133,1.213265,-1.930553,0.662585,1.900788,0.307429,-0.401316,0.305630,-1.403945,2.788683,7.357046,0.471185,18.000000,0,280.954244
6.250000,19.108271,0.404677,0.181270,-0.003003,0.000565,0.017515,2.691066,-1.387096,-4.325866,11.562515,1.229199,19.113415,0.543518,1.213181,-1.930614,0.662566,1.901367,0.307108,-0.401421,0.305484,-1.403374,2.786379,7.352051,0.471185,18.000000,0,280.763511
6.260000,19.107502,0.404629,0.181391,-0.003048,0.000566,0.017520,2.689278,-1.386772,-4.315829,11.556286,1.219499,19.112646,0.543904,1.213086,-1.930676,0.662546,1.901948,0.306783,-0.401519,0.305338,-1.402803,2.784051,7.347057,0.471185,18.000000,0,280.572784
6.270000,19.106730,0.404578,0.181514,-0.003092,0.000567,0.017524,2.687465,-1.386447,-4.305790,11.550057,1.209831,19.111874,0.544293,1.212980,-1.930740,0.662526,1.902532,0.306452,-0.401611,0.305193,-1.402231,2.781697,7.342063,0.471185,18.000000,0,280.382063
6.280000,19.105955,0.404523,0.181637,-0.003137,0.000567,0.017527,2.685627,-1.386122,-4.295748,11.543828,1.200195,19.111100,0.544684,1.212864,-1.930805,0.662506,1.903117,0.306118,-0.401696,0.305048,-1.401659,2.779319,7.337069,0.471185,18.000000,0,280.191348
6.290000,19.105177,0.404464,0.181760,-0.003181,0.000568,0.017531,2.683763,-1.385796,-4.285705,11.537599,1.190589,19.110323,0.545076,1.212738,-1.930872,0.662487,1.903705,0.305779,-0.401775,0.304904,-1.401086,2.776917,7.332075,0.471185,18.000000,0,280.000639
6.300000,19.104397,0.404402,0.181884,-0.003224,0.000569,0.017534,2.681874,-1.385470,-4.275659,11.531370,1.181014,19.109542,0.545470,1.212601,-1.930941,0.662467,1.904294,0.305435,-0.401847,0.304760,-1.400512,2.774491,7.327081,0.471185,18.000000,0,279.809936
6.310000,19.103614,0.404336,0.182009,-0.003268,0.000570,0.017537,2.679960,-1.385144,-4.265612,11.525140,1.171470,19.108759,0.545867,1.212454,-1.931010,0.662448,1.904886,0.305088,-0.401914,0.304617,-1.399938,2.772040,7.322087,0.471185,18.000000,0,279.619239
6.320000,19.102828,0.404267,0.182134,-0.003311,0.000570,0.017539,2.678022,-1.384817,-4.255563,11.518911,1.161958,19.107973,0.546265,1.212297,-1.931082,0.662428,1.905479,0.304735,-0.401974,0.304474,-1.399364,2.769566,7.317094,0.471185,18.000000,0,279.428548
6.330000,19.102039,0.404195,0.182260,-0.003353,0.000571,0.017542,2.676058,-1.384490,-4.245513,11.512681,1.152476,19.107185,0.546665,1.212129,-1.931154,0.662409,1.906075,0.304379,-0.402027,0.304331,-1.398788,2.767068,7.312101,0.471185,18.000000,0,279.237863
6.340000,19.101248,0.404119,0.182386,-0.003396,0.000572,0.017544,2.674071,-1.384162,-4.235462,11.506451,1.143025,19.106393,0.547066,1.211951,-1.931228,0.662390,1.906673,0.304018,-0.402075,0.304189,-1.398213,2.764547,7.307108,0.471185,18.000000,0,279.047185
6.350000,19.100454,0.404039,0.182513,-0.003438,0.000573,0.017546,2.672059,-1.383834,-4.225409,11.500221,1.133605,19.105599,0.547470,1.211763,-1.931304,0.662370,1.907273,0.303653,-0.402117,0.304047,-1.397636,2.762002,7.302115,0.471185,18.000000,0,278.856512
6.360000,19.099657,0.403956,0.182641,-0.003480,0.000573,0.017547,2.670023,-1.383505,-4.215356,11.493990,1.124216,19.104801,0.547875,1.211565,-1.931381,0.662351,1.907874,0.303284,-0.402152,0.303906,-1.397059,2.759434,7.297122,0.471185,18.000000,0,278.665846
6.370000,19.098857,0.403870,0.182769,-0.003522,0.000574,0.017548,2.667963,-1.383176,-4.205301,11.487760,1.114858,19.104001,0.548282,1.211357,-1.931459,0.662332,1.908478,0.302911,-0.402181,0.303765,-1.396482,2.756843,7.292129,0.471185,18.000000,0,278.475186
6.380000,19.098055,0.403780,0.182898,-0.003563,0.000575,0.017549,2.665879,-1.382847,-4.195246,11.481529,1.105531,19.103198,0.548692,1.211139,-1.931539,0.662313,1.909084,0.302533,-0.402204,0.303625,-1.395904,2.754230,7.287137,0.471185,18.000000,0,278.284532
6.390000,19.097250,0.403687,0.183027,-0.003604,0.000576,0.017550,2.663772,-1.382517,-4.185191,11.475298,1.096235,19.102393,0.549103,1.210912,-1.931620,0.662294,1.909692,0.302151,-0.402222,0.303485,-1.395325,2.751593,7.282145,0.471185,18.000000,0,278.093885
6.400000,19.096442,0.403591,0.183157,-0.003645,0.000576,0.017551,2.661641,-1.382187,-4.175135,11.469067,1.086969,19.101584,0.549515,1.210674,-1.931702,0.662275,1.910302,0.301765,-0.402233,0.303346,-1.394746,2.748934,7.277153,0.471185,18.000000,0,277.903244
6.410000,19.095631,0.403492,0.183287,-0.003685,0.000577,0.017551,2.659487,-1.381856,-4.165079,11.462835,1.077734,19.100773,0.549930,1.210427,-1.931786,0.662256,1.910914,0.301375,-0.402238,0.303207,-1.394166,2.746253,7.272161,0.471185,18.000000,0,277.712609
6.420000,19.094817,0.403389,0.183418,-0.003725,0.000578,0.017551,2.657310,-1.381525,-4.155023,11.456604,1.068530,19.099959,0.550346,1.210169,-1.931871,0.662237,1.911528,0.300981,-0.402238,0.303068,-1.393586,2.743550,7.267169,0.471185,18.000000,0,277.521981
6.430000,19.094001,0.403283,0.183550,-0.003765,0.000579,0.017551,2.655110,-1.381193,-4.144967,11.450372,1.059356,19.099142,0.550765,1.209903,-1.931958,0.662218,1.912144,0.300583,-0.402231,0.302930,-1.393004,2.740824,7.262177,0.471185,18.000000,0,277.331359
6.440000,19.093182,0.403173,0.183682,-0.003805,0.000580,0.017550,2.652887,-1.380861,-4.134911,11.444139,1.050213,19.098322,0.551185,1.209626,-1.932046,0.662199,1.912763,0.300181,-0.402219,0.302792,-1.392423,2.738077,7.257186,0.471185,18.000000,0,277.140744
6.450000,19.092361,0.403061,0.183815,-0.003844,0.000581,0.017549,2.650641,-1.380528,-4.124856,11.437907,1.041101,19.097499,0.551607,1.209341,-1.932135,0.662180,1.913383,0.299775,-0.402200,0.302655,-1.391840,2.735308,7.252195,0.471185,18.000000,0,276.950135
6.460000,19.091536,0.402945,0.183948,-0.003884,0.000581,0.017548,2.648373,-1.380195,-4.114801,11.431674,1.032019,19.096674,0.552030,1.209045,-1.932225,0.662162,1.914005,0.299365,-0.402176,0.302518,-1.391257,2.732518,7.247203,0.471185,18.000000,0,276.759533
6.470000,19.090709,0.402826,0.184082,-0.003922,0.000582,0.017547,2.646083,-1.379862,-4.104747,11.425442,1.022968,19.095846,0.552456,1.208741,-1.932317,0.662143,1.914629,0.298951,-0.402147,0.302382,-1.390674,2.729706,7.242213,0.471185,18.000000,0,276.568938
6.480000,19.089879,0.402703,0.184216,-0.003961,0.000583,0.017545,2.643770,-1.379527,-4.094693,11.419208,1.013948,19.095015,0.552883,1.208426,-1.932411,0.662125,1.915256,0.298534,-0.402111,0.302246,-1.390090,2.726873,7.237222,0.471185,18.000000,0,276.378349
6.490000,19.089047,0.402578,0.184351,-0.003999,0.000584,0.017544,2.641436,-1.379193,-4.084641,11.412975,1.004958,19.094181,0.553312,1.208103,-1.932505,0.662106,1.915884,0.298112,-0.402070,0.302110,-1.389505,2.724019,7.232231,0.471185,18.000000,0,276.187767
6.500000,19.088211,0.402450,0.184486,-0.004037,0.000585,0.017542,2.639079,-1.378858,-4.074590,11.406741,0.995998,19.093345,0.553743,1.207770,-1.932601,0.662088,1.916515,0.297687,-0.402023,0.301975,-1.388919,2.721144,7.227241,0.471185,18.000000,0,275.997191
6.510000,19.087373,0.402318,0.184623,-0.004075,0.000586,0.017539,2.636701,-1.378522,-4.064539,11.400508,0.987069,19.092506,0.554176,1.207428,-1.932698,0.662069,1.917147,0.297258,-0.401971,0.301841,-1.388333,2.718249,7.222251,0.471185,18.000000,0,275.806623
6.520000,19.086533,0.402183,0.184759,-0.004112,0.000587,0.017537,2.634302,-1.378186,-4.054491,11.394273,0.978170,19.091664,0.554611,1.207077,-1.932797,0.662051,1.917781,0.296825,-0.401913,0.301707,-1.387746,2.715333,7.217261,0.471185,18.000000,0,275.616061
6.530000,19.085689,0.402046,0.184896,-0.004149,0.000588,0.017534,2.631881,-1.377849,-4.044444,11.388039,0.969301,19.090819,0.555047,1.206717,-1.932896,0.662033,1.918418,0.296388,-0.401849,0.301573,-1.387159,2.712396,7.212271,0.471185,18.000000,0,275.425506
6.540000,19.084843,0.401905,0.185034,-0.004186,0.000588,0.017531,2.629438,-1.377512,-4.034398,11.381804,0.960463,19.089971,0.555485,1.206348,-1.932997,0.662014,1.919057,0.295947,-0.401780,0.301440,-1.386571,2.709440,7.207281,0.471185,18.000000,0,275.234958
6.550000,19.083994,0.401761,0.185173,-0.004223,0.000589,0.017528,2.626975,-1.377174,-4.024354,11.375569,0.951655,19.089121,0.555925,1.205970,-1.933100,0.661996,1.919697,0.295503,-0.401706,0.301307,-1.385982,2.706463,7.202292,0.471185,18.000000,0,275.044416
6.560000,19.083143,0.401614,0.185311,-0.004259,0.000590,0.017524,2.624491,-1.376836,-4.014312,11.369334,0.942877,19.088268,0.556367,1.205583,-1.933203,0.661978,1.920340,0.295055,-0.401626,0.301175,-1.385392,2.703466,7.197302,0.471185,18.000000,0,274.853882
6.570000,19.082288,0.401464,0.185451,-0.004295,0.000591,0.017520,2.621986,-1.376497,-4.004273,11.363099,0.934130,19.087412,0.556811,1.205187,-1.933308,0.661960,1.920984,0.294604,-0.401540,0.301043,-1.384802,2.700450,7.192313,0.471185,18.000000,0,274.663354
6.580000,19.081431,0.401311,0.185591,-0.004331,0.000592,0.017517,2.619461,-1.376158,-3.994235,11.356863,0.925413,19.086553,0.557256,1.204782,-1.933414,0.661942,1.921631,0.294149,-0.401449,0.300911,-1.384212,2.697413,7.187324,0.471185,18.000000,0,274.472834
6.590000,19.080572,0.401155,0.185732,-0.004367,0.000593,0.017512,2.616915,-1.375818,-3.984200,11.350627,0.916725,19.085692,0.557703,1.204368,-1.933522,0.661924,1.922280,0.293690,-0.401353,0.300780,-1.383620,2.694358,7.182335,0.471185,18.000000,0,274.282320
6.600000,19.079709,0.400997,0.185873,-0.004402,0.000594,0.017508,2.614348,-1.375478,-3.974167,11.344390,0.908068,19.084828,0.558152,1.203946,-1.933630,0.661906,1.922930,0.293228,-0.401252,0.300650,-1.383028,2.691283,7.177347,0.471185,18.000000,0,274.091814
6.610000,19.078844,0.400835,0.186014,-0.004437,0.000595,0.017503,2.611762,-1.375137,-3.964137,11.338154,0.899441,19.083961,0.558603,1.203515,-1.933740,0.661889,1.923583,0.292762,-0.401145,0.300520,-1.382435,2.688189,7.172358,0.471185,18.000000,0,273.901315
6.620000,19.077976,0.400670,0.186157,-0.004472,0.000596,0.017498,2.609156,-1.374795,-3.954110,11.331917,0.890845,19.083091,0.559055,1.203076,-1.933851,0.661871,1.924238,0.292293,-0.401033,0.300390,-1.381842,2.685076,7.167370,0.471185,18.000000,0,273.710823
6.630000,19.077106,0.400503,0.186299,-0.004507,0.000597,0.017493,2.606529,-1.374453,-3.944085,11.325679,0.882278,19.082219,0.559510,1.202628,-1.933963,0.661853,1.924895,0.291820,-0.400915,0.300261,-1.381247,2.681944,7.162382,0.471185,18.000000,0,273.520338
6.640000,19.076233,0.400332,0.186443,-0.004541,0.000598,0.017488,2.603883,-1.374111,-3.934064,11.319442,0.873741,19.081344,0.559966,1.202171,-1.934077,0.661836,1.925554,0.291344,-0.400793,0.300132,-1.380653,2.678794,7.157394,0.471185,18.000000,0,273.329860
6.650000,19.075357,0.400159,0.186587,-0.004575,0.000599,0.017482,2.601218,-1.373768,-3.924045,11.313204,0.865234,19.080466,0.560424,1.201706,-1.934191,0.661818,1.926215,0.290864,-0.400665,0.300004,-1.380057,2.675625,7.152407,0.471185,18.000000,0,273.139389
6.660000,19.074478,0.399983,0.186731,-0.004609,0.000600,0.017477,2.598533,-1.373424,-3.914030,11.306965,0.856756,19.079585,0.560883,1.201233,-1.934307,0.661801,1.926877,0.290381,-0.400532,0.299876,-1.379461,2.672437,7.147419,0.471185,18.000000,0,272.948926
6.670000,19.073597,0.399804,0.186876,-0.004642,0.000601,0.017470,2.595829,-1.373079,-3.904018,11.300727,0.848309,19.078702,0.561345,1.200751,-1.934424,0.661783,1.927542,0.289895,-0.400394,0.299748,-1.378864,2.669231,7.142432,0.471185,18.000000,0,272.758470
6.680000,19.072713,0.399622,0.187022,-0.004675,0.000602,0.017464,2.593106,-1.372734,-3.894010,11.294488,0.839892,19.077816,0.561808,1.200261,-1.934542,0.661766,1.928209,0.289405,-0.400251,0.299621,-1.378266,2.666008,7.137445,0.471185,18.000000,0,272.568022
6.690000,19.071827,0.399438,0.187168,-0.004708,0.000603,0.017458,2.590363,-1.372389,-3.884006,11.288249,0.831504,19.076927,0.562273,1.199762,-1.934662,0.661748,1.928878,0.288912,-0.400103,0.299495,-1.377668,2.662766,7.132458,0.471185,18.000000,0,272.377580
6.700000,19.070938,0.399251,0.187314,-0.004741,0.000604,0.017451,2.587602,-1.372043,-3.874005,11.282009,0.823146,19.076036,0.562740,1.199256,-1.934782,0.661731,1.929549,0.288416,-0.399950,0.299369,-1.377069,2.659506,7.127471,0.471185,18.000000,0,272.187147
6.710000,19.070046,0.399061,0.187461,-0.004773,0.000605,0.017444,2.584823,-1.371696,-3.864008,11.275769,0.814817,19.075142,0.563208,1.198741,-1.934904,0.661714,1.930222,0.287916,-0.399791,0.299243,-1.376469,2.656229,7.122485,0.471185,18.000000,0,271.996720
6.720000,19.069151,0.398868,0.187609,-0.004806,0.000606,0.017437,2.582025,-1.371349,-3.854015,11.269529,0.806519,19.074245,0.563678,1.198219,-1.935027,0.661697,1.930897,0.287413,-0.399628,0.299118,-1.375868,2.652935,7.117498,0.471185,18.000000,0,271.806301
6.730000,19.068254,0.398672,0.187757,-0.004838,0.000607,0.017430,2.579208,-1.371001,-3.844026,11.263289,0.798250,19.073345,0.564150,1.197688,-1.935151,0.661680,1.931574,0.286907,-0.399460,0.298993,-1.375267,2.649623,7.112512,0.471185,18.000000,0,271.615890
6.740000,19.067354,0.398474,0.187906,-0.004869,0.000608,0.017422,2.576373,-1.370652,-3.834042,11.257048,0.790010,19.072443,0.564624,1.197149,-1.935276,0.661663,1.932253,0.286398,-0.399287,0.298869,-1.374665,2.646293,7.107526,0.471185,18.000000,0,271.425486
6.750000,19.066452,0.398273,0.188056,-0.004901,0.000610,0.017414,2.573521,-1.370303,-3.824062,11.250806,0.781800,19.071538,0.565100,1.196602,-1.935403,0.661646,1.932934,0.285886,-0.399109,0.298745,-1.374062,2.642947,7.102541,0.471185,18.000000,0,271.235090
6.760000,19.065546,0.398070,0.188206,-0.004932,0.000611,0.017406,2.570650,-1.369953,-3.814086,11.244565,0.773620,19.070630,0.565577,1.196048,-1.935530,0.661629,1.933617,0.285370,-0.398927,0.298622,-1.373459,2.639584,7.097555,0.471185,18.000000,0,271.044701
6.770000,19.064639,0.397864,0.188356,-0.004963,0.000612,0.017398,2.567761,-1.369603,-3.804115,11.238323,0.765469,19.069720,0.566056,1.195486,-1.935659,0.661612,1.934302,0.284851,-0.398739,0.298499,-1.372855,2.636204,7.092570,0.471185,18.000000,0,270.854320
6.780000,19.063728,0.397655,0.188507,-0.004994,0.000613,0.017390,2.564855,-1.369252,-3.794149,11.232081,0.757348,19.068807,0.566537,1.194915,-1.935788,0.661595,1.934989,0.284330,-0.398547,0.298377,-1.372250,2.632807,7.087585,0.471185,18.000000,0,270.663947
6.790000,19.062815,0.397444,0.188659,-0.005024,0.000614,0.017381,2.561931,-1.368900,-3.784187,11.225838,0.749255,19.067891,0.567019,1.194338,-1.935919,0.661578,1.935678,0.283805,-0.398350,0.298255,-1.371644,2.629394,7.082600,0.471185,18.000000,0,270.473582
6.800000,19.061899,0.397230,0.188811,-0.005054,0.000615,0.017372,2.558990,-1.368548,-3.774231,11.219595,0.741193,19.066973,0.567504,1.193752,-1.936051,0.661562,1.936369,0.283277,-0.398148,0.298133,-1.371037,2.625965,7.077615,0.471185,18.000000,0,270.283224
6.810000,19.060981,0.397013,0.188963,-0.005084,0.000616,0.017363,2.556032,-1.368195,-3.764280,11.213352,0.733159,19.066051,0.567990,1.193159,-1.936184,0.661545,1.937062,0.282746,-0.397942,0.298012,-1.370430,2.622519,7.072631,0.471185,18.000000,0,270.092874
6.820000,19.060060,0.396794,0.189116,-0.005114,0.000617,0.017354,2.553056,-1.367841,-3.754334,11.207108,0.725155,19.065128,0.568477,1.192558,-1.936318,0.661529,1.937757,0.282212,-0.397731,0.297891,-1.369822,2.619057,7.067647,0.471185,18.000000,0,269.902532
6.830000,19.059136,0.396573,0.189270,-0.005144,0.000618,0.017345,2.550064,-1.367487,-3.744393,11.200864,0.717180,19.064201,0.568967,1.191950,-1.936454,0.661512,1.938454,0.281675,-0.397515,0.297771,-1.369214,2.615580,7.062662,0.471185,18.000000,0,269.712197
6.840000,19.058210,0.396348,0.189424,-0.005173,0.000620,0.017335,2.547055,-1.367132,-3.734457,11.194619,0.709234,19.063272,0.569458,1.191334,-1.936590,0.661496,1.939154,0.281135,-0.397295,0.297651,-1.368604,2.612086,7.057679,0.471185,18.000000,0,269.521871
6.850000,19.057281,0.396122,0.189579,-0.005202,0.000621,0.017325,2.544029,-1.366776,-3.724528,11.188374,0.701317,19.062340,0.569951,1.190711,-1.936727,0.661479,1.939855,0.280593,-0.397070,0.297532,-1.367994,2.608577,7.052695,0.471185,18.000000,0,269.331552
6.860000,19.056349,0.395893,0.189734,-0.005231,0.000622,0.017315,2.540987,-1.366420,-3.714604,11.182129,0.693430,19.061405,0.570446,1.190080,-1.936866,0.661463,1.940558,0.280047,-0.396840,0.297413,-1.367383,2.605053,7.047711,0.471185,18.000000,0,269.141242
6.870000,19.055415,0.395661,0.189890,-0.005259,0.000623,0.017305,2.537928,-1.366063,-3.704685,11.175883,0.685571,19.060468,0.570942,1.189443,-1.937005,0.661447,1.941263,0.279499,-0.396607,0.297295,-1.366771,2.601513,7.042728,0.471185,18.000000,0,268.950939
6.880000,19.054478,0.395427,0.190046,-0.005288,0.000624,0.017295,2.534853,-1.365705,-3.694773,11.169637,0.677742,19.059528,0.571440,1.188797,-1.937145,0.661431,1.941970,0.278947,-0.396368,0.297177,-1.366159,2.597958,7.037745,0.471185,18.000000,0,268.760645
6.890000,19.053539,0.395190,0.190203,-0.005316,0.000625,0.017284,2.531762,-1.365347,-3.684867,11.163391,0.669941,19.058586,0.571940,1.188145,-1.937287,0.661415,1.942679,0.278393,-0.396125,0.297059,-1.365545,2.594387,7.032762,0.471185,18.000000,0,268.570358
6.900000,19.052597,0.394951,0.190361,-0.005344,0.000627,0.017273,2.528654,-1.364988,-3.674966,11.157144,0.662169,19.057641,0.572442,1.187485,-1.937430,0.661399,1.943390,0.277836,-0.395878,0.296942,-1.364931,2.590802,7.027780,0.471185,18.000000,0,268.380080
6.910000,19.051652,0.394710,0.190519,-0.005371,0.000628,0.017262,2.525531,-1.364628,-3.665073,11.150897,0.654427,19.056693,0.572945,1.186819,-1.937573,0.661383,1.944103,0.277276,-0.395626,0.296826,-1.364317,2.587202,7.022797,0.471185,18.000000,0,268.189809
6.920000,19.050705,0.394466,0.190677,-0.005399,0.000629,0.017251,2.522393,-1.364268,-3.655185,11.144649,0.646713,19.055742,0.573450,1.186145,-1.937718,0.661367,1.944818,0.276714,-0.395370,0.296710,-1.363701,2.583587,7.017815,0.471185,18.000000,0,267.999547
6.930000,19.049755,0.394220,0.190836,-0.005426,0.000630,0.017240,2.519238,-1.363907,-3.645304,11.138401,0.639028,19.054789,0.573957,1.185464,-1.937864,0.661351,1.945535,0.276149,-0.395110,0.296594,-1.363084,2.579958,7.012833,0.471185,18.000000,0,267.809293
6.940000,19.048802,0.393972,0.190996,-0.005453,0.000631,0.017228,2.516068,-1.363545,-3.635429,11.132153,0.631371,19.053833,0.574465,1.184776,-1.938010,0.661335,1.946254,0.275581,-0.394845,0.296479,-1.362467,2.576315,7.007851,0.471185,18.000000,0,267.619048
6.950000,19.047847,0.393721,0.191156,-0.005479,0.000633,0.017217,2.512883,-1.363183,-3.625561,11.125904,0.623744,19.052875,0.574975,1.184082,-1.938158,0.661319,1.946975,0.275010,-0.394576,0.296364,-1.361849,2.572657,7.002870,0.471185,18.000000,0,267.428810
6.960000,19.046890,0.393468,0.191316,-0.005506,0.000634,0.017205,2.509683,-1.362820,-3.615700,11.119654,0.616145,19.051914,0.575487,1.183380,-1.938307,0.661304,1.947698,0.274437,-0.394303,0.296250,-1.361230,2.568985,6.997889,0.471185,18.000000,0,267.238581
6.970000,19.045929,0.393212,0.191477,-0.005532,0.000635,0.017193,2.506468,-1.362456,-3.605846,11.113405,0.608574,19.050950,0.576001,1.182671,-1.938456,0.661288,1.948423,0.273861,-0.394025,0.296136,-1.360611,2.565299,6.992907,0.471185,18.000000,0,267.048360
6.980000,19.044966,0.392955,0.191639,-0.005558,0.000636,0.017180,2.503237,-1.362091,-3.595998,11.107155,0.601032,19.049984,0.576516,1.181956,-1.938607,0.661272,1.949150,0.273283,-0.393744,0.296023,-1.359990,2.561599,6.987927,0.471185,18.000000,0,266.858148
6.990000,19.044001,0.392695,0.191801,-0.005584,0.000638,0.017168,2.499992,-1.361726,-3.586158,11.100904,0.593519,19.049015,0.577033,1.181234,-1.938759,0.661257,1.949879,0.272701,-0.393458,0.295910,-1.359369,2.557885,6.982946,0.471185,18.000000,0,266.667944
7.000000,19.043033,0.392432,0.191964,-0.005609,0.000639,0.017155,2.496733,-1.361360,-3.576325,11.094653,0.586034,19.048043,0.577551,1.180505,-1.938911,0.661242,1.950610,0.272118,-0.393168,0.295797,-1.358747,2.554158,6.977965,0.471185,18.000000,0,266.477748
7.010000,19.042062,0.392168,0.192127,-0.005635,0.000640,0.017142,2.493458,-1.360993,-3.566499,11.088402,0.578578,19.047069,0.578072,1.179770,-1.939065,0.661226,1.951343,0.271532,-0.392873,0.295685,-1.358124,2.550417,6.972985,0.471185,18.000000,0,266.287561
7.020000,19.041089,0.391901,0.192290,-0.005660,0.000642,0.017129,2.490170,-1.360626,-3.556681,11.082150,0.571150,19.046092,0.578594,1.179028,-1.939219,0.661211,1.952078,0.270943,-0.392575,0.295574,-1.357501,2.546663,6.968005,0.471185,18.000000,0,266.097382
7.030000,19.040113,0.391632,0.192455,-0.005685,0.000643,0.017116,2.486867,-1.360257,-3.546870,11.075898,0.563751,19.045113,0.579117,1.178279,-1.939375,0.661196,1.952814,0.270352,-0.392273,0.295463,-1.356876,2.542895,6.963025,0.471185,18.000000,0,265.907212
7.040000,19.039135,0.391361,0.192619,-0.005709,0.000644,0.017103,2.483550,-1.359888,-3.537067,11.069645,0.556379,19.044131,0.579643,1.177524,-1.939531,0.661181,1.953553,0.269758,-0.391967,0.295352,-1.356251,2.539115,6.958046,0.471185,18.000000,0,265.717050
7.050000,19.038154,0.391088,0.192785,-0.005734,0.000645,0.017089,2.480219,-1.359519,-3.527272,11.063392,0.549036,19.043146,0.580170,1.176762,-1.939689,0.661166,1.954294,0.269162,-0.391656,0.295242,-1.355625,2.535321,6.953067,0.471185,18.000000,0,265.526897
7.060000,19.037170,0.390812,0.192950,-0.005758,0.000647,0.017076,2.476874,-1.359148,-3.517484,11.057139,0.541722,19.042159,0.580699,1.175994,-1.939847,0.661151,1.955037,0.268563,-0.391342,0.295132,-1.354998,2.531515,6.948087,0.471185,18.000000,0,265.336753
7.070000,19.036184,0.390535,0.193117,-0.005782,0.000648,0.017062,2.473515,-1.358777,-3.507704,11.050885,0.534435,19.041169,0.581229,1.175220,-1.940006,0.661136,1.955782,0.267963,-0.391024,0.295023,-1.354370,2.527696,6.943109,0.471185,18.000000,0,265.146617
7.080000,19.035195,0.390255,0.193283,-0.005806,0.000649,0.017048,2.470143,-1.358405,-3.497933,11.044630,0.527177,19.040177,0.581761,1.174439,-1.940167,0.661121,1.956528,0.267359,-0.390702,0.294914,-1.353742,2.523865,6.938130,0.471185,18.000000,0,264.956490
7.090000,19.034204,0.389973,0.193451,-0.005829,0.000651,0.017033,2.466757,-1.358032,-3.488169,11.038375,0.519946,19.039181,0.582295,1.173652,-1.940328,0.661106,1.957277,0.266754,-0.390375,0.294806,-1.353112,2.520021,6.933151,0.471185,18.000000,0,264.766372
7.100000,19.033210,0.389689,0.193618,-0.005852,0.000652,0.017019,2.463357,-1.357659,-3.478413,11.032120,0.512744,19.038184,0.582831,1.172859,-1.940490,0.661091,1.958028,0.266145,-0.390046,0.294698,-1.352482,2.516164,6.928173,0.471185,18.000000,0,264.576262
7.110000,19.032214,0.389403,0.193787,-0.005876,0.000653,0.017004,2.459945,-1.357285,-3.468666,11.025864,0.505570,19.037184,0.583368,1.172059,-1.940653,0.661076,1.958780,0.265535,-0.389712,0.294591,-1.351851,2.512296,6.923195,0.471185,18.000000,0,264.386161
7.120000,19.031215,0.389115,0.193956,-0.005898,0.000655,0.016990,2.456519,-1.356910,-3.458928,11.019608,0.498424,19.036181,0.583907,1.171254,-1.940816,0.661062,1.959535,0.264923,-0.389374,0.294484,-1.351219,2.508415,6.918218,0.471185,18.000000,0,264.196069
7.130000,19.030214,0.388825,0.194125,-0.005921,0.000656,0.016975,2.453080,-1.356534,-3.449197,11.013351,0.491305,19.035175,0.584447,1.170442,-1.940981,0.661047,1.960291,0.264308,-0.389033,0.294377,-1.350586,2.504522,6.913240,0.471185,18.000000,0,264.005986
7.140000,19.029210,0.388533,0.194295,-0.005944,0.000657,0.016960,2.449629,-1.356157,-3.439476,11.007094,0.484215,19.034167,0.584989,1.169624,-1.941147,0.661033,1.961050,0.263690,-0.388688,0.294271,-1.349953,2.500618,6.908263,0.471185,18.000000,0,263.815912
7.150000,19.028203,0.388238,0.194465,-0.005966,0.000659,0.016944,2.446165,-1.355780,-3.429763,11.000836,0.477152,19.033157,0.585533,1.168800,-1.941313,0.661018,1.961810,0.263071,-0.388339,0.294166,-1.349318,2.496702,6.903286,0.471185,18.000000,0,263.625847
7.160000,19.027194,0.387942,0.194636,-0.005988,0.000660,0.016929,2.442688,-1.355402,-3.420058,10.994578,0.470117,19.032143,0.586079,1.167970,-1.941481,0.661004,1.962573,0.262449,-0.387986,0.294061,-1.348683,2.492774,6.898309,0.471185,18.000000,0,263.435790
7.170000,19.026182,0.387644,0.194807,-0.006010,0.000661,0.016914,2.439198,-1.355023,-3.410363,10.988320,0.463110,19.031128,0.586626,1.167135,-1.941649,0.660990,1.963337,0.261826,-0.387630,0.293956,-1.348047,2.488835,6.893332,0.471185,18.000000,0,263.245743
7.180000,19.025168,0.387343,0.194979,-0.006031,0.000663,0.016898,2.435696,-1.354643,-3.400677,10.982061,0.456130,19.030109,0.587175,1.166293,-1.941818,0.660975,1.964104,0.261200,-0.387270,0.293852,-1.347410,2.484884,6.888356,0.471185,18.000000,0,263.055704
7.190000,19.024151,0.387041,0.195152,-0.006053,0.000664,0.016882,2.432182,-1.354263,-3.390999,10.975801,0.449178,19.029089,0.587725,1.165445,-1.941988,0.660961,1.964872,0.260572,-0.386906,0.293748,-1.346772,2.480922,6.883380,0.471185,18.000000,0,262.865675
7.200000,19.023132,0.386737,0.195325,-0.006074,0.000666,0.016866,2.428655,-1.353882,-3.381331,10.969541,0.442254,19.028065,0.588277,1.164592,-1.942159,0.660947,1.965642,0.259941,-0.386539,0.293645,-1.346133,2.476950,6.878404,0.471185,18.000000,0,262.675655
7.210000,19.022110,0.386431,0.195498,-0.006095,0.000667,0.016850,2.425117,-1.353499,-3.371672,10.963281,0.435357,19.027039,0.588831,1.163733,-1.942331,0.660933,1.966414,0.259309,-0.386168,0.293542,-1.345494,2.472966,6.873428,0.471185,18.000000,0,262.485644
7.220000,19.021086,0.386123,0.195672,-0.006116,0.000668,0.016833,2.421567,-1.353117,-3.362022,10.957020,0.428487,19.026010,0.589387,1.162868,-1.942503,0.660919,1.967189,0.258675,-0.385794,0.293440,-1.344853,2.468971,6.868453,0.471185,18.000000,0,262.295642
7.230000,19.020059,0.385813,0.195846,-0.006136,0.000670,0.016817,2.418004,-1.352733,-3.352382,10.950758,0.421645,19.024979,0.589944,1.161998,-1.942676,0.660905,1.967965,0.258038,-0.385416,0.293338,-1.344212,2.464965,6.863478,0.471185,18.000000,0,262.105649
7.240000,19.019029,0.385501,0.196021,-0.006157,0.000671,0.016800,2.414431,-1.352348,-3.342751,10.944497,0.414831,19.023946,0.590502,1.161121,-1.942851,0.660891,1.968743,0.257400,-0.385034,0.293236,-1.343570,2.460949,6.858503,0.471185,18.000000,0,261.915665
7.250000,19.017997,0.385188,0.196196,-0.006177,0.000673,0.016784,2.410845,-1.351963,-3.333130,10.938234,0.408043,19.022909,0.591063,1.160240,-1.943026,0.660877,1.969523,0.256759,-0.384650,0.293135,-1.342927,2.456923,6.853528,0.471185,18.000000,0,261.725691
7.260000,19.016963,0.384872,0.196372,-0.006197,0.000674,0.016767,2.407248,-1.351577,-3.323518,10.931971,0.401283,19.021871,0.591625,1.159352,-1.943201,0.660864,1.970305,0.256117,-0.384261,0.293035,-1.342283,2.452886,6.848554,0.471185,18.000000,0,261.535726
7.270000,19.015926,0.384555,0.196549,-0.006217,0.000676,0.016749,2.403640,-1.351190,-3.313916,10.925708,0.394551,19.020829,0.592188,1.158460,-1.943378,0.660850,1.971089,0.255472,-0.383870,0.292935,-1.341638,2.448838,6.843580,0.471185,18.000000,0,261.345770
7.280000,19.014886,0.384235,0.196726,-0.006236,0.000677,0.016732,2.400021,-1.350802,-3.304324,10.919444,0.387845,19.019785,0.592754,1.157561,-1.943556,0.660836,1.971874,0.254826,-0.383474,0.292835,-1.340992,2.444781,6.838606,0.471185,18.000000,0,261.155824
7.290000,19.013844,0.383914,0.196903,-0.006256,0.000678,0.016715,2.396390,-1.350413,-3.294742,10.913180,0.381167,19.018739,0.593321,1.156658,-1.943734,0.660823,1.972662,0.254178,-0.383076,0.292736,-1.340346,2.440713,6.833632,0.471185,18.000000,0,260.965886
7.300000,19.012800,0.383592,0.197081,-0.006275,0.000680,0.016697,2.392749,-1.350024,-3.285170,10.906915,0.374516,19.017690,0.593889,1.155749,-1.943913,0.660810,1.973452,0.253527,-0.382674,0.292637,-1.339698,2.436636,6.828659,0.471185,18.000000,0,260.775959
7.310000,19.011753,0.383267,0.197259,-0.006294,0.000681,0.016680,2.389096,-1.349634,-3.275608,10.900649,0.367891,19.016639,0.594459,1.154834,-1.944093,0.660796,1.974243,0.252875,-0.382269,0.292539,-1.339050,2.432549,6.823686,0.471185,18.000000,0,260.586041
7.320000,19.010703,0.382941,0.197438,-0.006313,0.000683,0.016662,2.385433,-1.349242,-3.266056,10.894384,0.361294,19.015585,0.595031,1.153915,-1.944273,0.660783,1.975037,0.252221,-0.381860,0.292442,-1.338401,2.428452,6.818713,0.471185,18.000000,0,260.396132
7.330000,19.009651,0.382612,0.197617,-0.006331,0.000684,0.016644,2.381759,-1.348850,-3.256515,10.888117,0.354724,19.014528,0.595604,1.152990,-1.944455,0.660770,1.975833,0.251565,-0.381449,0.292344,-1.337751,2.424345,6.813740,0.471185,18.000000,0,260.206232
7.340000,19.008597,0.382282,0.197797,-0.006350,0.000686,0.016626,2.378075,-1.348458,-3.246984,10.881850,0.348180,19.013469,0.596179,1.152060,-1.944637,0.660756,1.976630,0.250907,-0.381034,0.292247,-1.337100,2.420229,6.808768,0.471185,18.000000,0,260.016343
7.350000,19.007540,0.381951,0.197978,-0.006368,0.000687,0.016607,2.374380,-1.348064,-3.237463,10.875583,0.341664,19.012408,0.596756,1.151124,-1.944820,0.660743,1.977429,0.250248,-0.380615,0.292151,-1.336448,2.416104,6.803795,0.471185,18.000000,0,259.826462
7.360000,19.006480,0.381617,0.198158,-0.006386,0.000689,0.016589,2.370675,-1.347669,-3.227953,10.869315,0.335174,19.011343,0.597334,1.150184,-1.945004,0.660730,1.978231,0.249586,-0.380194,0.292055,-1.335795,2.411969,6.798823,0.471185,18.000000,0,259.636592
7.370000,19.005418,0.381282,0.198340,-0.006404,0.000690,0.016571,2.366959,-1.347274,-3.218453,10.863047,0.328711,19.010277,0.597914,1.149238,-1.945188,0.660717,1.979034,0.248923,-0.379769,0.291960,-1.335141,2.407825,6.793852,0.471185,18.000000,0,259.446731
7.380000,19.004353,0.380946,0.198521,-0.006421,0.000692,0.016552,2.363234,-1.346878,-3.208964,10.856778,0.322275,19.009208,0.598496,1.148288,-1.945373,0.660704,1.979839,0.248258,-0.379341,0.291865,-1.334487,2.403672,6.788880,0.471185,18.000000,0,259.256879
7.390000,19.003286,0.380607,0.198704,-0.006439,0.000693,0.016533,2.359499,-1.346480,-3.199485,10.850508,0.315865,19.008136,0.599079,1.147332,-1.945559,0.660691,1.980646,0.247592,-0.378910,0.291770,-1.333831,2.399511,6.783909,0.471185,18.000000,0,259.067038
7.400000,19.002217,0.380267,0.198886,-0.006456,0.000695,0.016514,2.355753,-1.346082,-3.190018,10.844238,0.309482,19.007062,0.599664,1.146372,-1.945746,0.660679,1.981455,0.246923,-0.378476,0.291676,-1.333175,2.395340,6.778938,0.471185,18.000000,0,258.877206
7.410000,19.001145,0.379925,0.199070,-0.006473,0.000696,0.016495,2.351998,-1.345684,-3.180561,10.837968,0.303126,19.005985,0.600250,1.145406,-1.945934,0.660666,1.982266,0.246253,-0.378039,0.291583,-1.332518,2.391161,6.773968,0.471185,18.000000,0,258.687383
7.420000,19.000071,0.379582,0.199253,-0.006490,0.000698,0.016476,2.348234,-1.345284,-3.171116,10.831697,0.296796,19.004906,0.600838,1.144436,-1.946122,0.660653,1.983079,0.245582,-0.377599,0.291490,-1.331860,2.386973,6.768997,0.471185,18.000000,0,258.497571
7.430000,18.998994,0.379237,0.199438,-0.006506,0.000699,0.016457,2.344460,-1.344883,-3.161681,10.825425,0.290492,19.003825,0.601428,1.143460,-1.946311,0.660641,1.983894,0.244908,-0.377156,0.291397,-1.331200,2.382777,6.764027,0.471185,18.000000,0,258.307768
7.440000,18.997914,0.378890,0.199622,-0.006523,0.000701,0.016437,2.340676,-1.344482,-3.152257,10.819153,0.284215,19.002741,0.602019,1.142480,-1.946500,0.660628,1.984710,0.244233,-0.376710,0.291305,-1.330540,2.378572,6.759057,0.471185,18.000000,0,258.117976
7.450000,18.996832,0.378542,0.199808,-0.006539,0.000702,0.016417,2.336883,-1.344079,-3.142845,10.812881,0.277964,19.001654,0.602611,1.141496,-1.946691,0.660616,1.985529,0.243557,-0.376260,0.291213,-1.329880,2.374359,6.754087,0.471185,18.000000,0,257.928193
7.460000,18.995748,0.378192,0.199993,-0.006555,0.000704,0.016398,2.333081,-1.343676,-3.133444,10.806608,0.271740,19.000565,0.603206,1.140506,-1.946882,0.660603,1.986350,0.242878,-0.375808,0.291122,-1.329218,2.370138,6.749118,0.471185,18.000000,0,257.738420
7.470000,18.994661,0.377841,0.200179,-0.006571,0.000706,0.016378,2.329269,-1.343272,-3.124054,10.800334,0.265542,18.999473,0.603802,1.139512,-1.947074,0.660591,1.987172,0.242199,-0.375353,0.291032,-1.328555,2.365909,6.744149,0.471185,18.000000,0,257.548656
7.480000,18.993572,0.377488,0.200366,-0.006587,0.000707,0.016358,2.325449,-1.342867,-3.114676,10.794060,0.259370,18.998379,0.604399,1.138513,-1.947266,0.660579,1.987996,0.241517,-0.374895,0.290941,-1.327891,2.361672,6.739180,0.471185,18.000000,0,257.358903
7.490000,18.992480,0.377134,0.200553,-0.006602,0.000709,0.016338,2.321620,-1.342461,-3.105309,10.787785,0.253224,18.997283,0.604998,1.137509,-1.947459,0.660567,1.988823,0.240834,-0.374434,0.290851,-1.327227,2.357427,6.734211,0.471185,18.000000,0,257.169160
7.500000,18.991386,0.376778,0.200741,-0.006618,0.000710,0.016318,2.317782,-1.342054,-3.095954,10.781510,0.247104,18.996184,0.605599,1.136501,-1.947653,0.660554,1.989651,0.240150,-0.373970,0.290762,-1.326561,2.353174,6.729243,0.471185,18.000000,0,256.979427
7.510000,18.990289,0.376420,0.200929,-0.006633,0.000712,0.016297,2.313935,-1.341646,-3.086610,10.775234,0.241010,18.995082,0.606201,1.135489,-1.947848,0.660542,1.990481,0.239464,-0.373504,0.290673,-1.325895,2.348914,6.724275,0.471185,18.000000,0,256.789704
7.520000,18.989190,0.376061,0.201117,-0.006648,0.000713,0.016277,2.310080,-1.341238,-3.077278,10.768958,0.234943,18.993979,0.606805,1.134472,-1.948043,0.660530,1.991313,0.238776,-0.373034,0.290585,-1.325228,2.344646,6.719307,0.471185,18.000000,0,256.599991
7.530000,18.988089,0.375701,0.201306,-0.006663,0.000715,0.016256,2.306216,-1.340828,-3.067958,10.762681,0.228901,18.992872,0.607411,1.133450,-1.948239,0.660518,1.992147,0.238087,-0.372562,0.290497,-1.324559,2.340371,6.714340,0.471185,18.000000,0,256.410288
7.540000,18.986985,0.375339,0.201496,-0.006677,0.000717,0.016235,2.302344,-1.340418,-3.058650,10.756403,0.222885,18.991763,0.608018,1.132424,-1.948436,0.660507,1.992982,0.237397,-0.372087,0.290409,-1.323890,2.336089,6.709372,0.471185,18.000000,0,256.220595
7.550000,18.985878,0.374975,0.201686,-0.006692,0.000718,0.016215,2.298464,-1.340007,-3.049353,10.750125,0.216895,18.990652,0.608626,1.131394,-1.948633,0.660495,1.993820,0.236705,-0.371609,0.290322,-1.323220,2.331799,6.704405,0.471185,18.000000,0,256.030913
7.560000,18.984770,0.374611,0.201876,-0.006706,0.000720,0.016194,2.294575,-1.339594,-3.040069,10.743847,0.210931,18.989538,0.609237,1.130359,-1.948831,0.660483,1.994660,0.236012,-0.371129,0.290236,-1.322549,2.327502,6.699439,0.471185,18.000000,0,255.841241
7.570000,18.983658,0.374244,0.202067,-0.006720,0.000721,0.016172,2.290678,-1.339181,-3.030797,10.737568,0.204992,18.988422,0.609848,1.129320,-1.949029,0.660471,1.995501,0.235317,-0.370645,0.290150,-1.321877,2.323198,6.694472,0.471185,18.000000,0,255.651578
7.580000,18.982545,0.373876,0.202258,-0.006734,0.000723,0.016151,2.286774,-1.338767,-3.021536,10.731288,0.199079,18.987303,0.610462,1.128277,-1.949229,0.660460,1.996344,0.234621,-0.370160,0.290064,-1.321204,2.318887,6.689506,0.471185,18.000000,0,255.461927
7.590000,18.981428,0.373507,0.202450,-0.006748,0.000725,0.016130,2.282861,-1.338352,-3.012288,10.725008,0.193192,18.986182,0.611077,1.127229,-1.949428,0.660448,1.997190,0.233924,-0.369671,0.289979,-1.320530,2.314570,6.684540,0.471185,18.000000,0,255.272285
7.600000,18.980310,0.373137,0.202643,-0.006762,0.000726,0.016109,2.278941,-1.337936,-3.003053,10.718727,0.187330,18.985059,0.611693,1.126177,-1.949629,0.660437,1.998037,0.233225,-0.369180,0.289894,-1.319855,2.310245,6.679574,0.471185,18.000000,0,255.082654
7.610000,18.979189,0.372765,0.202835,-0.006775,0.000728,0.016087,2.275013,-1.337519,-2.993829,10.712446,0.181494,18.983933,0.612311,1.125121,-1.949830,0.660426,1.998886,0.232525,-0.368686,0.289810,-1.319180,2.305914,6.674609,0.471185,18.000000,0,254.893033
7.620000,18.978065,0.372392,0.203029,-0.006788,0.000729,0.016065,2.271077,-1.337101,-2.984618,10.706164,0.175684,18.982804,0.612931,1.124061,-1.950032,0.660414,1.999737,0.231824,-0.368189,0.289727,-1.318503,2.301577,6.669644,0.471185,18.000000,0,254.703423
7.630000,18.976939,0.372017,0.203222,-0.006801,0.000731,0.016044,2.267134,-1.336683,-2.975419,10.699882,0.169898,18.981673,0.613552,1.122997,-1.950234,0.660403,2.000589,0.231121,-0.367690,0.289643,-1.317825,2.297233,6.664679,0.471185,18.000000,0,254.513822
7.640000,18.975811,0.371641,0.203416,-0.006814,0.000733,0.016022,2.263184,-1.336263,-2.966233,10.693599,0.164139,18.980540,0.614175,1.121929,-1.950437,0.660392,2.001444,0.230417,-0.367189,0.289561,-1.317147,2.292883,6.659714,0.471185,18.000000,0,254.324233
7.650000,18.974680,0.371264,0.203611,-0.006827,0.000734,0.016000,2.259226,-1.335842,-2.957059,10.687315,0.158404,18.979404,0.614799,1.120857,-1.950641,0.660381,2.002301,0.229712,-0.366685,0.289478,-1.316467,2.288527,6.654750,0.471185,18.000000,0,254.134654
7.660000,18.973547,0.370885,0.203806,-0.006839,0.000736,0.015978,2.255262,-1.335421,-2.947898,10.681031,0.152695,18.978266,0.615425,1.119781,-1.950845,0.660370,2.003159,0.229006,-0.366178,0.289396,-1.315787,2.284164,6.649786,0.471185,18.000000,0,253.945085
7.670000,18.972412,0.370505,0.204002,-0.006852,0.000738,0.015955,2.251290,-1.334998,-2.938750,10.674746,0.147011,18.977126,0.616052,1.118701,-1.951050,0.660359,2.004019,0.228298,-0.365669,0.289315,-1.315105,2.279796,6.644822,0.471185,18.000000,0,253.755527
7.680000,18.971274,0.370124,0.204198,-0.006864,0.000739,0.015933,2.247311,-1.334575,-2.929615,10.668461,0.141352,18.975983,0.616681,1.117617,-1.951256,0.660348,2.004882,0.227589,-0.365157,0.289234,-1.314423,2.275421,6.639859,0.471185,18.000000,0,253.565980
7.690000,18.970134,0.369741,0.204394,-0.006876,0.000741,0.015911,2.243325,-1.334150,-2.920492,10.662175,0.135718,18.974837,0.617311,1.116529,-1.951462,0.660337,2.005746,0.226879,-0.364643,0.289154,-1.313740,2.271041,6.634896,0.471185,18.000000,0,253.376443
7.700000,18.968991,0.369357,0.204591,-0.006888,0.000743,0.015888,2.239333,-1.333725,-2.911382,10.655889,0.130110,18.973689,0.617943,1.115437,-1.951668,0.660326,2.006612,0.226168,-0.364127,0.289074,-1.313056,2.266655,6.629933,0.471185,18.000000,0,253.186916
7.710000,18.967846,0.368972,0.204789,-0.006900,0.000744,0.015865,2.235333,-1.333299,-2.902285,10.649602,0.124526,18.972539,0.618577,1.114342,-1.951876,0.660316,2.007480,0.225456,-0.363608,0.288994,-1.312370,2.262263,6.624970,0.471185,18.000000,0,252.997401
7.720000,18.966698,0.368586,0.204987,-0.006911,0.000746,0.015843,2.231327,-1.332871,-2.893201,10.643314,0.118967,18.971387,0.619212,1.113243,-1.952084,0.660305,2.008349,0.224742,-0.363087,0.288915,-1.311684,2.257866,6.620008,0.471185,18.000000,0,252.807896
7.730000,18.965548,0.368199,0.205185,-0.006923,0.000748,0.015820,2.227315,-1.332443,-2.884130,10.637026,0.113433,18.970232,0.619849,1.112140,-1.952292,0.660294,2.009221,0.224027,-0.362563,0.288837,-1.310997,2.253463,6.615046,0.471185,18.000000,0,252.618402
7.740000,18.964396,0.367810,0.205384,-0.006934,0.000749,0.015797,2.223296,-1.332014,-2.875073,10.630737,0.107924,18.969074,0.620487,1.111033,-1.952501,0.660284,2.010094,0.223312,-0.362037,0.288759,-1.310309,2.249055,6.610084,0.471185,18.000000,0,252.428918
7.750000,18.963241,0.367420,0.205583,-0.006945,0.000751,0.015774,2.219271,-1.331584,-2.866028,10.624448,0.102440,18.967914,0.621127,1.109923,-1.952711,0.660273,2.010970,0.222595,-0.361509,0.288681,-1.309620,2.244642,6.605122,0.471185,18.000000,0,252.239446
7.760000,18.962084,0.367029,0.205783,-0.006956,0.000753,0.015751,2.215240,-1.331153,-2.856997,10.618158,0.096981,18.966752,0.621768,1.108809,-1.952921,0.660263,2.011847,0.221877,-0.360979,0.288604,-1.308930,2.240224,6.600161,0.471185,18.000000,0,252.049984
7.770000,18.960924,0.366636,0.205983,-0.006967,0.000754,0.015727,2.211203,-1.330721,-2.847979,10.611868,0.091546,18.965587,0.622411,1.107691,-1.953131,0.660253,2.012726,0.221158,-0.360446,0.288527,-1.308239,2.235800,6.595200,0.471185,18.000000,0,251.860533
7.780000,18.959763,0.366243,0.206183,-0.006977,0.000756,0.015704,2.207159,-1.330288,-2.838974,10.605577,0.086136,18.964420,0.623055,1.106570,-1.953343,0.660242,2.013607,0.220438,-0.359911,0.288451,-1.307547,2.231372,6.590239,0.471185,18.000000,0,251.671092
7.790000,18.958598,0.365848,0.206384,-0.006988,0.000758,0.015681,2.203110,-1.329854,-2.829983,10.599285,0.080750,18.963251,0.623701,1.105446,-1.953555,0.660232,2.014489,0.219717,-0.359373,0.288375,-1.306854,2.226938,6.585279,0.471185,18.000000,0,251.481663
7.800000,18.957432,0.365452,0.206586,-0.006998,0.000759,0.015657,2.199054,-1.329419,-2.821005,10.592993,0.075389,18.962079,0.624348,1.104318,-1.953767,0.660222,2.015374,0.218995,-0.358834,0.288300,-1.306161,2.222500,6.580319,0.471185,18.000000,0,251.292245
7.810000,18.956263,0.365055,0.206788,-0.007008,0.000761,0.015633,2.194993,-1.328983,-2.812041,10.586700,0.070053,18.960905,0.624997,1.103186,-1.953980,0.660212,2.016260,0.218272,-0.358292,0.288225,-1.305466,2.218057,6.575359,0.471185,18.000000,0,251.102837
7.820000,18.955091,0.364657,0.206990,-0.007018,0.000763,0.015610,2.190927,-1.328546,-2.803090,10.580407,0.064741,18.959729,0.625647,1.102051,-1.954193,0.660202,2.017149,0.217548,-0.357748,0.288151,-1.304770,2.213610,6.570400,0.471185,18.000000,0,250.913441
7.830000,18.953918,0.364258,0.207193,-0.007028,0.000765,0.015586,2.186854,-1.328108,-2.794153,10.574113,0.059453,18.958550,0.626299,1.100913,-1.954407,0.660192,2.018039,0.216823,-0.357202,0.288077,-1.304073,2.209158,6.565440,0.471185,18.000000,0,250.724056
7.840000,18.952741,0.363857,0.207397,-0.007037,0.000766,0.015562,2.182777,-1.327669,-2.785230,10.567818,0.054190,18.957368,0.626953,1.099771,-1.954622,0.660182,2.018931,0.216097,-0.356654,0.288004,-1.303376,2.204701,6.560482,0.471185,18.000000,0,250.534681
7.850000,18.951563,0.363456,0.207600,-0.007047,0.000768,0.015538,2.178693,-1.327229,-2.776320,10.561523,0.048950,18.956185,0.627608,1.098626,-1.954837,0.660173,2.019825,0.215370,-0.356104,0.287931,-1.302677,2.200240,6.555523,0.471185,18.000000,0,250.345318
7.860000,18.950382,0.363053,0.207805,-0.007056,0.000770,0.015514,2.174605,-1.326788,-2.767424,10.555227,0.043735,18.954999,0.628264,1.097478,-1.955053,0.660163,2.020720,0.214643,-0.355552,0.287859,-1.301977,2.195775,6.550564,0.471185,18.000000,0,250.155966
7.870000,18.949199,0.362650,0.208009,-0.007065,0.000771,0.015490,2.170511,-1.326346,-2.758542,10.548931,0.038545,18.953810,0.628922,1.096326,-1.955269,0.660153,2.021618,0.213914,-0.354997,0.287787,-1.301277,2.191306,6.545606,0.471185,18.000000,0,249.966625
7.880000,18.948013,0.362245,0.208214,-0.007074,0.000773,0.015465,2.166412,-1.325904,-2.749674,10.542634,0.033378,18.952620,0.629582,1.095172,-1.955485,0.660144,2.022517,0.213185,-0.354441,0.287715,-1.300575,2.186832,6.540649,0.471185,18.000000,0,249.777295
7.890000,18.946826,0.361839,0.208420,-0.007083,0.000775,0.015441,2.162308,-1.325460,-2.740820,10.536337,0.028235,18.951426,0.630243,1.094014,-1.955703,0.660134,2.023419,0.212454,-0.353882,0.287644,-1.299873,2.182355,6.535691,0.471185,18.000000,0,249.587976
7.900000,18.945635,0.361432,0.208626,-0.007092,0.000777,0.015417,2.158199,-1.325015,-2.731979,10.530039,0.023117,18.950231,0.630905,1.092853,-1.955920,0.660125,2.024322,0.211723,-0.353322,0.287574,-1.299169,2.177874,6.530734,0.471185,18.000000,0,249.398668
7.910000,18.944443,0.361025,0.208832,-0.007101,0.000778,0.015392,2.154086,-1.324569,-2.723153,10.523740,0.018022,18.949033,0.631569,1.091689,-1.956138,0.660116,2.025227,0.210991,-0.352759,0.287504,-1.298465,2.173389,6.525777,0.471185,18.000000,0,249.209372
7.920000,18.943248,0.360616,0.209039,-0.007109,0.000780,0.015367,2.149967,-1.324122,-2.714341,10.517441,0.012951,18.947833,0.632235,1.090521,-1.956357,0.660106,2.026133,0.210258,-0.352195,0.287434,-1.297759,2.168900,6.520820,0.471185,18.000000,0,249.020087
7.930000,18.942051,0.360206,0.209247,-0.007117,0.000782,0.015343,2.145844,-1.323674,-2.705543,10.511141,0.007904,18.946631,0.632902,1.089351,-1.956576,0.660097,2.027042,0.209524,-0.351628,0.287365,-1.297053,2.164407,6.515864,0.471185,18.000000,0,248.830813
7.940000,18.940851,0.359795,0.209454,-0.007125,0.000784,0.015318,2.141716,-1.323226,-2.696759,10.504840,0.002881,18.945426,0.633570,1.088178,-1.956796,0.660088,2.027952,0.208790,-0.351060,0.287296,-1.296346,2.159911,6.510908,0.471185,18.000000,0,248.641551
7.950000,18.939649,0.359383,0.209663,-0.007133,0.000785,0.015293,2.137583,-1.322776,-2.687990,10.498539,-0.002119,18.944219,0.634240,1.087001,-1.957016,0.660079,2.028864,0.208055,-0.350490,0.287228,-1.295637,2.155411,6.505952,0.471185,18.000000,0,248.452300
7.960000,18.938445,0.358971,0.209871,-0.007141,0.000787,0.015268,2.133446,-1.322325,-2.679234,10.492237,-0.007095,18.943009,0.634912,1.085822,-1.957237,0.660070,2.029779,0.207319,-0.349917,0.287161,-1.294928,2.150908,6.500997,0.471185,18.000000,0,248.263060
7.970000,18.937238,0.358557,0.210080,-0.007149,0.000789,0.015243,2.129305,-1.321873,-2.670493,10.485935,-0.012047,18.941797,0.635585,1.084640,-1.957458,0.660061,2.030694,0.206582,-0.349343,0.287094,-1.294217,2.146402,6.496042,0.471185,18.000000,0,248.073832
7.980000,18.936029,0.358142,0.210290,-0.007156,0.000791,0.015218,2.125160,-1.321420,-2.661767,10.479632,-0.016976,18.940583,0.636259,1.083455,-1.957679,0.660052,2.031612,0.205845,-0.348767,0.287027,-1.293506,2.141892,6.491087,0.471185,18.000000,0,247.884615
7.990000,18.934818,0.357727,0.210500,-0.007164,0.000792,0.015193,2.121010,-1.320966,-2.653055,10.473328,-0.021881,18.939367,0.636935,1.082267,-1.957901,0.660043,2.032532,0.205106,-0.348190,0.286961,-1.292794,2.137379,6.486133,0.471185,18.000000,0,247.695410
8.000000,18.933604,0.357310,0.210710,-0.007171,0.000794,0.015167,2.116856,-1.320511,-2.644357,10.467024,-0.026762,18.938148,0.637613,1.081076,-1.958124,0.660034,2.033453,0.204368,-0.347610,0.286895,-1.292080,2.132864,6.481178,0.471185,18.000000,0,247.506216
8.010000,18.932388,0.356893,0.210921,-0.007178,0.000796,0.015142,2.112698,-1.320055,-2.635674,10.460719,-0.031621,18.936927,0.638292,1.079882,-1.958347,0.660026,2.034376,0.203628,-0.347029,0.286830,-1.291366,2.128345,6.476224,0.471185,18.000000,0,247.317034
8.020000,18.931170,0.356474,0.211132,-0.007185,0.000798,0.015117,2.108536,-1.319598,-2.627005,10.454414,-0.036456,18.935703,0.638972,1.078686,-1.958570,0.660017,2.035301,0.202888,-0.346446,0.286765,-1.290651,2.123823,6.471271,0.471185,18.000000,0,247.127863
8.030000,18.929950,0.356055,0.211344,-0.007192,0.000800,0.015091,2.104371,-1.319140,-2.618351,10.448108,-0.041268,18.934477,0.639654,1.077487,-1.958794,0.660009,2.036228,0.202147,-0.345861,0.286700,-1.289935,2.119298,6.466318,0.471185,18.000000,0,246.938704
8.040000,18.928727,0.355635,0.211556,-0.007199,0.000801,0.015065,2.100201,-1.318681,-2.609712,10.441801,-0.046056,18.933249,0.640337,1.076285,-1.959019,0.660000,2.037157,0.201405,-0.345274,0.286637,-1.289217,2.114771,6.461365,0.471185,18.000000,0,246.749556
8.050000,18.927502,0.355214,0.211769,-0.007205,0.000803,0.015040,2.096028,-1.318221,-2.601087,10.435494,-0.050821,18.932019,0.641022,1.075081,-1.959243,0.659992,2.038087,0.200663,-0.344686,0.286573,-1.288499,2.110241,6.456412,0.471185,18.000000,0,246.560420
8.060000,18.926274,0.354792,0.211982,-0.007212,0.000805,0.015014,2.091851,-1.317760,-2.592477,10.429186,-0.055563,18.930786,0.641708,1.073874,-1.959469,0.659983,2.039019,0.199921,-0.344096,0.286510,-1.287780,2.105708,6.451459,0.471185,18.000000,0,246.371296
8.070000,18.925045,0.354369,0.212195,-0.007218,0.000807,0.014988,2.087671,-1.317298,-2.583882,10.422878,-0.060283,18.929551,0.642396,1.072664,-1.959694,0.659975,2.039953,0.199177,-0.343504,0.286448,-1.287060,2.101173,6.446507,0.471185,18.000000,0,246.182184
8.080000,18.923813,0.353946,0.212409,-0.007224,0.000809,0.014962,2.083487,-1.316835,-2.575301,10.416569,-0.064979,18.928314,0.643085,1.071452,-1.959921,0.659967,2.040889,0.198433,-0.342910,0.286386,-1.286339,2.096635,6.441556,0.471185,18.000000,0,245.993083
8.090000,18.922578,0.353521,0.212623,-0.007230,0.000810,0.014936,2.079299,-1.316371,-2.566736,10.410259,-0.069652,18.927075,0.643776,1.070237,-1.960147,0.659959,2.041827,0.197689,-0.342315,0.286325,-1.285617,2.092096,6.436604,0.471185,18.000000,0,245.803994
8.100000,18.921342,0.353096,0.212838,-0.007236,0.000812,0.014910,2.075109,-1.315906,-2.558185,10.403949,-0.074302,18.925833,0.644468,1.069019,-1.960374,0.659951,2.042766,0.196944,-0.341719,0.286264,-1.284893,2.087553,6.431653,0.471185,18.000000,0,245.614916
8.110000,18.920103,0.352670,0.213053,-0.007242,0.000814,0.014884,2.070915,-1.315440,-2.549650,10.397638,-0.078930,18.924589,0.645162,1.067799,-1.960602,0.659943,2.043708,0.196198,-0.341120,0.286203,-1.284169,2.083009,6.426702,0.471185,18.000000,0,245.425851
8.120000,18.918861,0.352243,0.213269,-0.007247,0.000816,0.014858,2.066718,-1.314973,-2.541129,10.391326,-0.083534,18.923342,0.645857,1.066577,-1.960829,0.659935,2.044651,0.195452,-0.340520,0.286143,-1.283444,2.078462,6.421752,0.471185,18.000000,0,245.236797
8.130000,18.917618,0.351815,0.213485,-0.007253,0.000818,0.014832,2.062518,-1.314504,-2.532623,10.385014,-0.088116,18.922093,0.646553,1.065352,-1.961058,0.659927,2.045595,0.194705,-0.339919,0.286084,-1.282718,2.073914,6.416801,0.471185,18.000000,0,245.047755
8.140000,18.916372,0.351387,0.213701,-0.007258,0.000819,0.014805,2.058315,-1.314035,-2.524133,10.378701,-0.092675,18.920842,0.647251,1.064125,-1.961286,0.659919,2.046542,0.193958,-0.339316,0.286024,-1.281991,2.069363,6.411851,0.471185,18.000000,0,244.858725
8.150000,18.915124,0.350958,0.213918,-0.007263,0.000821,0.014779,2.054109,-1.313565,-2.515657,10.372388,-0.097212,18.919589,0.647951,1.062896,-1.961516,0.659911,2.047491,0.193210,-0.338711,0.285966,-1.281263,2.064810,6.406902,0.471185,18.000000,0,244.669707
8.160000,18.913874,0.350528,0.214135,-0.007268,0.000823,0.014753,2.049900,-1.313093,-2.507197,10.366074,-0.101726,18.918334,0.648652,1.061664,-1.961745,0.659903,2.048441,0.192462,-0.338105,0.285908,-1.280534,2.060256,6.401952,0.471185,18.000000,0,244.480701
8.170000,18.912621,0.350097,0.214353,-0.007273,0.000825,0.014726,2.045689,-1.312621,-2.498751,10.359759,-0.106217,18.917076,0.649354,1.060429,-1.961975,0.659896,2.049393,0.191714,-0.337497,0.285850,-1.279804,2.055700,6.397003,0.471185,18.000000,0,244.291707
8.180000,18.911366,0.349666,0.214571,-0.007278,0.000827,0.014700,2.041474,-1.312147,-2.490321,10.353444,-0.110686,18.915816,0.650058,1.059193,-1.962205,0.659888,2.050347,0.190965,-0.336888,0.285793,-1.279072,2.051142,6.392055,0.471185,18.000000,0,244.102725
8.190000,18.910109,0.349233,0.214790,-0.007282,0.000828,0.014673,2.037257,-1.311673,-2.481907,10.347128,-0.115133,18.914553,0.650763,1.057954,-1.962436,0.659881,2.051302,0.190215,-0.336278,0.285736,-1.278340,2.046583,6.387106,0.471185,18.000000,0,243.913755
8.200000,18.908850,0.348800,0.215008,-0.007287,0.000830,0.014646,2.033038,-1.311197,-2.473507,10.340811,-0.119557,18.913289,0.651470,1.056713,-1.962667,0.659873,2.052260,0.189465,-0.335666,0.285680,-1.277607,2.042022,6.382158,0.471185,18.000000,0,243.724797
8.210000,18.907588,0.348367,0.215228,-0.007291,0.000832,0.014619,2.028816,-1.310721,-2.465123,10.334494,-0.123959,18.912022,0.652178,1.055470,-1.962899,0.659866,2.053219,0.188715,-0.335052,0.285624,-1.276873,2.037460,6.377211,0.471185,18.000000,0,243.535851
8.220000,18.906324,0.347932,0.215448,-0.007296,0.000834,0.014593,2.024592,-1.310243,-2.456754,10.328176,-0.128339,18.910753,0.652888,1.054225,-1.963131,0.659859,2.054180,0.187964,-0.334437,0.285569,-1.276138,2.032896,6.372263,0.471185,18.000000,0,243.346917
8.230000,18.905058,0.347497,0.215668,-0.007300,0.000836,0.014566,2.020365,-1.309764,-2.448401,10.321858,-0.132696,18.909481,0.653599,1.052977,-1.963363,0.659851,2.055142,0.187213,-0.333821,0.285514,-1.275402,2.028331,6.367316,0.471185,18.000000,0,243.157995
8.240000,18.903790,0.347062,0.215889,-0.007304,0.000838,0.014539,2.016136,-1.309284,-2.440063,10.315539,-0.137032,18.908208,0.654311,1.051727,-1.963596,0.659844,2.056107,0.186462,-0.333203,0.285460,-1.274665,2.023765,6.362369,0.471185,18.000000,0,242.969086
8.250000,18.902519,0.346625,0.216110,-0.007308,0.000839,0.014512,2.011905,-1.308804,-2.431740,10.309219,-0.141345,18.906932,0.655025,1.050476,-1.963829,0.659837,2.057073,0.185710,-0.332584,0.285406,-1.273927,2.019197,6.357423,0.471185,18.000000,0,242.780188
8.260000,18.901246,0.346188,0.216331,-0.007311,0.000841,0.014485,2.007672,-1.308322,-2.423433,10.302899,-0.145636,18.905654,0.655741,1.049222,-1.964062,0.659830,2.058041,0.184958,-0.331964,0.285353,-1.273188,2.014629,6.352477,0.471185,18.000000,0,242.591303
8.270000,18.899971,0.345750,0.216553,-0.007315,0.000843,0.014458,2.003436,-1.307839,-2.415142,10.296578,-0.149906,18.904373,0.656457,1.047966,-1.964296,0.659823,2.059011,0.184205,-0.331342,0.285300,-1.272448,2.010059,6.347531,0.471185,18.000000,0,242.402430
8.280000,18.898693,0.345312,0.216775,-0.007319,0.000845,0.014430,1.999199,-1.307355,-2.406866,10.290256,-0.154153,18.903091,0.657175,1.046708,-1.964530,0.659816,2.059983,0.183453,-0.330719,0.285248,-1.271707,2.005489,6.342586,0.471185,18.000000,0,242.213569
8.290000,18.897414,0.344873,0.216998,-0.007322,0.000847,0.014403,1.994960,-1.306870,-2.398605,10.283934,-0.158378,18.901806,0.657895,1.045448,-1.964765,0.659809,2.060956,0.182700,-0.330095,0.285196,-1.270965,2.000917,6.337640,0.471185,18.000000,0,242.024721
8.300000,18.896132,0.344433,0.217221,-0.007325,0.000849,0.014376,1.990719,-1.306384,-2.390360,10.277611,-0.162582,18.900519,0.658616,1.044187,-1.965000,0.659803,2.061931,0.181946,-0.329469,0.285145,-1.270222,1.996345,6.332696,0.471185,18.000000,0,241.835885
8.310000,18.894848,0.343993,0.217445,-0.007328,0.000851,0.014348,1.986477,-1.305896,-2.382131,10.271287,-0.166764,18.899230,0.659339,1.042923,-1.965235,0.659796,2.062908,0.181193,-0.328842,0.285094,-1.269478,1.991772,6.327751,0.471185,18.000000,0,241.647061
8.320000,18.893561,0.343552,0.217668,-0.007331,0.000852,0.014321,1.982232,-1.305408,-2.373918,10.264963,-0.170925,18.897938,0.660063,1.041657,-1.965471,0.659789,2.063887,0.180439,-0.328214,0.285043,-1.268733,1.987198,6.322807,0.471185,18.000000,0,241.458250
8.330000,18.892273,0.343111,0.217893,-0.007334,0.000854,0.014294,1.977986,-1.304919,-2.365720,10.258638,-0.175063,18.896644,0.660788,1.040390,-1.965707,0.659783,2.064867,0.179684,-0.327584,0.284993,-1.267987,1.982624,6.317863,0.471185,18.000000,0,241.269451
8.340000,18.890982,0.342669,0.218118,-0.007337,0.000856,0.014266,1.973739,-1.304428,-2.357538,10.252313,-0.179180,18.895348,0.661515,1.039121,-1.965943,0.659776,2.065849,0.178930,-0.326954,0.284944,-1.267240,1.978049,6.312919,0.471185,18.000000,0,241.080664
8.350000,18.889689,0.342226,0.218343,-0.007340,0.000858,0.014238,1.969490,-1.303937,-2.349372,10.245987,-0.183276,18.894050,0.662243,1.037849,-1.966180,0.659770,2.066833,0.178175,-0.326322,0.284895,-1.266492,1.973474,6.307976,0.471185,18.000000,0,240.891890
8.360000,18.888393,0.341783,0.218568,-0.007342,0.000860,0.014211,1.965239,-1.303444,-2.341222,10.239660,-0.187350,18.892750,0.662972,1.036577,-1.966417,0.659763,2.067819,0.177420,-0.325689,0.284846,-1.265743,1.968898,6.303033,0.471185,18.000000,0,240.703129
8.370000,18.887096,0.341339,0.218794,-0.007345,0.000862,0.014183,1.960988,-1.302951,-2.333087,10.233333,-0.191403,18.891447,0.663703,1.035302,-1.966654,0.659757,2.068806,0.176665,-0.325055,0.284798,-1.264993,1.964322,6.298091,0.471185,18.000000,0,240.514380
8.380000,18.885796,0.340895,0.219021,-0.007347,0.000864,0.014155,1.956735,-1.302456,-2.324969,10.227005,-0.195434,18.890142,0.664436,1.034025,-1.966892,0.659751,2.069795,0.175910,-0.324419,0.284751,-1.264242,1.959746,6.293148,0.471185,18.000000,0,240.325643
8.390000,18.884494,0.340450,0.219247,-0.007349,0.000865,0.014128,1.952480,-1.301960,-2.316866,10.220676,-0.199444,18.888835,0.665169,1.032747,-1.967130,0.659745,2.070786,0.175155,-0.323783,0.284704,-1.263490,1.955170,6.288207,0.471185,18.000000,0,240.136919
8.400000,18.883190,0.340004,0.219475,-0.007351,0.000867,0.014100,1.948225,-1.301464,-2.308779,10.214347,-0.203433,18.887526,0.665905,1.031467,-1.967368,0.659739,2.071779,0.174399,-0.323145,0.284657,-1.262737,1.950593,6.283265,0.471185,18.000000,0,239.948208
8.410000,18.881884,0.339558,0.219702,-0.007353,0.000869,0.014072,1.943969,-1.300966,-2.300708,10.208017,-0.207400,18.886215,0.666641,1.030186,-1.967607,0.659733,2.072773,0.173643,-0.322507,0.284611,-1.261983,1.946016,6.278324,0.471185,18.000000,0,239.759509
8.420000,18.880575,0.339112,0.219930,-0.007355,0.000871,0.014044,1.939711,-1.300467,-2.292654,10.201686,-0.211347,18.884901,0.667379,1.028903,-1.967846,0.659727,2.073769,0.172887,-0.321867,0.284565,-1.261228,1.941440,6.273383,0.471185,18.000000,0,239.570823
8.430000,18.879265,0.338665,0.220159,-0.007357,0.000873,0.014016,1.935453,-1.299967,-2.284615,10.195355,-0.215272,18.883585,0.668119,1.027618,-1.968085,0.659721,2.074767,0.172131,-0.321226,0.284520,-1.260472,1.936863,6.268442,0.471185,18.000000,0,239.382149
8.440000,18.877952,0.338218,0.220387,-0.007358,0.000875,0.013988,1.931194,-1.299466,-2.276592,10.189023,-0.219177,18.882267,0.668859,1.026332,-1.968325,0.659715,2.075767,0.171375,-0.320584,0.284475,-1.259715,1.932287,6.263502,0.471185,18.000000,0,239.193488
8.450000,18.876637,0.337770,0.220617,-0.007360,0.000877,0.013960,1.926934,-1.298964,-2.268585,10.182691,-0.223060,18.880947,0.669602,1.025044,-1.968565,0.659709,2.076768,0.170619,-0.319941,0.284431,-1.258957,1.927710,6.258562,0.471185,18.000000,0,239.004840
8.460000,18.875319,0.337321,0.220846,-0.007361,0.000879,0.013932,1.922673,-1.298460,-2.260594,10.176358,-0.226922,18.879625,0.670345,1.023755,-1.968806,0.659703,2.077771,0.169862,-0.319297,0.284388,-1.258198,1.923134,6.253622,0.471185,18.000000,0,238.816205
8.470000,18.874000,0.336872,0.221076,-0.007363,0.000880,0.013904,1.918411,-1.297956,-2.252620,10.170024,-0.230764,18.878300,0.671090,1.022464,-1.969046,0.659698,2.078776,0.169106,-0.318652,0.284344,-1.257438,1.918559,6.248683,0.471185,18.000000,0,238.627582
8.480000,18.872678,0.336423,0.221307,-0.007364,0.000882,0.013876,1.914149,-1.297450,-2.244661,10.163689,-0.234585,18.876974,0.671837,1.021171,-1.969287,0.659692,2.079782,0.168349,-0.318006,0.284302,-1.256677,1.913983,6.243744,0.471185,18.000000,0,238.438972
8.490000,18.871354,0.335973,0.221537,-0.007365,0.000884,0.013847,1.909887,-1.296944,-2.236719,10.157354,-0.238385,18.875645,0.672584,1.019877,-1.969528,0.659686,2.080790,0.167593,-0.317359,0.284259,-1.255915,1.909408,6.238806,0.471185,18.000000,0,238.250375
8.500000,18.870028,0.335523,0.221769,-0.007366,0.000886,0.013819,1.905624,-1.296436,-2.228793,10.151019,-0.242164,18.874314,0.673334,1.018582,-1.969770,0.659681,2.081800,0.166836,-0.316711,0.284218,-1.255152,1.904834,6.233867,0.471185,18.000000,0,238.061791
8.510000,18.868700,0.335072,0.222000,-0.007367,0.000888,0.013791,1.901360,-1.295928,-2.220883,10.144682,-0.245923,18.872981,0.674084,1.017285,-1.970012,0.659676,2.082812,0.166079,-0.316062,0.284176,-1.254388,1.900260,6.228929,0.471185,18.000000,0,237.873220
8.520000,18.867370,0.334621,0.222232,-0.007367,0.000890,0.013762,1.897096,-1.295418,-2.212990,10.138345,-0.249661,18.871645,0.674836,1.015987,-1.970254,0.659670,2.083825,0.165322,-0.315412,0.284136,-1.253623,1.895687,6.223992,0.471185,18.000000,0,237.684661
8.530000,18.866037,0.334169,0.222465,-0.007368,0.000892,0.013734,1.892832,-1.294907,-2.205112,10.132008,-0.253378,18.870308,0.675589,1.014688,-1.970496,0.659665,2.084841,0.164565,-0.314761,0.284095,-1.252857,1.891114,6.219055,0.471185,18.000000,0,237.496116
8.540000,18.864702,0.333717,0.222697,-0.007368,0.000894,0.013706,1.888568,-1.294395,-2.197251,10.125669,-0.257076,18.868968,0.676344,1.013387,-1.970739,0.659660,2.085857,0.163809,-0.314109,0.284055,-1.252090,1.886542,6.214118,0.471185,18.000000,0,237.307583
8.550000,18.863366,0.333265,0.222931,-0.007369,0.000896,0.013677,1.884303,-1.293882,-2.189406,10.119330,-0.260752,18.867626,0.677100,1.012085,-1.970982,0.659654,2.086876,0.163052,-0.313457,0.284016,-1.251322,1.881971,6.209181,0.471185,18.000000,0,237.119064
8.560000,18.862027,0.332812,0.223164,-0.007369,0.000898,0.013649,1.880038,-1.293368,-2.181578,10.112991,-0.264409,18.866282,0.677858,1.010782,-1.971226,0.659649,2.087896,0.162295,-0.312803,0.283977,-1.250553,1.877401,6.204245,0.471185,18.000000,0,236.930557
8.570000,18.860685,0.332358,0.223398,-0.007369,0.000899,0.013620,1.875774,-1.292853,-2.173766,10.106650,-0.268045,18.864936,0.678616,1.009477,-1.971469,0.659644,2.088918,0.161538,-0.312149,0.283939,-1.249783,1.872832,6.199309,0.471185,18.000000,0,236.742064
8.580000,18.859342,0.331905,0.223632,-0.007369,0.000901,0.013591,1.871509,-1.292337,-2.165970,10.100310,-0.271660,18.863588,0.679377,1.008171,-1.971713,0.659639,2.089942,0.160781,-0.311494,0.283901,-1.249012,1.868264,6.194374,0.471185,18.000000,0,236.553583
8.590000,18.857996,0.331451,0.223867,-0.007369,0.000903,0.013563,1.867244,-1.291819,-2.158191,10.093968,-0.275256,18.862238,0.680138,1.006864,-1.971957,0.659634,2.090967,0.160025,-0.310838,0.283864,-1.248240,1.863697,6.189438,0.471185,18.000000,0,236.365116
8.600000,18.856649,0.330996,0.224102,-0.007369,0.000905,0.013534,1.862980,-1.291301,-2.150428,10.087626,-0.278831,18.860885,0.680901,1.005556,-1.972202,0.659630,2.091994,0.159268,-0.310181,0.283827,-1.247467,1.859130,6.184504,0.471185,18.000000,0,236.176661
8.610000,18.855299,0.330542,0.224338,-0.007369,0.000907,0.013505,1.858715,-1.290781,-2.142681,10.081283,-0.282387,18.859530,0.681665,1.004246,-1.972447,0.659625,2.093023,0.158511,-0.309523,0.283790,-1.246693,1.854566,6.179569,0.471185,18.000000,0,235.988220
8.620000,18.853947,0.330087,0.224574,-0.007369,0.000909,0.013477,1.854451,-1.290261,-2.134951,10.074939,-0.285922,18.858173,0.682431,1.002936,-1.972692,0.659620,2.094054,0.157755,-0.308865,0.283754,-1.245918,1.850002,6.174635,0.471185,18.000000,0,235.799792
8.630000,18.852593,0.329631,0.224810,-0.007368,0.000911,0.013448,1.850187,-1.289739,-2.127238,10.068595,-0.289437,18.856815,0.683198,1.001624,-1.972937,0.659615,2.095086,0.156999,-0.308205,0.283719,-1.245142,1.845439,6.169701,0.471185,18.000000,0,235.611377
8.640000,18.851237,0.329176,0.225047,-0.007368,0.000913,0.013419,1.845924,-1.289216,-2.119541,10.062250,-0.292933,18.855453,0.683966,1.000311,-1.973183,0.659611,2.096120,0.156242,-0.307545,0.283684,-1.244365,1.840878,6.164768,0.471185,18.000000,0,235.422975
8.650000,18.849878,0.328719,0.225284,-0.007367,0.000915,0.013390,1.841661,-1.288692,-2.111860,10.055905,-0.296408,18.854090,0.684736,0.998998,-1.973428,0.659606,2.097155,0.155486,-0.306885,0.283649,-1.243587,1.836319,6.159834,0.471185,18.000000,0,235.234587
8.660000,18.848518,0.328263,0.225521,-0.007366,0.000917,0.013362,1.837398,-1.288167,-2.104196,10.049559,-0.299864,18.852725,0.685507,0.997683,-1.973674,0.659602,2.098192,0.154730,-0.306223,0.283615,-1.242808,1.831760,6.154902,0.471185,18.000000,0,235.046211
8.670000,18.847155,0.327806,0.225759,-0.007366,0.000918,0.013333,1.833136,-1.287641,-2.096549,10.043212,-0.303300,18.851358,0.686280,0.996367,-1.973921,0.659597,2.099231,0.153974,-0.305561,0.283582,-1.242028,1.827204,6.149969,0.471185,18.000000,0,234.857849
8.680000,18.845790,0.327349,0.225997,-0.007365,0.000920,0.013304,1.828875,-1.287114,-2.088918,10.036865,-0.306716,18.849988,0.687053,0.995050,-1.974167,0.659593,2.100272,0.153218,-0.304898,0.283549,-1.241247,1.822648,6.145037,0.471185,18.000000,0,234.669501
8.690000,18.844424,0.326892,0.226236,-0.007364,0.000922,0.013275,1.824614,-1.286586,-2.081303,10.030517,-0.310113,18.848616,0.687829,0.993732,-1.974414,0.659589,2.101314,0.152462,-0.304234,0.283516,-1.240465,1.818095,6.140105,0.471185,18.000000,0,234.481165
8.700000,18.843055,0.326434,0.226475,-0.007362,0.000924,0.013246,1.820354,-1.286056,-2.073706,10.024168,-0.313490,18.847243,0.688605,0.992413,-1.974661,0.659584,2.102358,0.151707,-0.303570,0.283484,-1.239682,1.813543,6.135174,0.471185,18.000000,0,234.292843
8.710000,18.841683,0.325976,0.226714,-0.007361,0.000926,0.013217,1.816095,-1.285526,-2.066124,10.017818,-0.316847,18.845867,0.689383,0.991093,-1.974909,0.659580,2.103404,0.150951,-0.302905,0.283453,-1.238898,1.808993,6.130243,0.471185,18.000000,0,234.104534
8.720000,18.840310,0.325518,0.226954,-0.007360,0.000928,0.013188,1.811836,-1.284994,-2.058560,10.011468,-0.320185,18.844489,0.690162,0.989772,-1.975156,0.659576,2.104451,0.150196,-0.302239,0.283421,-1.238113,1.804444,6.125312,0.471185,18.000000,0,233.916239
8.730000,18.838935,0.325060,0.227194,-0.007358,0.000930,0.013159,1.807579,-1.284462,-2.051012,10.005118,-0.323504,18.843109,0.690943,0.988451,-1.975404,0.659572,2.105500,0.149441,-0.301573,0.283391,-1.237327,1.799898,6.120382,0.471185,18.000000,0,233.727957
8.740000,18.837557,0.324601,0.227434,-0.007357,0.000932,0.013130,1.803322,-1.283928,-2.043481,9.998766,-0.326803,18.841727,0.691725,0.987128,-1.975652,0.659568,2.106551,0.148686,-0.300906,0.283361,-1.236540,1.795353,6.115452,0.471185,18.000000,0,233.539689
8.750000,18.836178,0.324142,0.227675,-0.007355,0.000934,0.013100,1.799066,-1.283393,-2.035966,9.992414,-0.330083,18.840342,0.692508,0.985805,-1.975901,0.659564,2.107603,0.147932,-0.300239,0.283331,-1.235753,1.790810,6.110522,0.471185,18.000000,0,233.351434
8.760000,18.834796,0.323683,0.227917,-0.007354,0.000936,0.013071,1.794812,-1.282857,-2.028469,9.986062,-0.333344,18.838956,0.693292,0.984480,-1.976149,0.659560,2.108658,0.147177,-0.299571,0.283302,-1.234964,1.786269,6.105593,0.471185,18.000000,0,233.163192
8.770000,18.833412,0.323224,0.228158,-0.007352,0.000938,0.013042,1.790558,-1.282320,-2.020987,9.979708,-0.336585,18.837568,0.694078,0.983155,-1.976398,0.659556,2.109713,0.146423,-0.298902,0.283273,-1.234174,1.781730,6.100664,0.471185,18.000000,0,232.974964
8.780000,18.832027,0.322764,0.228400,-0.007350,0.000940,0.013013,1.786306,-1.281782,-2.013523,9.973354,-0.339807,18.836177,0.694866,0.981829,-1.976647,0.659553,2.110771,0.145669,-0.298233,0.283245,-1.233383,1.777194,6.095736,0.471185,18.000000,0,232.786750
8.790000,18.830639,0.322304,0.228643,-0.007348,0.000941,0.012984,1.782055,-1.281242,-2.006075,9.967000,-0.343010,18.834784,0.695654,0.980503,-1.976897,0.659549,2.111830,0.144915,-0.297563,0.283217,-1.232591,1.772659,6.090807,0.471185,18.000000,0,232.598549
8.800000,18.829249,0.321844,0.228885,-0.007346,0.000943,0.012954,1.777805,-1.280702,-1.998645,9.960644,-0.346195,18.833390,0.696444,0.979176,-1.977146,0.659545,2.112890,0.144162,-0.296892,0.283190,-1.231798,1.768127,6.085880,0.471185,18.000000,0,232.410362
8.810000,18.827856,0.321384,0.229128,-0.007344,0.000945,0.012925,1.773556,-1.280161,-1.991230,9.954288,-0.349360,18.831993,0.697235,0.977848,-1.977396,0.659542,2.113953,0.143408,-0.296221,0.283163,-1.231004,1.763597,6.080952,0.471185,18.000000,0,232.222188
8.820000,18.826462,0.320923,0.229372,-0.007341,0.000947,0.012896,1.769309,-1.279618,-1.983833,9.947932,-0.352506,18.830594,0.698028,0.976519,-1.977646,0.659538,2.115017,0.142656,-0.295550,0.283137,-1.230209,1.759069,6.076025,0.471185,18.000000,0,232.034028
8.830000,18.825066,0.320462,0.229616,-0.007339,0.000949,0.012866,1.765063,-1.279074,-1.976453,9.941575,-0.355633,18.829193,0.698822,0.975189,-1.977896,0.659535,2.116082,0.141903,-0.294878,0.283111,-1.229414,1.754544,6.071098,0.471185,18.000000,0,231.845881
8.840000,18.823668,0.320001,0.229860,-0.007337,0.000951,0.012837,1.760818,-1.278529,-1.969089,9.935217,-0.358742,18.827791,0.699617,0.973859,-1.978146,0.659531,2.117150,0.141150,-0.294205,0.283086,-1.228617,1.750021,6.066172,0.471185,18.000000,0,231.657749
8.850000,18.822267,0.319540,0.230105,-0.007334,0.000953,0.012808,1.756576,-1.277984,-1.961742,9.928858,-0.361832,18.826386,0.700414,0.972529,-1.978397,0.659528,2.118219,0.140398,-0.293533,0.283061,-1.227819,1.745500,6.061246,0.471185,18.000000,0,231.469630
8.860000,18.820865,0.319079,0.230350,-0.007332,0.000955,0.012778,1.752334,-1.277437,-1.954412,9.922499,-0.364903,18.824979,0.701211,0.971197,-1.978648,0.659525,2.119289,0.139647,-0.292859,0.283037,-1.227020,1.740982,6.056320,0.471185,18.000000,0,231.281524
8.870000,18.819460,0.318618,0.230595,-0.007329,0.000957,0.012749,1.748094,-1.276888,-1.947099,9.916139,-0.367955,18.823569,0.702011,0.969865,-1.978899,0.659522,2.120362,0.138895,-0.292185,0.283013,-1.226220,1.736467,6.051395,0.471185,18.000000,0,231.093433
8.880000,18.818053,0.318156,0.230841,-0.007326,0.000959,0.012720,1.743856,-1.276339,-1.939802,9.909778,-0.370989,18.822158,0.702811,0.968533,-1.979150,0.659518,2.121435,0.138144,-0.291511,0.282990,-1.225419,1.731954,6.046470,0.471185,18.000000,0,230.905355
8.890000,18.816645,0.317694,0.231087,-0.007323,0.000961,0.012690,1.739620,-1.275789,-1.932523,9.903417,-0.374004,18.820745,0.703613,0.967200,-1.979402,0.659515,2.122511,0.137393,-0.290836,0.282967,-1.224618,1.727443,6.041545,0.471185,18.000000,0,230.717291
8.900000,18.815234,0.317233,0.231333,-0.007320,0.000963,0.012661,1.735385,-1.275238,-1.925260,9.897055,-0.377001,18.819330,0.704416,0.965866,-1.979654,0.659512,2.123588,0.136643,-0.290161,0.282945,-1.223815,1.722936,6.036621,0.471185,18.000000,0,230.529241
8.910000,18.813821,0.316771,0.231580,-0.007317,0.000965,0.012631,1.731153,-1.274685,-1.918014,9.890693,-0.379979,18.817913,0.705220,0.964532,-1.979905,0.659509,2.124667,0.135893,-0.289485,0.282923,-1.223011,1.718431,6.031697,0.471185,18.000000,0,230.341205
8.920000,18.812406,0.316308,0.231827,-0.007314,0.000966,0.012602,1.726922,-1.274131,-1.910785,9.884330,-0.382939,18.816493,0.706026,0.963197,-1.980158,0.659506,2.125748,0.135143,-0.288809,0.282902,-1.222206,1.713929,6.026773,0.471185,18.000000,0,230.153182
8.930000,18.810989,0.315846,0.232075,-0.007311,0.000968,0.012572,1.722693,-1.273577,-1.903573,9.877966,-0.385881,18.815072,0.706833,0.961862,-1.980410,0.659504,2.126830,0.134394,-0.288133,0.282881,-1.221401,1.709430,6.021850,0.471185,18.000000,0,229.965174
8.940000,18.809570,0.315384,0.232323,-0.007307,0.000970,0.012543,1.718466,-1.273021,-1.896378,9.871601,-0.388804,18.813649,0.707642,0.960527,-1.980662,0.659501,2.127913,0.133645,-0.287456,0.282860,-1.220594,1.704933,6.016927,0.471185,18.000000,0,229.777179
8.950000,18.808149,0.314921,0.232571,-0.007304,0.000972,0.012513,1.714241,-1.272464,-1.889200,9.865236,-0.391709,18.812223,0.708451,0.959190,-1.980915,0.659498,2.128999,0.132896,-0.286779,0.282840,-1.219786,1.700440,6.012005,0.471185,18.000000,0,229.589198
8.960000,18.806726,0.314459,0.232820,-0.007301,0.000974,0.012484,1.710018,-1.271906,-1.882039,9.858870,-0.394596,18.810796,0.709262,0.957854,-1.981168,0.659495,2.130086,0.132148,-0.286102,0.282821,-1.218978,1.695950,6.007083,0.471185,18.000000,0,229.401231
8.970000,18.805301,0.313996,0.233069,-0.007297,0.000976,0.012454,1.705797,-1.271347,-1.874895,9.852504,-0.397465,18.809366,0.710074,0.956517,-1.981421,0.659493,2.131174,0.131400,-0.285424,0.282802,-1.218168,1.691462,6.002161,0.471185,18.000000,0,229.213279
8.980000,18.803874,0.313533,0.233318,-0.007293,0.000978,0.012424,1.701578,-1.270787,-1.867767,9.846137,-0.400316,18.807935,0.710888,0.955180,-1.981675,0.659490,2.132264,0.130653,-0.284746,0.282784,-1.217357,1.686978,5.997240,0.471185,18.000000,0,229.025340
8.990000,18.802445,0.313070,0.233568,-0.007290,0.000980,0.012395,1.697362,-1.270225,-1.860657,9.839769,-0.403148,18.806501,0.711703,0.953842,-1.981928,0.659488,2.133356,0.129906,-0.284067,0.282766,-1.216546,1.682497,5.992319,0.471185,18.000000,0,228.837415
9.000000,18.801014,0.312607,0.233818,-0.007286,0.000982,0.012365,1.693148,-1.269663,-1.853564,9.833401,-0.405963,18.805066,0.712519,0.952505,-1.982182,0.659485,2.134450,0.129159,-0.283389,0.282748,-1.215733,1.678019,5.987398,0.471185,18.000000,0,228.649505
9.010000,18.799580,0.312144,0.234068,-0.007282,0.000984,0.012336,1.688936,-1.269099,-1.846487,9.827032,-0.408760,18.803628,0.713336,0.951166,-1.982436,0.659483,2.135545,0.128413,-0.282710,0.282731,-1.214920,1.673544,5.982478,0.471185,18.000000,0,228.461608
9.020000,18.798145,0.311681,0.234319,-0.007278,0.000986,0.012306,1.684726,-1.268535,-1.839428,9.820662,-0.411539,18.802189,0.714155,0.949828,-1.982690,0.659480,2.136642,0.127667,-0.282030,0.282715,-1.214105,1.669073,5.977558,0.471185,18.000000,0,228.273726
9.030000,18.796708,0.311218,0.234570,-0.007274,0.000988,0.012276,1.680519,-1.267969,-1.832385,9.814291,-0.414300,18.800747,0.714975,0.948489,-1.982944,0.659478,2.137740,0.126922,-0.281351,0.282699,-1.213290,1.664604,5.972638,0.471185,18.000000,0,228.085857
9.040000,18.795269,0.310755,0.234822,-0.007270,0.000990,0.012247,1.676314,-1.267402,-1.825360,9.807920,-0.417044,18.799304,0.715797,0.947150,-1.983198,0.659476,2.138840,0.126177,-0.280671,0.282683,-1.212473,1.660139,5.967719,0.471185,18.000000,0,227.898003
9.050000,18.793827,0.310292,0.235073,-0.007266,0.000992,0.012217,1.672112,-1.266834,-1.818351,9.801549,-0.419770,18.797858,0.716619,0.945811,-1.983453,0.659474,2.139941,0.125433,-0.279991,0.282668,-1.211656,1.655678,5.962800,0.471185,18.000000,0,227.710163
9.060000,18.792384,0.309828,0.235326,-0.007261,0.000993,0.012187,1.667912,-1.266265,-1.811360,9.795176,-0.422478,18.796411,0.717443,0.944471,-1.983708,0.659471,2.141044,0.124689,-0.279310,0.282654,-1.210837,1.651220,5.957882,0.471185,18.000000,0,227.522337
9.070000,18.790939,0.309365,0.235578,-0.007257,0.000995,0.012158,1.663715,-1.265695,-1.804386,9.788803,-0.425169,18.794961,0.718268,0.943131,-1.983963,0.659469,2.142149,0.123946,-0.278630,0.282640,-1.210018,1.646765,5.952964,0.471185,18.000000,0,227.334525
9.080000,18.789491,0.308902,0.235831,-0.007253,0.000997,0.012128,1.659520,-1.265123,-1.797428,9.782430,-0.427842,18.793510,0.719095,0.941791,-1.984218,0.659467,2.143255,0.123203,-0.277949,0.282626,-1.209197,1.642314,5.948046,0.471185,18.000000,0,227.146728
9.090000,18.788042,0.308438,0.236084,-0.007248,0.000999,0.012098,1.655328,-1.264551,-1.790488,9.776055,-0.430497,18.792057,0.719922,0.940451,-1.984473,0.659465,2.144363,0.122461,-0.277268,0.282613,-1.208376,1.637866,5.943129,0.471185,18.000000,0,226.958945
9.100000,18.786591,0.307975,0.236338,-0.007244,0.001001,0.012068,1.651139,-1.263977,-1.783564,9.769680,-0.433136,18.790601,0.720751,0.939111,-1.984729,0.659464,2.145473,0.121719,-0.276587,0.282600,-1.207554,1.633422,5.938212,0.471185,18.000000,0,226.771176
9.110000,18.785137,0.307512,0.236592,-0.007239,0.001003,0.012039,1.646952,-1.263403,-1.776658,9.763305,-0.435757,18.789144,0.721582,0.937770,-1.984985,0.659462,2.146584,0.120977,-0.275906,0.282588,-1.206730,1.628982,5.933296,0.471185,18.000000,0,226.583422
9.120000,18.783682,0.307048,0.236846,-0.007234,0.001005,0.012009,1.642768,-1.262827,-1.769769,9.756928,-0.438360,18.787684,0.722413,0.936430,-1.985240,0.659460,2.147697,0.120237,-0.275224,0.282577,-1.205906,1.624546,5.928380,0.471185,18.000000,0,226.395681
9.130000,18.782225,0.306585,0.237101,-0.007229,0.001007,0.011979,1.638587,-1.262250,-1.762896,9.750551,-0.440947,18.786223,0.723246,0.935089,-1.985496,0.659458,2.148811,0.119496,-0.274543,0.282566,-1.205081,1.620113,5.923464,0.471185,18.000000,0,226.207955
9.140000,18.780765,0.306121,0.237356,-0.007224,0.001009,0.011949,1.634409,-1.261672,-1.756041,9.744174,-0.443516,18.784760,0.724080,0.933748,-1.985753,0.659456,2.149927,0.118757,-0.273861,0.282555,-1.204255,1.615683,5.918548,0.471185,18.000000,0,226.020244
9.150000,18.779304,0.305658,0.237611,-0.007219,0.001011,0.011920,1.630234,-1.261093,-1.749203,9.737795,-0.446068,18.783294,0.724915,0.932408,-1.986009,0.659455,2.151044,0.118017,-0.273179,0.282545,-1.203427,1.611258,5.913633,0.471185,18.000000,0,225.832547
9.160000,18.777841,0.305195,0.237867,-0.007214,0.001013,0.011890,1.626062,-1.260513,-1.742382,9.731416,-0.448603,18.781827,0.725752,0.931067,-1.986265,0.659453,2.152163,0.117279,-0.272497,0.282535,-1.202599,1.606837,5.908719,0.471185,18.000000,0,225.644864
9.170000,18.776376,0.304731,0.238123,-0.007209,0.001015,0.011860,1.621893,-1.259932,-1.735578,9.725037,-0.451121,18.780358,0.726590,0.929726,-1.986522,0.659452,2.153284,0.116541,-0.271815,0.282526,-1.201770,1.602419,5.903804,0.471185,18.000000,0,225.457196
9.180000,18.774909,0.304268,0.238380,-0.007204,0.001017,0.011830,1.617727,-1.259350,-1.728791,9.718657,-0.453622,18.778887,0.727429,0.928385,-1.986779,0.659450,2.154406,0.115803,-0.271133,0.282517,-1.200940,1.598005,5.898891,0.471185,18.000000,0,225.269542
9.190000,18.773439,0.303805,0.238636,-0.007199,0.001019,0.011801,1.613564,-1.258766,-1.722021,9.712276,-0.456106,18.777414,0.728270,0.927044,-1.987036,0.659449,2.155530,0.115066,-0.270450,0.282509,-1.200109,1.593596,5.893977,0.471185,18.000000,0,225.081903
9.200000,18.771968,0.303341,0.238894,-0.007194,0.001020,0.011771,1.609404,-1.258182,-1.715268,9.705894,-0.458573,18.775939,0.729111,0.925703,-1.987293,0.659448,2.156655,0.114330,-0.269768,0.282501,-1.199277,1.589190,5.889064,0.471185,18.000000,0,224.894278
9.210000,18.770495,0.302878,0.239151,-0.007188,0.001022,0.011741,1.605247,-1.257596,-1.708532,9.699512,-0.461023,18.774462,0.729954,0.924362,-1.987550,0.659446,2.157782,0.113594,-0.269085,0.282494,-1.198444,1.584788,5.884151,0.471185,18.000000,0,224.706668
9.220000,18.769020,0.302415,0.239409,-0.007183,0.001024,0.011711,1.601093,-1.257009,-1.701813,9.693129,-0.463456,18.772983,0.730798,0.923021,-1.987808,0.659445,2.158910,0.112859,-0.268403,0.282488,-1.197610,1.580391,5.879239,0.471185,18.000000,0,224.519072
9.230000,18.767543,0.301952,0.239667,-0.007177,0.001026,0.011681,1.596943,-1.256421,-1.695112,9.686745,-0.465873,18.771502,0.731644,0.921681,-1.988065,0.659444,2.160040,0.112125,-0.267720,0.282481,-1.196775,1.575997,5.874327,0.471185,18.000000,0,224.331491
9.240000,18.766064,0.301489,0.239925,-0.007172,0.001028,0.011652,1.592796,-1.255832,-1.688427,9.680361,-0.468273,18.770019,0.732491,0.920340,-1.988323,0.659443,2.161172,0.111391,-0.267038,0.282476,-1.195939,1.571608,5.869415,0.471185,18.000000,0,224.143924
9.250000,18.764583,0.301026,0.240184,-0.007166,0.001030,0.011622,1.588652,-1.255242,-1.681759,9.673976,-0.470657,18.768535,0.733338,0.918999,-1.988581,0.659442,2.162305,0.110657,-0.266355,0.282470,-1.195102,1.567223,5.864504,0.471185,18.000000,0,223.956372
9.260000,18.763100,0.300563,0.240443,-0.007160,0.001032,0.011592,1.584512,-1.254651,-1.675109,9.667591,-0.473024,18.767048,0.734188,0.917659,-1.988839,0.659440,2.163440,0.109925,-0.265672,0.282466,-1.194265,1.562842,5.859593,0.471185,18.000000,0,223.768835
9.270000,18.761616,0.300101,0.240703,-0.007154,0.001034,0.011562,1.580375,-1.254059,-1.668475,9.661205,-0.475374,18.765559,0.735038,0.916319,-1.989097,0.659439,2.164576,0.109193,-0.264989,0.282461,-1.193426,1.558465,5.854683,0.471185,18.000000,0,223.581312
9.280000,18.760129,0.299638,0.240963,-0.007149,0.001036,0.011533,1.576241,-1.253465,-1.661859,9.654818,-0.477709,18.764069,0.735890,0.914979,-1.989355,0.659439,2.165714,0.108461,-0.264307,0.282458,-1.192586,1.554093,5.849773,0.471185,18.000000,0,223.393804
9.290000,18.758640,0.299175,0.241223,-0.007143,0.001038,0.011503,1.572111,-1.252871,-1.655260,9.648430,-0.480026,18.762576,0.736743,0.913639,-1.989614,0.659438,2.166853,0.107730,-0.263624,0.282454,-1.191745,1.549725,5.844863,0.471185,18.000000,0,223.206311
9.300000,18.757150,0.298713,0.241483,-0.007137,0.001040,0.011473,1.567985,-1.252275,-1.648677,9.642042,-0.482327,18.761082,0.737597,0.912299,-1.989872,0.659437,2.167994,0.107000,-0.262941,0.282452,-1.190904,1.545361,5.839954,0.471185,18.000000,0,223.018833
9.310000,18.755657,0.298251,0.241744,-0.007130,0.001042,0.011443,1.563862,-1.251679,-1.642112,9.635653,-0.484612,18.759586,0.738452,0.910959,-1.990131,0.659436,2.169137,0.106271,-0.262259,0.282449,-1.190061,1.541002,5.835045,0.471185,18.000000,0,222.831369
9.320000,18.754163,0.297788,0.242005,-0.007124,0.001044,0.011413,1.559742,-1.251081,-1.635564,9.629264,-0.486881,18.758088,0.739309,0.909620,-1.990390,0.659435,2.170281,0.105542,-0.261576,0.282447,-1.189218,1.536648,5.830136,0.471185,18.000000,0,222.643920
9.330000,18.752666,0.297326,0.242267,-0.007118,0.001045,0.011384,1.555626,-1.250482,-1.629033,9.622874,-0.489134,18.756588,0.740167,0.908281,-1.990649,0.659435,2.171426,0.104814,-0.260894,0.282446,-1.188373,1.532297,5.825228,0.471185,18.000000,0,222.456485
9.340000,18.751168,0.296864,0.242529,-0.007112,0.001047,0.011354,1.551514,-1.249882,-1.622519,9.616483,-0.491370,18.755086,0.741026,0.906942,-1.990908,0.659434,2.172573,0.104086,-0.260211,0.282445,-1.187528,1.527952,5.820320,0.471185,18.000000,0,222.269066
9.350000,18.749668,0.296402,0.242791,-0.007106,0.001049,0.011324,1.547406,-1.249281,-1.616022,9.610092,-0.493591,18.753582,0.741886,0.905603,-1.991167,0.659433,2.173722,0.103360,-0.259529,0.282445,-1.186681,1.523611,5.815413,0.471185,18.000000,0,222.081661
9.360000,18.748165,0.295940,0.243054,-0.007099,0.001051,0.011294,1.543301,-1.248679,-1.609542,9.603700,-0.495795,18.752076,0.742748,0.904265,-1.991427,0.659433,2.174872,0.102633,-0.258846,0.282445,-1.185834,1.519274,5.810506,0.471185,18.000000,0,221.894272
9.370000,18.746661,0.295479,0.243316,-0.007093,0.001053,0.011265,1.539200,-1.248075,-1.603079,9.597307,-0.497983,18.750569,0.743611,0.902927,-1.991686,0.659432,2.176024,0.101908,-0.258164,0.282446,-1.184986,1.514942,5.805599,0.471185,18.000000,0,221.706897
9.380000,18.745155,0.295017,0.243580,-0.007086,0.001055,0.011235,1.535103,-1.247471,-1.596634,9.590914,-0.500156,18.749059,0.744475,0.901589,-1.991946,0.659432,2.177177,0.101183,-0.257482,0.282447,-1.184137,1.510615,5.800693,0.471185,18.000000,0,221.519537
9.390000,18.743648,0.294556,0.243843,-0.007080,0.001057,0.011205,1.531010,-1.246865,-1.590205,9.584520,-0.502312,18.747548,0.745340,0.900252,-1.992205,0.659432,2.178332,0.100459,-0.256800,0.282449,-1.183287,1.506292,5.795787,0.471185,18.000000,0,221.332192
9.400000,18.742138,0.294095,0.244107,-0.007073,0.001059,0.011175,1.526920,-1.246259,-1.583793,9.578125,-0.504453,18.746034,0.746207,0.898914,-1.992465,0.659431,2.179488,0.099736,-0.256118,0.282451,-1.182435,1.501975,5.790882,0.471185,18.000000,0,221.144861
9.410000,18.740626,0.293634,0.244371,-0.007066,0.001061,0.011146,1.522835,-1.245651,-1.577399,9.571730,-0.506578,18.744519,0.747074,0.897578,-1.992725,0.659431,2.180646,0.099014,-0.255436,0.282453,-1.181583,1.497662,5.785977,0.471185,18.000000,0,220.957546
9.420000,18.739112,0.293173,0.244636,-0.007059,0.001063,0.011116,1.518753,-1.245042,-1.571021,9.565334,-0.508687,18.743002,0.747943,0.896241,-1.992986,0.659431,2.181805,0.098292,-0.254754,0.282456,-1.180730,1.493353,5.781072,0.471185,18.000000,0,220.770246
9.430000,18.737597,0.292712,0.244900,-0.007053,0.001065,0.011086,1.514676,-1.244432,-1.564661,9.558937,-0.510781,18.741483,0.748813,0.894905,-1.993246,0.659431,2.182966,0.097571,-0.254073,0.282460,-1.179876,1.489050,5.776168,0.471185,18.000000,0,220.582961
9.440000,18.736080,0.292252,0.245166,-0.007046,0.001067,0.011056,1.510602,-1.243821,-1.558317,9.552540,-0.512859,18.739963,0.749685,0.893570,-1.993506,0.659431,2.184128,0.096850,-0.253392,0.282464,-1.179022,1.484751,5.771264,0.471185,18.000000,0,220.395691
9.450000,18.734560,0.291791,0.245431,-0.007039,0.001068,0.011027,1.506533,-1.243209,-1.551991,9.546142,-0.514922,18.738440,0.750557,0.892235,-1.993767,0.659431,2.185292,0.096131,-0.252710,0.282469,-1.178166,1.480458,5.766361,0.471185,18.000000,0,220.208435
9.460000,18.733039,0.291331,0.245697,-0.007032,0.001070,0.010997,1.502467,-1.242596,-1.545681,9.539743,-0.516969,18.736915,0.751431,0.890900,-1.994027,0.659431,2.186458,0.095412,-0.252029,0.282474,-1.177309,1.476169,5.761458,0.471185,18.000000,0,220.021195
9.470000,18.731516,0.290871,0.245963,-0.007025,0.001072,0.010967,1.498406,-1.241982,-1.539389,9.533344,-0.519000,18.735389,0.752306,0.889566,-1.994288,0.659431,2.187624,0.094694,-0.251348,0.282479,-1.176451,1.471885,5.756555,0.471185,18.000000,0,219.833970
9.480000,18.729991,0.290411,0.246229,-0.007018,0.001074,0.010937,1.494349,-1.241367,-1.533113,9.526944,-0.521016,18.733861,0.753182,0.888232,-1.994549,0.659431,2.188793,0.093977,-0.250668,0.282485,-1.175593,1.467607,5.751653,0.471185,18.000000,0,219.646760
9.490000,18.728465,0.289952,0.246496,-0.007010,0.001076,0.010908,1.490296,-1.240750,-1.526855,9.520544,-0.523017,18.732331,0.754060,0.886898,-1.994810,0.659431,2.189963,0.093260,-0.249987,0.282492,-1.174733,1.463333,5.746751,0.471185,18.000000,0,219.459565
9.500000,18.726936,0.289492,0.246763,-0.007003,0.001078,0.010878,1.486247,-1.240133,-1.520614,9.514142,-0.525002,18.730799,0.754938,0.885566,-1.995071,0.659431,2.191134,0.092544,-0.249307,0.282499,-1.173873,1.459064,5.741849,0.471185,18.000000,0,219.272386
9.510000,18.725406,0.289033,0.247031,-0.006996,0.001080,0.010848,1.482203,-1.239514,-1.514389,9.507741,-0.526973,18.729265,0.755818,0.884233,-1.995332,0.659431,2.192307,0.091829,-0.248627,0.282506,-1.173011,1.454801,5.736948,0.471185,18.000000,0,219.085221
9.520000,18.723873,0.288574,0.247299,-0.006989,0.001082,0.010819,1.478163,-1.238894,-1.508182,9.501338,-0.528928,18.727730,0.756699,0.882901,-1.995593,0.659431,2.193481,0.091115,-0.247947,0.282514,-1.172149,1.450542,5.732048,0.471185,18.000000,0,218.898072
9.530000,18.722339,0.288115,0.247567,-0.006981,0.001084,0.010789,1.474127,-1.238273,-1.501992,9.494935,-0.530867,18.726192,0.757581,0.881570,-1.995855,0.659432,2.194657,0.090402,-0.247267,0.282523,-1.171286,1.446289,5.727147,0.471185,18.000000,0,218.710938
9.540000,18.720803,0.287657,0.247835,-0.006974,0.001086,0.010759,1.470096,-1.237651,-1.495818,9.488531,-0.532792,18.724653,0.758465,0.880239,-1.996116,0.659432,2.195835,0.089689,-0.246588,0.282532,-1.170421,1.442041,5.722248,0.471185,18.000000,0,218.523819
9.550000,18.719265,0.287199,0.248104,-0.006966,0.001088,0.010730,1.466068,-1.237028,-1.489662,9.482127,-0.534702,18.723112,0.759349,0.878909,-1.996378,0.659433,2.197013,0.088977,-0.245909,0.282541,-1.169556,1.437798,5.717348,0.471185,18.000000,0,218.336715
9.560000,18.717725,0.286741,0.248373,-0.006959,0.001089,0.010700,1.462046,-1.236404,-1.483523,9.475722,-0.536597,18.721569,0.760235,0.877579,-1.996640,0.659433,2.198194,0.088266,-0.245230,0.282551,-1.168690,1.433560,5.712449,0.471185,18.000000,0,218.149627
9.570000,18.716184,0.286283,0.248642,-0.006951,0.001091,0.010671,1.458027,-1.235779,-1.477400,9.469316,-0.538476,18.720024,0.761122,0.876250,-1.996901,0.659434,2.199376,0.087556,-0.244552,0.282562,-1.167823,1.429328,5.707550,0.471185,18.000000,0,217.962554
9.580000,18.714640,0.285825,0.248912,-0.006943,0.001093,0.010641,1.454014,-1.235153,-1.471295,9.462910,-0.540341,18.718478,0.762011,0.874922,-1.997163,0.659434,2.200559,0.086847,-0.243873,0.282573,-1.166955,1.425100,5.702652,0.471185,18.000000,0,217.775496
9.590000,18.713095,0.285368,0.249182,-0.006936,0.001095,0.010611,1.450004,-1.234525,-1.465206,9.456503,-0.542191,18.716929,0.762900,0.873594,-1.997425,0.659435,2.201744,0.086138,-0.243195,0.282584,-1.166087,1.420879,5.697754,0.471185,18.000000,0,217.588454
9.600000,18.711548,0.284911,0.249452,-0.006928,0.001097,0.010582,1.446000,-1.233897,-1.459134,9.450095,-0.544027,18.715379,0.763791,0.872267,-1.997687,0.659435,2.202930,0.085431,-0.242518,0.282596,-1.165217,1.416662,5.692857,0.471185,18.000000,0,217.401426
9.610000,18.709999,0.284454,0.249723,-0.006920,0.001099,0.010552,1.442000,-1.233267,-1.453080,9.443687,-0.545847,18.713827,0.764682,0.870940,-1.997950,0.659436,2.204118,0.084724,-0.241840,0.282609,-1.164346,1.412451,5.687960,0.471185,18.000000,0,217.214415
9.620000,18.708448,0.283997,0.249994,-0.006912,0.001101,0.010523,1.438004,-1.232637,-1.447042,9.437278,-0.547653,18.712273,0.765575,0.869614,-1.998212,0.659437,2.205307,0.084018,-0.241163,0.282622,-1.163475,1.408245,5.683063,0.471185,18.000000,0,217.027418
9.630000,18.706895,0.283541,0.250265,-0.006904,0.001103,0.010493,1.434013,-1.232005,-1.441021,9.430868,-0.549444,18.710718,0.766469,0.868289,-1.998474,0.659438,2.206497,0.083313,-0.240486,0.282635,-1.162602,1.404045,5.678167,0.471185,18.000000,0,216.840437
9.640000,18.705341,0.283085,0.250536,-0.006896,0.001105,0.010464,1.430027,-1.231372,-1.435017,9.424458,-0.551221,18.709160,0.767365,0.866964,-1.998737,0.659438,2.207690,0.082608,-0.239810,0.282649,-1.161729,1.399851,5.673271,0.471185,18.000000,0,216.653472
9.650000,18.703785,0.282629,0.250808,-0.006888,0.001106,0.010434,1.426045,-1.230738,-1.429030,9.418047,-0.552983,18.707601,0.768261,0.865640,-1.998999,0.659439,2.208883,0.081905,-0.239133,0.282663,-1.160854,1.395661,5.668375,0.471185,18.000000,0,216.466522
9.660000,18.702227,0.282173,0.251080,-0.006880,0.001108,0.010405,1.422068,-1.230103,-1.423060,9.411635,-0.554731,18.706040,0.769159,0.864317,-1.999262,0.659440,2.210078,0.081202,-0.238458,0.282678,-1.159979,1.391478,5.663480,0.471185,18.000000,0,216.279587
9.670000,18.700667,0.281718,0.251353,-0.006872,0.001110,0.010375,1.418096,-1.229467,-1.417107,9.405223,-0.556464,18.704478,0.770058,0.862995,-1.999525,0.659441,2.211275,0.080501,-0.237782,0.282694,-1.159103,1.387299,5.658586,0.471185,18.000000,0,216.092668
9.680000,18.699105,0.281263,0.251626,-0.006864,0.001112,0.010346,1.414129,-1.228830,-1.411171,9.398810,-0.558183,18.702913,0.770958,0.861673,-1.999788,0.659442,2.212473,0.079800,-0.237107,0.282709,-1.158226,1.383127,5.653691,0.471185,18.000000,0,215.905764
9.690000,18.697542,0.280808,0.251899,-0.006855,0.001114,0.010316,1.410166,-1.228192,-1.405252,9.392397,-0.559888,18.701347,0.771859,0.860352,-2.000051,0.659443,2.213672,0.079100,-0.236432,0.282726,-1.157348,1.378960,5.648798,0.471185,18.000000,0,215.718876
9.700000,18.695976,0.280354,0.252172,-0.006847,0.001116,0.010287,1.406208,-1.227552,-1.399349,9.385983,-0.561578,18.699779,0.772761,0.859032,-2.000314,0.659444,2.214873,0.078401,-0.235758,0.282743,-1.156469,1.374798,5.643904,0.471185,18.000000,0,215.532004
9.710000,18.694409,0.279900,0.252446,-0.006839,0.001118,0.010257,1.402255,-1.226912,-1.393463,9.379568,-0.563254,18.698209,0.773665,0.857712,-2.000577,0.659446,2.216075,0.077703,-0.235084,0.282760,-1.155589,1.370643,5.639011,0.471185,18.000000,0,215.345147
9.720000,18.692840,0.279446,0.252720,-0.006830,0.001120,0.010228,1.398307,-1.226271,-1.387594,9.373153,-0.564916,18.696637,0.774570,0.856393,-2.000840,0.659447,2.217279,0.077005,-0.234410,0.282778,-1.154708,1.366493,5.634119,0.471185,18.000000,0,215.158305
9.730000,18.691270,0.278993,0.252994,-0.006822,0.001122,0.010199,1.394364,-1.225628,-1.381742,9.366737,-0.566563,18.695063,0.775476,0.855075,-2.001104,0.659448,2.218484,0.076309,-0.233737,0.282796,-1.153827,1.362348,5.629226,0.471185,18.000000,0,214.971479
9.740000,18.689697,0.278539,0.253269,-0.006814,0.001123,0.010169,1.390426,-1.224984,-1.375907,9.360320,-0.568197,18.693488,0.776383,0.853758,-2.001367,0.659449,2.219691,0.075614,-0.233064,0.282815,-1.152944,1.358210,5.624334,0.471185,18.000000,0,214.784669
9.750000,18.688123,0.278086,0.253544,-0.006805,0.001125,0.010140,1.386493,-1.224340,-1.370089,9.353903,-0.569817,18.691911,0.777291,0.852442,-2.001630,0.659451,2.220899,0.074919,-0.232392,0.282834,-1.152061,1.354077,5.619443,0.471185,18.000000,0,214.597875
9.760000,18.686547,0.277634,0.253819,-0.006796,0.001127,0.010111,1.382565,-1.223694,-1.364287,9.347485,-0.571422,18.690333,0.778200,0.851126,-2.001894,0.659452,2.222109,0.074225,-0.231720,0.282854,-1.151176,1.349950,5.614552,0.471185,18.000000,0,214.411096
9.770000,18.684969,0.277182,0.254095,-0.006788,0.001129,0.010081,1.378642,-1.223047,-1.358503,9.341066,-0.573014,18.688752,0.779111,0.849812,-2.002158,0.659453,2.223320,0.073533,-0.231048,0.282874,-1.150291,1.345829,5.609662,0.471185,18.000000,0,214.224332
9.780000,18.683389,0.276730,0.254371,-0.006779,0.001131,0.010052,1.374723,-1.222399,-1.352735,9.334647,-0.574592,18.687170,0.780022,0.848498,-2.002421,0.659455,2.224532,0.072841,-0.230377,0.282895,-1.149405,1.341713,5.604771,0.471185,18.000000,0,214.037585
9.790000,18.681808,0.276278,0.254647,-0.006770,0.001133,0.010023,1.370810,-1.221750,-1.346983,9.328227,-0.576156,18.685586,0.780935,0.847185,-2.002685,0.659456,2.225746,0.072150,-0.229706,0.282917,-1.148518,1.337604,5.599882,0.471185,18.000000,0,213.850853
9.800000,18.680225,0.275827,0.254923,-0.006762,0.001135,0.009994,1.366902,-1.221100,-1.341249,9.321807,-0.577706,18.684000,0.781849,0.845873,-2.002949,0.659458,2.226961,0.071460,-0.229036,0.282938,-1.147630,1.333500,5.594992,0.471185,18.000000,0,213.664137
9.810000,18.678640,0.275376,0.255200,-0.006753,0.001137,0.009964,1.362999,-1.220449,-1.335531,9.315385,-0.579243,18.682413,0.782764,0.844562,-2.003213,0.659459,2.228178,0.070771,-0.228366,0.282961,-1.146741,1.329402,5.590103,0.471185,18.000000,0,213.477437
9.820000,18.677053,0.274925,0.255477,-0.006744,0.001138,0.009935,1.359102,-1.219796,-1.329830,9.308964,-0.580766,18.680824,0.783681,0.843251,-2.003477,0.659461,2.229396,0.070083,-0.227697,0.282983,-1.145852,1.325310,5.585215,0.471185,18.000000,0,213.290752
9.830000,18.675465,0.274475,0.255754,-0.006735,0.001140,0.009906,1.355209,-1.219143,-1.324146,9.302541,-0.582275,18.679233,0.784598,0.841942,-2.003741,0.659463,2.230616,0.069396,-0.227028,0.283007,-1.144961,1.321224,5.580327,0.471185,18.000000,0,213.104083
9.840000,18.673875,0.274025,0.256032,-0.006726,0.001142,0.009877,1.351322,-1.218489,-1.318478,9.296118,-0.583770,18.677640,0.785517,0.840634,-2.004005,0.659464,2.231837,0.068709,-0.226360,0.283030,-1.144070,1.317144,5.575439,0.471185,18.000000,0,212.917430
9.850000,18.672283,0.273576,0.256310,-0.006717,0.001144,0.009848,1.347440,-1.217833,-1.312828,9.289694,-0.585252,18.676046,0.786436,0.839326,-2.004270,0.659466,2.233059,0.068024,-0.225692,0.283055,-1.143177,1.313070,5.570552,0.471185,18.000000,0,212.730793
9.860000,18.670689,0.273126,0.256588,-0.006708,0.001146,0.009819,1.343563,-1.217177,-1.307194,9.283270,-0.586721,18.674449,0.787357,0.838019,-2.004534,0.659468,2.234283,0.067340,-0.225024,0.283079,-1.142284,1.309003,5.565665,0.471185,18.000000,0,212.544172
9.870000,18.669093,0.272678,0.256867,-0.006699,0.001148,0.009789,1.339691,-1.216519,-1.301576,9.276845,-0.588176,18.672852,0.788279,0.836714,-2.004798,0.659470,2.235508,0.066656,-0.224357,0.283104,-1.141390,1.304941,5.560779,0.471185,18.000000,0,212.357567
9.880000,18.667496,0.272229,0.257146,-0.006690,0.001150,0.009760,1.335825,-1.215860,-1.295975,9.270420,-0.589618,18.671252,0.789202,0.835409,-2.005063,0.659472,2.236734,0.065974,-0.223691,0.283130,-1.140495,1.300885,5.555893,0.471185,18.000000,0,212.170977
9.890000,18.665897,0.271781,0.257425,-0.006681,0.001152,0.009731,1.331964,-1.215201,-1.290391,9.263993,-0.591047,18.669651,0.790127,0.834106,-2.005327,0.659474,2.237962,0.065293,-0.223025,0.283156,-1.139599,1.296835,5.551007,0.471185,18.000000,0,211.984404
9.900000,18.664297,0.271333,0.257704,-0.006672,0.001153,0.009702,1.328108,-1.214540,-1.284824,9.257566,-0.592462,18.668048,0.791052,0.832803,-2.005592,0.659476,2.239192,0.064612,-0.222360,0.283183,-1.138702,1.292792,5.546122,0.471185,18.000000,0,211.797846
9.910000,18.662694,0.270886,0.257984,-0.006662,0.001155,0.009673,1.324258,-1.213878,-1.279273,9.251139,-0.593864,18.666443,0.791979,0.831501,-2.005857,0.659478,2.240423,0.063933,-0.221695,0.283210,-1.137805,1.288754,5.541237,0.471185,18.000000,0,211.611304
9.920000,18.661090,0.270439,0.258264,-0.006653,0.001157,0.009644,1.320413,-1.213215,-1.273739,9.244711,-0.595252,18.664837,0.792906,0.830200,-2.006121,0.659480,2.241655,0.063254,-0.221030,0.283238,-1.136906,1.284723,5.536353,0.471185,18.000000,0,211.424778
9.930000,18.659484,0.269992,0.258544,-0.006644,0.001159,0.009615,1.316574,-1.212551,-1.268221,9.238282,-0.596628,18.663229,0.793835,0.828901,-2.006386,0.659482,2.242888,0.062577,-0.220367,0.283266,-1.136007,1.280698,5.531469,0.471185,18.000000,0,211.238269
9.940000,18.657877,0.269546,0.258825,-0.006635,0.001161,0.009586,1.312740,-1.211886,-1.262720,9.231853,-0.597991,18.661619,0.794765,0.827602,-2.006651,0.659484,2.244123,0.061900,-0.219703,0.283295,-1.135106,1.276679,5.526585,0.471185,18.000000,0,211.051775
9.950000,18.656268,0.269100,0.259106,-0.006625,0.001163,0.009557,1.308911,-1.211220,-1.257236,9.225423,-0.599340,18.660007,0.795696,0.826305,-2.006916,0.659486,2.245360,0.061225,-0.219041,0.283324,-1.134205,1.272666,5.521702,0.471185,18.000000,0,210.865297
9.960000,18.654657,0.268655,0.259387,-0.006616,0.001165,0.009529,1.305088,-1.210553,-1.251768,9.218992,-0.600677,18.658394,0.796629,0.825008,-2.007181,0.659488,2.246597,0.060550,-0.218378,0.283353,-1.133303,1.268659,5.516819,0.471185,18.000000,0,210.678835
9.970000,18.653044,0.268210,0.259669,-0.006606,0.001166,0.009500,1.301270,-1.209884,-1.246316,9.212561,-0.602000,18.656779,0.797562,0.823712,-2.007446,0.659490,2.247837,0.059877,-0.217717,0.283384,-1.132400,1.264659,5.511937,0.471185,18.000000,0,210.492390
9.980000,18.651430,0.267765,0.259950,-0.006597,0.001168,0.009471,1.297458,-1.209215,-1.240881,9.206129,-0.603311,18.655163,0.798496,0.822418,-2.007711,0.659493,2.249077,0.059204,-0.217056,0.283414,-1.131496,1.260665,5.507055,0.471185,18.000000,0,210.305960
9.990000,18.649813,0.267321,0.260232,-0.006587,0.001170,0.009442,1.293652,-1.208545,-1.235463,9.199696,-0.604609,18.653545,0.799432,0.821125,-2.007977,0.659495,2.250319,0.058533,-0.216395,0.283445,-1.130592,1.256677,5.502174,0.471185,18.000000,0,210.119546
10.000000,18.648196,0.266877,0.260515,-0.006578,0.001172,0.009413,1.289851,-1.207873,-1.230061,9.193263,-0.605894,18.651925,0.800369,0.819833,-2.008242,0.659497,2.251562,0.057863,-0.215735,0.283477,-1.129686,1.252696,5.497293,0.471185,18.000000,0,209.933149
10.010000,18.646576,0.266434,0.260797,-0.006568,0.001174,0.009384,1.286055,-1.207201,-1.224676,9.186829,-0.607166,18.650303,0.801306,0.818541,-2.008507,0.659500,2.252807,0.057193,-0.215076,0.283509,-1.128780,1.248721,5.492412,0.471185,18.000000,0,209.746768
10.020000,18.644955,0.265991,0.261080,-0.006558,0.001176,0.009356,1.282265,-1.206527,-1.219307,9.180395,-0.608426,18.648680,0.802245,0.817251,-2.008773,0.659502,2.254053,0.056525,-0.214417,0.283542,-1.127873,1.244752,5.487532,0.471185,18.000000,0,209.560403
10.030000,18.643332,0.265548,0.261364,-0.006549,0.001177,0.009327,1.278481,-1.205853,-1.213955,9.173960,-0.609672,18.647055,0.803185,0.815962,-2.009038,0.659505,2.255300,0.055857,-0.213759,0.283575,-1.126964,1.240790,5.482653,0.471185,18.000000,0,209.374054
10.040000,18.641708,0.265106,0.261647,-0.006539,0.001179,0.009298,1.274703,-1.205177,-1.208619,9.167524,-0.610907,18.645428,0.804126,0.814675,-2.009303,0.659507,2.256549,0.055191,-0.213102,0.283608,-1.126055,1.236834,5.477773,0.471185,18.000000,0,209.187721
10.050000,18.640081,0.264664,0.261931,-0.006529,0.001181,0.009270,1.270930,-1.204500,-1.203299,9.161088,-0.612129,18.643800,0.805069,0.813388,-2.009569,0.659510,2.257799,0.054526,-0.212445,0.283642,-1.125146,1.232885,5.472894,0.471185,18.000000,0,209.001404
10.060000,18.638453,0.264223,0.262215,-0.006519,0.001183,0.009241,1.267163,-1.203823,-1.197996,9.154651,-0.613338,18.642170,0.806012,0.812103,-2.009835,0.659512,2.259051,0.053861,-0.211789,0.283677,-1.124235,1.228942,5.468016,0.471185,18.000000,0,208.815104
10.070000,18.636824,0.263782,0.262499,-0.006510,0.001185,0.009212,1.263401,-1.203144,-1.192710,9.148213,-0.614535,18.640539,0.806957,0.810818,-2.010100,0.659515,2.260303,0.053198,-0.211133,0.283712,-1.123323,1.225005,5.463138,0.471185,18.000000,0,208.628820
10.080000,18.635193,0.263341,0.262784,-0.006500,0.001187,0.009184,1.259646,-1.202464,-1.187439,9.141775,-0.615719,18.638906,0.807902,0.809535,-2.010366,0.659518,2.261558,0.052536,-0.210478,0.283747,-1.122411,1.221075,5.458260,0.471185,18.000000,0,208.442552
10.090000,18.633560,0.262901,0.263069,-0.006490,0.001188,0.009155,1.255896,-1.201783,-1.182185,9.135336,-0.616891,18.637271,0.808849,0.808253,-2.010632,0.659520,2.262813,0.051875,-0.209823,0.283784,-1.121498,1.217151,5.453383,0.471185,18.000000,0,208.256300
10.100000,18.631925,0.262462,0.263354,-0.006480,0.001190,0.009127,1.252151,-1.201101,-1.176948,9.128897,-0.618051,18.635634,0.809797,0.806972,-2.010898,0.659523,2.264070,0.051215,-0.209170,0.283820,-1.120584,1.213234,5.448506,0.471185,18.000000,0,208.070065
10.110000,18.630289,0.262023,0.263639,-0.006470,0.001192,0.009098,1.248413,-1.200418,-1.171727,9.122457,-0.619198,18.633996,0.810745,0.805693,-2.011163,0.659526,2.265328,0.050555,-0.208517,0.283857,-1.119669,1.209323,5.443630,0.471185,18.000000,0,207.883846
10.120000,18.628651,0.261584,0.263925,-0.006460,0.001194,0.009070,1.244680,-1.199734,-1.166522,9.116016,-0.620333,18.632357,0.811695,0.804415,-2.011429,0.659529,2.266588,0.049897,-0.207864,0.283895,-1.118753,1.205419,5.438754,0.471185,18.000000,0,207.697643
10.130000,18.627011,0.261145,0.264211,-0.006450,0.001196,0.009041,1.240954,-1.199049,-1.161333,9.109575,-0.621456,18.630715,0.812646,0.803137,-2.011695,0.659531,2.267849,0.049240,-0.207212,0.283933,-1.117836,1.201522,5.433879,0.471185,18.000000,0,207.511457
10.140000,18.625370,0.260708,0.264498,-0.006440,0.001198,0.009013,1.237233,-1.198363,-1.156161,9.103133,-0.622567,18.629072,0.813599,0.801862,-2.011961,0.659534,2.269111,0.048585,-0.206561,0.283971,-1.116919,1.197631,5.429004,0.471185,18.000000,0,207.325287
10.150000,18.623727,0.260270,0.264784,-0.006430,0.001199,0.008985,1.233518,-1.197676,-1.151005,9.096690,-0.623666,18.627428,0.814552,0.800587,-2.012227,0.659537,2.270374,0.047930,-0.205911,0.284010,-1.116000,1.193746,5.424129,0.471185,18.000000,0,207.139133
10.160000,18.622083,0.259833,0.265071,-0.006420,0.001201,0.008956,1.229809,-1.196987,-1.145865,9.090247,-0.624752,18.625782,0.815506,0.799313,-2.012494,0.659540,2.271639,0.047276,-0.205261,0.284049,-1.115081,1.189869,5.419255,0.471185,18.000000,0,206.952996
10.170000,18.620436,0.259397,0.265358,-0.006409,0.001203,0.008928,1.226105,-1.196298,-1.140741,9.083803,-0.625827,18.624134,0.816462,0.798041,-2.012760,0.659543,2.272906,0.046623,-0.204612,0.284089,-1.114161,1.185997,5.414381,0.471185,18.000000,0,206.766875
10.180000,18.618789,0.258961,0.265646,-0.006399,0.001205,0.008900,1.222408,-1.195608,-1.135634,9.077359,-0.626890,18.622484,0.817418,0.796770,-2.013026,0.659546,2.274173,0.045972,-0.203963,0.284130,-1.113240,1.182133,5.409508,0.471185,18.000000,0,206.580770
10.190000,18.617139,0.258525,0.265933,-0.006389,0.001207,0.008871,1.218717,-1.194916,-1.130543,9.070914,-0.627941,18.620833,0.818376,0.795501,-2.013292,0.659549,2.275442,0.045321,-0.203316,0.284171,-1.112319,1.178275,5.404635,0.471185,18.000000,0,206.394682
10.200000,18.615488,0.258090,0.266221,-0.006379,0.001208,0.008843,1.215031,-1.194224,-1.125468,9.064468,-0.628980,18.619181,0.819334,0.794232,-2.013559,0.659552,2.276712,0.044672,-0.202669,0.284212,-1.111396,1.174424,5.399763,0.471185,18.000000,0,206.208611
10.210000,18.613836,0.257656,0.266509,-0.006368,0.001210,0.008815,1.211352,-1.193531,-1.120409,9.058022,-0.630007,18.617526,0.820294,0.792965,-2.013825,0.659555,2.277984,0.044023,-0.202022,0.284254,-1.110473,1.170579,5.394890,0.471185,18.000000,0,206.022556
10.220000,18.612181,0.257222,0.266798,-0.006358,0.001212,0.008787,1.207678,-1.192836,-1.115367,9.051575,-0.631023,18.615871,0.821255,0.791700,-2.014091,0.659558,2.279257,0.043376,-0.201377,0.284297,-1.109548,1.166741,5.390019,0.471185,18.000000,0,205.836517
10.230000,18.610525,0.256788,0.267087,-0.006348,0.001214,0.008759,1.204011,-1.192141,-1.110340,9.045128,-0.632026,18.614213,0.822217,0.790435,-2.014358,0.659562,2.280531,0.042730,-0.200732,0.284339,-1.108623,1.162910,5.385148,0.471185,18.000000,0,205.650495
10.240000,18.608868,0.256355,0.267376,-0.006337,0.001216,0.008730,1.200349,-1.191444,-1.105330,9.038680,-0.633019,18.612554,0.823180,0.789172,-2.014624,0.659565,2.281806,0.042085,-0.200088,0.284383,-1.107697,1.159086,5.380277,0.471185,18.000000,0,205.464490
10.250000,18.607209,0.255922,0.267665,-0.006327,0.001217,0.008702,1.196694,-1.190747,-1.100335,9.032231,-0.633999,18.610893,0.824144,0.787910,-2.014891,0.659568,2.283083,0.041441,-0.199444,0.284427,-1.106771,1.155268,5.375407,0.471185,18.000000,0,205.278501
10.260000,18.605548,0.255490,0.267955,-0.006317,0.001219,0.008674,1.193044,-1.190048,-1.095357,9.025782,-0.634968,18.609231,0.825109,0.786650,-2.015157,0.659571,2.284361,0.040798,-0.198801,0.284471,-1.105843,1.151458,5.370537,0.471185,18.000000,0,205.092528
10.270000,18.603886,0.255058,0.268244,-0.006306,0.001221,0.008646,1.189401,-1.189349,-1.090395,9.019332,-0.635925,18.607567,0.826075,0.785391,-2.015424,0.659575,2.285640,0.040156,-0.198159,0.284516,-1.104915,1.147653,5.365667,0.471185,18.000000,0,204.906573
10.280000,18.602222,0.254627,0.268535,-0.006296,0.001223,0.008618,1.185764,-1.188648,-1.085449,9.012881,-0.636871,18.605902,0.827043,0.784133,-2.015691,0.659578,2.286921,0.039515,-0.197518,0.284561,-1.103986,1.143856,5.360798,0.471185,18.000000,0,204.720633
10.290000,18.600556,0.254196,0.268825,-0.006285,0.001225,0.008590,1.182133,-1.187946,-1.080519,9.006430,-0.637806,18.604235,0.828011,0.782876,-2.015957,0.659581,2.288203,0.038876,-0.196878,0.284607,-1.103056,1.140066,5.355930,0.471185,18.000000,0,204.534711
10.300000,18.598889,0.253766,0.269116,-0.006275,0.001226,0.008562,1.178508,-1.187244,-1.075605,8.999978,-0.638729,18.602567,0.828980,0.781621,-2.016224,0.659585,2.289486,0.038237,-0.196238,0.284653,-1.102125,1.136282,5.351062,0.471185,18.000000,0,204.348805
10.310000,18.597220,0.253336,0.269407,-0.006264,0.001228,0.008535,1.174889,-1.186540,-1.070706,8.993526,-0.639641,18.600897,0.829951,0.780368,-2.016491,0.659588,2.290771,0.037600,-0.195599,0.284700,-1.101193,1.132505,5.346194,0.471185,18.000000,0,204.162916
10.320000,18.595550,0.252907,0.269698,-0.006253,0.001230,0.008507,1.171276,-1.185835,-1.065824,8.987073,-0.640541,18.599225,0.830922,0.779115,-2.016758,0.659592,2.292057,0.036964,-0.194961,0.284748,-1.100261,1.128735,5.341327,0.471185,18.000000,0,203.977043
10.330000,18.593878,0.252478,0.269989,-0.006243,0.001232,0.008479,1.167670,-1.185129,-1.060958,8.980619,-0.641430,18.597552,0.831895,0.777865,-2.017024,0.659595,2.293344,0.036329,-0.194323,0.284795,-1.099328,1.124972,5.336460,0.471185,18.000000,0,203.791187
10.340000,18.592205,0.252050,0.270281,-0.006232,0.001234,0.008451,1.164070,-1.184423,-1.056108,8.974165,-0.642308,18.595877,0.832869,0.776615,-2.017291,0.659599,2.294633,0.035695,-0.193686,0.284844,-1.098393,1.121216,5.331594,0.471185,18.000000,0,203.605348
10.350000,18.590529,0.251622,0.270573,-0.006221,0.001235,0.008423,1.160475,-1.183715,-1.051273,8.967710,-0.643175,18.594201,0.833843,0.775367,-2.017558,0.659602,2.295922,0.035062,-0.193051,0.284893,-1.097459,1.117467,5.326728,0.471185,18.000000,0,203.419525
10.360000,18.588853,0.251195,0.270865,-0.006211,0.001237,0.008396,1.156888,-1.183006,-1.046455,8.961255,-0.644031,18.592523,0.834819,0.774120,-2.017825,0.659606,2.297213,0.034430,-0.192415,0.284942,-1.096523,1.113724,5.321862,0.471185,18.000000,0,203.233719
10.370000,18.587175,0.250768,0.271158,-0.006200,0.001239,0.008368,1.153306,-1.182296,-1.041652,8.954799,-0.644875,18.590844,0.835796,0.772875,-2.018092,0.659610,2.298506,0.033800,-0.191781,0.284992,-1.095586,1.109989,5.316997,0.471185,18.000000,0,203.047930
10.380000,18.585495,0.250342,0.271450,-0.006189,0.001241,0.008340,1.149730,-1.181585,-1.036866,8.948342,-0.645709,18.589163,0.836774,0.771631,-2.018359,0.659613,2.299799,0.033170,-0.191147,0.285042,-1.094649,1.106260,5.312133,0.471185,18.000000,0,202.862158
10.390000,18.583814,0.249916,0.271743,-0.006178,0.001242,0.008313,1.146161,-1.180873,-1.032095,8.941885,-0.646531,18.587480,0.837753,0.770389,-2.018626,0.659617,2.301094,0.032542,-0.190515,0.285093,-1.093711,1.102538,5.307268,0.471185,18.000000,0,202.676402
10.400000,18.582131,0.249491,0.272037,-0.006168,0.001244,0.008285,1.142598,-1.180160,-1.027340,8.935427,-0.647343,18.585797,0.838733,0.769148,-2.018893,0.659621,2.302390,0.031914,-0.189883,0.285144,-1.092772,1.098824,5.302405,0.471185,18.000000,0,202.490664
10.410000,18.580446,0.249067,0.272330,-0.006157,0.001246,0.008258,1.139042,-1.179447,-1.022600,8.928969,-0.648144,18.584111,0.839714,0.767908,-2.019160,0.659624,2.303687,0.031288,-0.189251,0.285196,-1.091832,1.095116,5.297541,0.471185,18.000000,0,202.304942
10.420000,18.578760,0.248643,0.272624,-0.006146,0.001248,0.008230,1.135491,-1.178732,-1.017877,8.922510,-0.648934,18.582424,0.840696,0.766670,-2.019427,0.659628,2.304986,0.030663,-0.188621,0.285248,-1.090892,1.091415,5.292678,0.471185,18.000000,0,202.119237
10.430000,18.577073,0.248219,0.272918,-0.006135,0.001250,0.008203,1.131947,-1.178016,-1.013169,8.916050,-0.649713,18.580735,0.841679,0.765434,-2.019695,0.659632,2.306286,0.030040,-0.187991,0.285300,-1.089950,1.087721,5.287816,0.471185,18.000000,0,201.933548
10.440000,18.575384,0.247796,0.273212,-0.006124,0.001251,0.008175,1.128410,-1.177299,-1.008477,8.909590,-0.650481,18.579045,0.842663,0.764199,-2.019962,0.659636,2.307587,0.029417,-0.187363,0.285354,-1.089008,1.084034,5.282954,0.471185,18.000000,0,201.747877
10.450000,18.573693,0.247373,0.273507,-0.006113,0.001253,0.008148,1.124878,-1.176581,-1.003800,8.903129,-0.651239,18.577354,0.843648,0.762965,-2.020229,0.659640,2.308889,0.028796,-0.186735,0.285407,-1.088065,1.080355,5.278093,0.471185,18.000000,0,201.562222
10.460000,18.572001,0.246951,0.273802,-0.006102,0.001255,0.008120,1.121353,-1.175862,-0.999140,8.896667,-0.651986,18.575661,0.844634,0.761733,-2.020496,0.659644,2.310193,0.028175,-0.186108,0.285462,-1.087122,1.076682,5.273231,0.471185,18.000000,0,201.376585
10.470000,18.570307,0.246530,0.274097,-0.006091,0.001257,0.008093,1.117835,-1.175142,-0.994495,8.890205,-0.652722,18.573966,0.845622,0.760502,-2.020763,0.659648,2.311498,0.027556,-0.185481,0.285516,-1.086177,1.073016,5.268371,0.471185,18.000000,0,201.190964
10.480000,18.568612,0.246109,0.274392,-0.006080,0.001258,0.008066,1.114322,-1.174421,-0.989865,8.883743,-0.653448,18.572270,0.846610,0.759273,-2.021031,0.659652,2.312804,0.026938,-0.184856,0.285571,-1.085232,1.069357,5.263511,0.471185,18.000000,0,201.005360
10.490000,18.566915,0.245689,0.274688,-0.006069,0.001260,0.008039,1.110817,-1.173699,-0.985252,8.877280,-0.654163,18.570573,0.847599,0.758045,-2.021298,0.659656,2.314111,0.026321,-0.184231,0.285627,-1.084286,1.065706,5.258651,0.471185,18.000000,0,200.819773
10.500000,18.565217,0.245269,0.274984,-0.006058,0.001262,0.008011,1.107317,-1.172976,-0.980654,8.870816,-0.654868,18.568873,0.848590,0.756819,-2.021565,0.659660,2.315420,0.025705,-0.183608,0.285683,-1.083339,1.062061,5.253792,0.471185,18.000000,0,200.634203
10.510000,18.563517,0.244850,0.275280,-0.006047,0.001264,0.007984,1.103824,-1.172252,-0.976071,8.864351,-0.655562,18.567173,0.849581,0.755595,-2.021833,0.659664,2.316730,0.025091,-0.182985,0.285740,-1.082391,1.058424,5.248933,0.471185,18.000000,0,200.448651
10.520000,18.561816,0.244431,0.275576,-0.006036,0.001265,0.007957,1.100337,-1.171527,-0.971504,8.857886,-0.656246,18.565471,0.850573,0.754372,-2.022100,0.659668,2.318041,0.024477,-0.182363,0.285797,-1.081443,1.054793,5.244074,0.471185,18.000000,0,200.263115
10.530000,18.560113,0.244013,0.275873,-0.006025,0.001267,0.007930,1.096857,-1.170801,-0.966953,8.851421,-0.656920,18.563767,0.851567,0.753150,-2.022368,0.659672,2.319353,0.023865,-0.181741,0.285854,-1.080493,1.051170,5.239216,0.471185,18.000000,0,200.077596
10.540000,18.558409,0.243595,0.276170,-0.006014,0.001269,0.007903,1.093384,-1.170074,-0.962417,8.844954,-0.657583,18.562062,0.852561,0.751930,-2.022635,0.659676,2.320667,0.023254,-0.181121,0.285913,-1.079543,1.047554,5.234359,0.471185,18.000000,0,199.892094
10.550000,18.556703,0.243178,0.276467,-0.006003,0.001271,0.007876,1.089916,-1.169346,-0.957896,8.838488,-0.658236,18.560356,0.853557,0.750712,-2.022903,0.659680,2.321982,0.022644,-0.180501,0.285971,-1.078593,1.043945,5.229502,0.471185,18.000000,0,199.706609
10.560000,18.554996,0.242762,0.276764,-0.005992,0.001272,0.007849,1.086455,-1.168617,-0.953391,8.832020,-0.658879,18.558648,0.854553,0.749495,-2.023170,0.659684,2.323298,0.022036,-0.179883,0.286030,-1.077641,1.040343,5.224645,0.471185,18.000000,0,199.521141
10.570000,18.553287,0.242346,0.277062,-0.005980,0.001274,0.007822,1.083001,-1.167887,-0.948902,8.825552,-0.659511,18.556938,0.855551,0.748280,-2.023438,0.659688,2.324615,0.021428,-0.179265,0.286090,-1.076689,1.036748,5.219789,0.471185,18.000000,0,199.335690
10.580000,18.551577,0.241930,0.277359,-0.005969,0.001276,0.007795,1.079553,-1.167156,-0.944428,8.819084,-0.660133,18.555228,0.856549,0.747066,-2.023705,0.659693,2.325933,0.020822,-0.178648,0.286150,-1.075736,1.033160,5.214933,0.471185,18.000000,0,199.150257
10.590000,18.549865,0.241515,0.277657,-0.005958,0.001277,0.007768,1.076112,-1.166424,-0.939969,8.812614,-0.660746,18.553515,0.857549,0.745854,-2.023973,0.659697,2.327253,0.020217,-0.178032,0.286210,-1.074782,1.029580,5.210078,0.471185,18.000000,0,198.964840
10.600000,18.548152,0.241101,0.277956,-0.005947,0.001279,0.007741,1.072677,-1.165691,-0.935526,8.806145,-0.661348,18.551801,0.858549,0.744643,-2.024240,0.659701,2.328574,0.019613,-0.177417,0.286271,-1.073827,1.026006,5.205223,0.471185,18.000000,0,198.779441
10.610000,18.546437,0.240688,0.278254,-0.005936,0.001281,0.007714,1.069249,-1.164957,-0.931098,8.799674,-0.661940,18.550086,0.859551,0.743434,-2.024508,0.659705,2.329896,0.019010,-0.176803,0.286333,-1.072872,1.022440,5.200368,0.471185,18.000000,0,198.594058
10.620000,18.544721,0.240274,0.278553,-0.005924,0.001283,0.007688,1.065827,-1.164222,-0.926685,8.793203,-0.662522,18.548369,0.860553,0.742227,-2.024776,0.659710,2.331219,0.018408,-0.176189,0.286395,-1.071915,1.018881,5.195514,0.471185,18.000000,0,198.408693
10.630000,18.543003,0.239862,0.278852,-0.005913,0.001284,0.007661,1.062412,-1.163486,-0.922288,8.786732,-0.663095,18.546651,0.861557,0.741021,-2.025043,0.659714,2.332544,0.017808,-0.175577,0.286457,-1.070958,1.015329,5.190661,0.471185,18.000000,0,198.223345
10.640000,18.541284,0.239450,0.279152,-0.005902,0.001286,0.007634,1.059003,-1.162749,-0.917906,8.780260,-0.663657,18.544932,0.862561,0.739817,-2.025311,0.659718,2.333870,0.017208,-0.174965,0.286520,-1.070001,1.011785,5.185808,0.471185,18.000000,0,198.038014
10.650000,18.539564,0.239038,0.279451,-0.005890,0.001288,0.007608,1.055601,-1.162012,-0.913540,8.773787,-0.664210,18.543211,0.863567,0.738614,-2.025579,0.659723,2.335196,0.016610,-0.174355,0.286584,-1.069042,1.008247,5.180955,0.471185,18.000000,0,197.852700
10.660000,18.537842,0.238628,0.279751,-0.005879,0.001289,0.007581,1.052206,-1.161273,-0.909188,8.767314,-0.664752,18.541488,0.864574,0.737413,-2.025846,0.659727,2.336525,0.016013,-0.173745,0.286648,-1.068083,1.004717,5.176103,0.471185,18.000000,0,197.667404
10.670000,18.536118,0.238217,0.280051,-0.005868,0.001291,0.007554,1.048817,-1.160533,-0.904852,8.760840,-0.665285,18.539764,0.865581,0.736214,-2.026114,0.659732,2.337854,0.015418,-0.173136,0.286712,-1.067123,1.001194,5.171251,0.471185,18.000000,0,197.482125
10.680000,18.534393,0.237808,0.280351,-0.005856,0.001293,0.007528,1.045435,-1.159792,-0.900531,8.754365,-0.665809,18.538039,0.866590,0.735016,-2.026382,0.659736,2.339184,0.014823,-0.172528,0.286777,-1.066162,0.997678,5.166400,0.471185,18.000000,0,197.296863
10.690000,18.532667,0.237399,0.280652,-0.005845,0.001295,0.007501,1.042059,-1.159050,-0.896225,8.747890,-0.666322,18.536312,0.867599,0.733820,-2.026650,0.659741,2.340516,0.014230,-0.171921,0.286842,-1.065201,0.994170,5.161549,0.471185,18.000000,0,197.111618
10.700000,18.530939,0.236990,0.280952,-0.005833,0.001296,0.007475,1.038690,-1.158307,-0.891935,8.741415,-0.666826,18.534584,0.868610,0.732625,-2.026917,0.659745,2.341849,0.013638,-0.171315,0.286908,-1.064238,0.990668,5.156699,0.471185,18.000000,0,196.926390
10.710000,18.529210,0.236582,0.281253,-0.005822,0.001298,0.007449,1.035327,-1.157564,-0.887659,8.734938,-0.667321,18.532854,0.869621,0.731433,-2.027185,0.659750,2.343183,0.013047,-0.170710,0.286975,-1.063275,0.987174,5.151849,0.471185,18.000000,0,196.741180
10.720000,18.527479,0.236175,0.281555,-0.005811,0.001300,0.007422,1.031972,-1.156819,-0.883399,8.728462,-0.667806,18.531123,0.870634,0.730242,-2.027453,0.659754,2.344518,0.012457,-0.170106,0.287042,-1.062312,0.983688,5.147000,0.471185,18.000000,0,196.555987
10.730000,18.525747,0.235768,0.281856,-0.005799,0.001301,0.007396,1.028622,-1.156073,-0.879154,8.721984,-0.668281,18.529391,0.871647,0.729052,-2.027721,0.659759,2.345854,0.011869,-0.169503,0.287109,-1.061347,0.980208,5.142151,0.471185,18.000000,0,196.370811
10.740000,18.524013,0.235362,0.282158,-0.005788,0.001303,0.007370,1.025280,-1.155327,-0.874924,8.715506,-0.668747,18.527657,0.872662,0.727864,-2.027989,0.659763,2.347192,0.011281,-0.168900,0.287177,-1.060382,0.976736,5.137302,0.471185,18.000000,0,196.185653
10.750000,18.522278,0.234957,0.282460,-0.005776,0.001305,0.007343,1.021944,-1.154579,-0.870708,8.709028,-0.669203,18.525922,0.873677,0.726678,-2.028256,0.659768,2.348531,0.010695,-0.168299,0.287245,-1.059416,0.973271,5.132454,0.471185,18.000000,0,196.000512
10.760000,18.520542,0.234552,0.282762,-0.005765,0.001307,0.007317,1.018615,-1.153830,-0.866508,8.702549,-0.669650,18.524185,0.874694,0.725494,-2.028524,0.659773,2.349871,0.010110,-0.167698,0.287314,-1.058449,0.969813,5.127606,0.471185,18.000000,0,195.815389
10.770000,18.518804,0.234147,0.283064,-0.005753,0.001308,0.007291,1.015292,-1.153081,-0.862323,8.696069,-0.670088,18.522447,0.875711,0.724311,-2.028792,0.659777,2.351212,0.009527,-0.167099,0.287383,-1.057482,0.966363,5.122759,0.471185,18.000000,0,195.630282
10.780000,18.517065,0.233744,0.283367,-0.005742,0.001310,0.007265,1.011977,-1.152330,-0.858153,8.689589,-0.670516,18.520708,0.876730,0.723130,-2.029060,0.659782,2.352554,0.008944,-0.166500,0.287453,-1.056513,0.962920,5.117913,0.471185,18.000000,0,195.445193
10.790000,18.515324,0.233340,0.283670,-0.005730,0.001312,0.007239,1.008668,-1.151579,-0.853998,8.683108,-0.670936,18.518967,0.877749,0.721950,-2.029328,0.659787,2.353897,0.008363,-0.165902,0.287523,-1.055544,0.959484,5.113066,0.471185,18.000000,0,195.260122
10.800000,18.513582,0.232938,0.283973,-0.005718,0.001313,0.007213,1.005365,-1.150826,-0.849858,8.676626,-0.671346,18.517225,0.878770,0.720773,-2.029596,0.659792,2.355242,0.007783,-0.165306,0.287594,-1.054575,0.956056,5.108220,0.471185,18.000000,0,195.075068
10.810000,18.511838,0.232536,0.284276,-0.005707,0.001315,0.007187,1.002069,-1.150073,-0.845732,8.670144,-0.671746,18.515481,0.879791,0.719597,-2.029864,0.659796,2.356587,0.007204,-0.164710,0.287665,-1.053604,0.952635,5.103375,0.471185,18.000000,0,194.890031
10.820000,18.510093,0.232135,0.284580,-0.005695,0.001317,0.007161,0.998780,-1.149318,-0.841622,8.663662,-0.672138,18.513736,0.880813,0.718422,-2.030132,0.659801,2.357934,0.006626,-0.164115,0.287737,-1.052633,0.949221,5.098530,0.471185,18.000000,0,194.705012
10.830000,18.508347,0.231734,0.284884,-0.005684,0.001318,0.007135,0.995498,-1.148563,-0.837526,8.657179,-0.672521,18.511990,0.881837,0.717250,-2.030399,0.659806,2.359282,0.006050,-0.163521,0.287809,-1.051661,0.945814,5.093686,0.471185,18.000000,0,194.520010
10.840000,18.506599,0.231334,0.285188,-0.005672,0.001320,0.007109,0.992223,-1.147807,-0.833446,8.650695,-0.672894,18.510242,0.882861,0.716079,-2.030667,0.659811,2.360631,0.005475,-0.162929,0.287882,-1.050689,0.942415,5.088842,0.471185,18.000000,0,194.335026
10.850000,18.504850,0.230934,0.285492,-0.005660,0.001322,0.007083,0.988954,-1.147049,-0.829380,8.644211,-0.673259,18.508493,0.883886,0.714910,-2.030935,0.659816,2.361982,0.004901,-0.162337,0.287955,-1.049715,0.939024,5.083998,0.471185,18.000000,0,194.150059
10.860000,18.503100,0.230535,0.285796,-0.005649,0.001323,0.007057,0.985692,-1.146291,-0.825328,8.637726,-0.673614,18.506743,0.884912,0.713742,-2.031203,0.659820,2.363333,0.004328,-0.161746,0.288029,-1.048741,0.935639,5.079155,0.471185,18.000000,0,193.965110
10.870000,18.501348,0.230137,0.286101,-0.005637,0.001325,0.007032,0.982437,-1.145532,-0.821292,8.631240,-0.673961,18.504991,0.885939,0.712576,-2.031471,0.659825,2.364686,0.003756,-0.161156,0.288103,-1.047766,0.932262,5.074313,0.471185,18.000000,0,193.780178
10.880000,18.499595,0.229739,0.286406,-0.005625,0.001327,0.007006,0.979188,-1.144772,-0.817270,8.624754,-0.674299,18.503238,0.886968,0.711412,-2.031739,0.659830,2.366039,0.003186,-0.160567,0.288178,-1.046791,0.928892,5.069470,0.471185,18.000000,0,193.595264
10.890000,18.497840,0.229342,0.286711,-0.005614,0.001328,0.006980,0.975946,-1.144010,-0.813263,8.618268,-0.674628,18.501483,0.887997,0.710250,-2.032007,0.659835,2.367394,0.002617,-0.159979,0.288253,-1.045815,0.925530,5.064629,0.471185,18.000000,0,193.410367
10.900000,18.496084,0.228946,0.287016,-0.005602,0.001330,0.006955,0.972711,-1.143248,-0.809271,8.611781,-0.674948,18.499728,0.889027,0.709090,-2.032275,0.659840,2.368750,0.002049,-0.159392,0.288329,-1.044838,0.922175,5.059787,0.471185,18.000000,0,193.225488
10.910000,18.494327,0.228550,0.287322,-0.005590,0.001332,0.006929,0.969483,-1.142485,-0.805294,8.605293,-0.675259,18.497970,0.890058,0.707931,-2.032543,0.659845,2.370107,0.001483,-0.158806,0.288405,-1.043860,0.918827,5.054947,0.471185,18.000000,0,193.040626
10.920000,18.492568,0.228155,0.287628,-0.005579,0.001333,0.006904,0.966262,-1.141721,-0.801331,8.598805,-0.675562,18.496212,0.891090,0.706774,-2.032811,0.659850,2.371465,0.000917,-0.158221,0.288481,-1.042882,0.915487,5.050106,0.471185,18.000000,0,192.855782
10.930000,18.490808,0.227760,0.287934,-0.005567,0.001335,0.006878,0.963047,-1.140957,-0.797382,8.592316,-0.675856,18.494452,0.892123,0.705619,-2.033079,0.659855,2.372824,0.000353,-0.157637,0.288559,-1.041903,0.912154,5.045267,0.471185,18.000000,0,192.670956
10.940000,18.489047,0.227366,0.288240,-0.005555,0.001337,0.006853,0.959839,-1.140191,-0.793448,8.585827,-0.676141,18.492691,0.893156,0.704465,-2.033347,0.659860,2.374185,-0.000210,-0.157054,0.288636,-1.040923,0.908829,5.040427,0.471185,18.000000,0,192.486147
10.950000,18.487284,0.226973,0.288547,-0.005543,0.001338,0.006827,0.956638,-1.139424,-0.789529,8.579337,-0.676418,18.490929,0.894191,0.703314,-2.033615,0.659865,2.375546,-0.000772,-0.156472,0.288714,-1.039942,0.905511,5.035588,0.471185,18.000000,0,192.301356
10.960000,18.485520,0.226580,0.288853,-0.005532,0.001340,0.006802,0.953444,-1.138656,-0.785625,8.572846,-0.676686,18.489165,0.895227,0.702164,-2.033883,0.659870,2.376909,-0.001332,-0.155891,0.288793,-1.038961,0.902200,5.030750,0.471185,18.000000,0,192.116582
10.970000,18.483754,0.226188,0.289160,-0.005520,0.001341,0.006777,0.950257,-1.137887,-0.781734,8.566355,-0.676945,18.487400,0.896264,0.701015,-2.034151,0.659875,2.378273,-0.001892,-0.155311,0.288872,-1.037979,0.898897,5.025912,0.471185,18.000000,0,191.931826
10.980000,18.481987,0.225797,0.289468,-0.005508,0.001343,0.006751,0.947076,-1.137118,-0.777859,8.559863,-0.677196,18.485633,0.897301,0.699869,-2.034419,0.659880,2.379638,-0.002450,-0.154732,0.288951,-1.036996,0.895601,5.021074,0.471185,18.000000,0,191.747088
10.990000,18.480219,0.225406,0.289775,-0.005496,0.001345,0.006726,0.943902,-1.136347,-0.773998,8.553371,-0.677439,18.483866,0.898340,0.698724,-2.034687,0.659885,2.381004,-0.003006,-0.154154,0.289031,-1.036013,0.892313,5.016237,0.471185,18.000000,0,191.562367
11.000000,18.478450,0.225016,0.290082,-0.005485,0.001346,0.006701,0.940735,-1.135576,-0.770151,8.546879,-0.677673,18.482096,0.899379,0.697582,-2.034955,0.659890,2.382371,-0.003562,-0.153577,0.289112,-1.035029,0.889032,5.011401,0.471185,18.000000,0,191.377664
11.010000,18.476679,0.224626,0.290390,-0.005473,0.001348,0.006676,0.937575,-1.134803,-0.766319,8.540385,-0.677899,18.480326,0.900420,0.696441,-2.035223,0.659895,2.383739,-0.004116,-0.153001,0.289193,-1.034044,0.885758,5.006564,0.471185,18.000000,0,191.192979
11.020000,18.474907,0.224237,0.290698,-0.005461,0.001350,0.006651,0.934422,-1.134030,-0.762501,8.533891,-0.678117,18.478554,0.901461,0.695301,-2.035491,0.659901,2.385108,-0.004670,-0.152426,0.289274,-1.033059,0.882492,5.001729,0.471185,18.000000,0,191.008312
11.030000,18.473134,0.223849,0.291007,-0.005449,0.001351,0.006626,0.931276,-1.133256,-0.758697,8.527397,-0.678326,18.476782,0.902504,0.694164,-2.035759,0.659906,2.386478,-0.005221,-0.151852,0.289356,-1.032073,0.879233,4.996893,0.471185,18.000000,0,190.823662
11.040000,18.471359,0.223461,0.291315,-0.005437,0.001353,0.006601,0.928136,-1.132480,-0.754908,8.520902,-0.678527,18.475007,0.903547,0.693028,-2.036027,0.659911,2.387850,-0.005772,-0.151279,0.289438,-1.031086,0.875982,4.992059,0.471185,18.000000,0,190.639030
11.050000,18.469583,0.223074,0.291624,-0.005425,0.001355,0.006576,0.925003,-1.131704,-0.751133,8.514406,-0.678720,18.473232,0.904591,0.691895,-2.036295,0.659916,2.389222,-0.006321,-0.150707,0.289521,-1.030099,0.872738,4.987224,0.471185,18.000000,0,190.454415
11.060000,18.467805,0.222688,0.291933,-0.005414,0.001356,0.006551,0.921878,-1.130927,-0.747372,8.507910,-0.678904,18.471455,0.905636,0.690763,-2.036563,0.659921,2.390596,-0.006870,-0.150136,0.289605,-1.029110,0.869501,4.982391,0.471185,18.000000,0,190.269819
11.070000,18.466027,0.222302,0.292242,-0.005402,0.001358,0.006526,0.918759,-1.130149,-0.743626,8.501414,-0.679081,18.469677,0.906682,0.689632,-2.036831,0.659927,2.391970,-0.007417,-0.149566,0.289689,-1.028122,0.866272,4.977557,0.471185,18.000000,0,190.085240
11.080000,18.464247,0.221917,0.292551,-0.005390,0.001359,0.006501,0.915647,-1.129370,-0.739893,8.494917,-0.679249,18.467898,0.907729,0.688504,-2.037099,0.659932,2.393346,-0.007962,-0.148998,0.289773,-1.027132,0.863050,4.972724,0.471185,18.000000,0,189.900679
11.090000,18.462465,0.221533,0.292860,-0.005378,0.001361,0.006476,0.912541,-1.128590,-0.736176,8.488419,-0.679410,18.466117,0.908777,0.687378,-2.037367,0.659937,2.394723,-0.008507,-0.148430,0.289858,-1.026142,0.859836,4.967892,0.471185,18.000000,0,189.716136
11.100000,18.460683,0.221149,0.293170,-0.005366,0.001363,0.006452,0.909443,-1.127809,-0.732472,8.481921,-0.679562,18.464335,0.909826,0.686253,-2.037635,0.659942,2.396101,-0.009050,-0.147863,0.289943,-1.025151,0.856629,4.963060,0.471185,18.000000,0,189.531611
11.110000,18.458899,0.220766,0.293480,-0.005354,0.001364,0.006427,0.906352,-1.127028,-0.728782,8.475422,-0.679706,18.462552,0.910875,0.685130,-2.037903,0.659948,2.397479,-0.009592,-0.147297,0.290029,-1.024159,0.853430,4.958228,0.471185,18.000000,0,189.347104
11.120000,18.457114,0.220383,0.293790,-0.005342,0.001366,0.006402,0.903267,-1.126245,-0.725107,8.468922,-0.679843,18.460768,0.911926,0.684009,-2.038171,0.659953,2.398859,-0.010133,-0.146733,0.290115,-1.023167,0.850238,4.953397,0.471185,18.000000,0,189.162614
11.130000,18.455328,0.220001,0.294101,-0.005331,0.001367,0.006378,0.900189,-1.125462,-0.721445,8.462422,-0.679971,18.458982,0.912978,0.682890,-2.038439,0.659958,2.400240,-0.010672,-0.146169,0.290202,-1.022174,0.847054,4.948567,0.471185,18.000000,0,188.978142
11.140000,18.453540,0.219620,0.294411,-0.005319,0.001369,0.006353,0.897119,-1.124677,-0.717798,8.455922,-0.680092,18.457195,0.914030,0.681773,-2.038707,0.659963,2.401623,-0.011210,-0.145607,0.290289,-1.021181,0.843877,4.943737,0.471185,18.000000,0,188.793688
11.150000,18.451751,0.219240,0.294722,-0.005307,0.001371,0.006329,0.894055,-1.123892,-0.714165,8.449421,-0.680205,18.455407,0.915083,0.680657,-2.038975,0.659969,2.403006,-0.011747,-0.145045,0.290377,-1.020186,0.840707,4.938907,0.471185,18.000000,0,188.609252
11.160000,18.449961,0.218860,0.295033,-0.005295,0.001372,0.006304,0.890998,-1.123105,-0.710545,8.442919,-0.680310,18.453617,0.916138,0.679543,-2.039243,0.659974,2.404390,-0.012283,-0.144485,0.290465,-1.019191,0.837545,4.934078,0.471185,18.000000,0,188.424834
11.170000,18.448169,0.218480,0.295344,-0.005283,0.001374,0.006280,0.887948,-1.122318,-0.706940,8.436417,-0.680407,18.451827,0.917193,0.678432,-2.039511,0.659980,2.405775,-0.012818,-0.143925,0.290554,-1.018196,0.834390,4.929249,0.471185,18.000000,0,188.240434
11.180000,18.446376,0.218102,0.295656,-0.005271,0.001375,0.006256,0.884904,-1.121530,-0.703349,8.429915,-0.680497,18.450035,0.918249,0.677322,-2.039779,0.659985,2.407161,-0.013351,-0.143367,0.290643,-1.017199,0.831243,4.924421,0.471185,18.000000,0,188.056052
11.190000,18.444582,0.217724,0.295967,-0.005259,0.001377,0.006231,0.881868,-1.120741,-0.699772,8.423411,-0.680579,18.448242,0.919306,0.676214,-2.040047,0.659990,2.408549,-0.013883,-0.142810,0.290733,-1.016202,0.828104,4.919593,0.471185,18.000000,0,187.871688
11.200000,18.442787,0.217347,0.296279,-0.005247,0.001379,0.006207,0.878839,-1.119951,-0.696208,8.416908,-0.680653,18.446447,0.920364,0.675107,-2.040315,0.659996,2.409937,-0.014414,-0.142253,0.290823,-1.015205,0.824971,4.914766,0.471185,18.000000,0,187.687341
11.210000,18.440991,0.216970,0.296591,-0.005235,0.001380,0.006183,0.875816,-1.119160,-0.692659,8.410403,-0.680720,18.444652,0.921423,0.674003,-2.040583,0.660001,2.411326,-0.014943,-0.141698,0.290914,-1.014207,0.821846,4.909939,0.471185,18.000000,0,187.503013
11.220000,18.439193,0.216594,0.296903,-0.005223,0.001382,0.006159,0.872801,-1.118368,-0.689123,8.403899,-0.680779,18.442855,0.922482,0.672901,-2.040851,0.660006,2.412717,-0.015471,-0.141144,0.291005,-1.013208,0.818729,4.905113,0.471185,18.000000,0,187.318703
11.230000,18.437394,0.216219,0.297216,-0.005211,0.001383,0.006134,0.869792,-1.117576,-0.685601,8.397393,-0.680830,18.441057,0.923543,0.671800,-2.041119,0.660012,2.414108,-0.015998,-0.140591,0.291096,-1.012208,0.815619,4.900287,0.471185,18.000000,0,187.134410
11.240000,18.435594,0.215844,0.297528,-0.005199,0.001385,0.006110,0.866791,-1.116782,-0.682093,8.390887,-0.680874,18.439258,0.924604,0.670701,-2.041386,0.660017,2.415501,-0.016524,-0.140039,0.291188,-1.011208,0.812517,4.895462,0.471185,18.000000,0,186.950136
11.250000,18.433792,0.215470,0.297841,-0.005187,0.001386,0.006086,0.863796,-1.115988,-0.678599,8.384381,-0.680911,18.437457,0.925667,0.669604,-2.041654,0.660023,2.416894,-0.017049,-0.139488,0.291281,-1.010207,0.809422,4.890637,0.471185,18.000000,0,186.765879
11.260000,18.431989,0.215097,0.298154,-0.005175,0.001388,0.006062,0.860808,-1.115192,-0.675118,8.377874,-0.680940,18.435656,0.926730,0.668509,-2.041922,0.660028,2.418289,-0.017572,-0.138938,0.291374,-1.009205,0.806334,4.885812,0.471185,18.000000,0,186.581641
11.270000,18.430185,0.214724,0.298467,-0.005163,0.001390,0.006038,0.857827,-1.114396,-0.671652,8.371366,-0.680962,18.433853,0.927794,0.667416,-2.042190,0.660034,2.419684,-0.018094,-0.138389,0.291467,-1.008203,0.803254,4.880988,0.471185,18.000000,0,186.397421
11.280000,18.428380,0.214352,0.298781,-0.005152,0.001391,0.006014,0.854853,-1.113599,-0.668199,8.364858,-0.680977,18.432049,0.928859,0.666325,-2.042458,0.660039,2.421081,-0.018615,-0.137842,0.291561,-1.007200,0.800182,4.876165,0.471185,18.000000,0,186.213219
11.290000,18.426574,0.213981,0.299094,-0.005140,0.001393,0.005991,0.851886,-1.112801,-0.664759,8.358350,-0.680984,18.430243,0.929925,0.665236,-2.042726,0.660045,2.422478,-0.019134,-0.137295,0.291656,-1.006197,0.797117,4.871342,0.471185,18.000000,0,186.029034
11.300000,18.424766,0.213610,0.299408,-0.005128,0.001394,0.005967,0.848926,-1.112002,-0.661334,8.351841,-0.680984,18.428437,0.930992,0.664148,-2.042994,0.660050,2.423877,-0.019653,-0.136749,0.291751,-1.005193,0.794059,4.866519,0.471185,18.000000,0,185.844868
11.310000,18.422958,0.213240,0.299722,-0.005116,0.001396,0.005943,0.845973,-1.111202,-0.657922,8.345331,-0.680977,18.426629,0.932059,0.663063,-2.043261,0.660056,2.425276,-0.020170,-0.136205,0.291846,-1.004188,0.791009,4.861697,0.471185,18.000000,0,185.660720
11.320000,18.421148,0.212870,0.300036,-0.005104,0.001397,0.005919,0.843026,-1.110401,-0.654523,8.338821,-0.680962,18.424821,0.933128,0.661979,-2.043529,0.660061,2.426677,-0.020685,-0.135661,0.291942,-1.003183,0.787966,4.856875,0.471185,18.000000,0,185.476590
11.330000,18.419336,0.212502,0.300351,-0.005092,0.001399,0.005896,0.840087,-1.109600,-0.651138,8.332310,-0.680941,18.423011,0.934197,0.660898,-2.043797,0.660067,2.428079,-0.021200,-0.135119,0.292039,-1.002177,0.784931,4.852054,0.471185,18.000000,0,185.292478
11.340000,18.417524,0.212134,0.300665,-0.005080,0.001400,0.005872,0.837155,-1.108797,-0.647767,8.325799,-0.680912,18.421199,0.935268,0.659818,-2.044065,0.660072,2.429481,-0.021713,-0.134578,0.292136,-1.001170,0.781903,4.847234,0.471185,18.000000,0,185.108385
11.350000,18.415710,0.211766,0.300980,-0.005068,0.001402,0.005849,0.834229,-1.107994,-0.644409,8.319287,-0.680876,18.419387,0.936339,0.658740,-2.044333,0.660078,2.430885,-0.022225,-0.134038,0.292233,-1.000163,0.778882,4.842413,0.471185,18.000000,0,184.924309
11.360000,18.413896,0.211400,0.301295,-0.005056,0.001404,0.005825,0.831311,-1.107189,-0.641065,8.312775,-0.680834,18.417574,0.937411,0.657664,-2.044600,0.660083,2.432289,-0.022736,-0.133499,0.292331,-0.999155,0.775870,4.837594,0.471185,18.000000,0,184.740252
11.370000,18.412080,0.211034,0.301610,-0.005044,0.001405,0.005802,0.828399,-1.106384,-0.637734,8.306262,-0.680784,18.415759,0.938484,0.656590,-2.044868,0.660089,2.433695,-0.023246,-0.132961,0.292429,-0.998146,0.772864,4.832775,0.471185,18.000000,0,184.556213
11.380000,18.410262,0.210668,0.301925,-0.005032,0.001407,0.005778,0.825495,-1.105578,-0.634417,8.299749,-0.680727,18.413943,0.939558,0.655518,-2.045136,0.660094,2.435101,-0.023754,-0.132424,0.292528,-0.997137,0.769866,4.827956,0.471185,18.000000,0,184.372191
11.390000,18.408444,0.210304,0.302241,-0.005020,0.001408,0.005755,0.822597,-1.104771,-0.631113,8.293235,-0.680663,18.412126,0.940632,0.654447,-2.045404,0.660100,2.436509,-0.024261,-0.131888,0.292627,-0.996127,0.766876,4.823137,0.471185,18.000000,0,184.188189
11.400000,18.406625,0.209940,0.302557,-0.005008,0.001410,0.005731,0.819706,-1.103964,-0.627822,8.286721,-0.680593,18.410308,0.941708,0.653379,-2.045671,0.660106,2.437917,-0.024767,-0.131353,0.292727,-0.995117,0.763893,4.818320,0.471185,18.000000,0,184.004204
11.410000,18.404804,0.209576,0.302873,-0.004996,0.001411,0.005708,0.816823,-1.103155,-0.624545,8.280206,-0.680515,18.408489,0.942784,0.652313,-2.045939,0.660111,2.439327,-0.025271,-0.130820,0.292827,-0.994106,0.760917,4.813502,0.471185,18.000000,0,183.820237
11.420000,18.402982,0.209214,0.303189,-0.004984,0.001413,0.005685,0.813946,-1.102345,-0.621281,8.273690,-0.680431,18.406668,0.943861,0.651248,-2.046207,0.660117,2.440737,-0.025774,-0.130287,0.292928,-0.993094,0.757949,4.808685,0.471185,18.000000,0,183.636289
11.430000,18.401159,0.208852,0.303505,-0.004972,0.001414,0.005662,0.811076,-1.101535,-0.618030,8.267174,-0.680340,18.404847,0.944940,0.650186,-2.046474,0.660122,2.442148,-0.026276,-0.129756,0.293029,-0.992082,0.754988,4.803869,0.471185,18.000000,0,183.452359
11.440000,18.399335,0.208490,0.303822,-0.004960,0.001416,0.005639,0.808213,-1.100723,-0.614793,8.260658,-0.680242,18.403024,0.946018,0.649125,-2.046742,0.660128,2.443561,-0.026777,-0.129225,0.293131,-0.991069,0.752035,4.799053,0.471185,18.000000,0,183.268447
11.450000,18.397510,0.208130,0.304138,-0.004948,0.001417,0.005615,0.805357,-1.099911,-0.611569,8.254141,-0.680137,18.401200,0.947098,0.648066,-2.047010,0.660134,2.444974,-0.027277,-0.128696,0.293233,-0.990055,0.749089,4.794238,0.471185,18.000000,0,183.084554
11.460000,18.395683,0.207770,0.304455,-0.004936,0.001419,0.005592,0.802508,-1.099098,-0.608358,8.247623,-0.680026,18.399375,0.948179,0.647010,-2.047277,0.660139,2.446388,-0.027775,-0.128168,0.293335,-0.989041,0.746151,4.789423,0.471185,18.000000,0,182.900678
11.470000,18.393855,0.207410,0.304772,-0.004924,0.001420,0.005569,0.799666,-1.098284,-0.605160,8.241105,-0.679908,18.397549,0.949260,0.645955,-2.047545,0.660145,2.447804,-0.028272,-0.127641,0.293438,-0.988026,0.743220,4.784608,0.471185,18.000000,0,182.716821
11.480000,18.392027,0.207052,0.305089,-0.004912,0.001422,0.005546,0.796831,-1.097470,-0.601975,8.234587,-0.679783,18.395722,0.950343,0.644902,-2.047812,0.660151,2.449220,-0.028768,-0.127115,0.293542,-0.987011,0.740297,4.779794,0.471185,18.000000,0,182.532983
11.490000,18.390197,0.206694,0.305407,-0.004900,0.001423,0.005524,0.794003,-1.096654,-0.598804,8.228068,-0.679652,18.393894,0.951426,0.643851,-2.048080,0.660156,2.450637,-0.029262,-0.126590,0.293646,-0.985995,0.737381,4.774981,0.471185,18.000000,0,182.349162
11.500000,18.388366,0.206336,0.305724,-0.004888,0.001425,0.005501,0.791181,-1.095837,-0.595646,8.221548,-0.679514,18.392064,0.952510,0.642802,-2.048347,0.660162,2.452055,-0.029756,-0.126067,0.293751,-0.984978,0.734472,4.770168,0.471185,18.000000,0,182.165360
11.510000,18.386534,0.205980,0.306042,-0.004876,0.001426,0.005478,0.788367,-1.095020,-0.592500,8.215028,-0.679370,18.390234,0.953595,0.641755,-2.048615,0.660167,2.453474,-0.030248,-0.125544,0.293856,-0.983961,0.731571,4.765355,0.471185,18.000000,0,181.981576
11.520000,18.384700,0.205624,0.306360,-0.004864,0.001428,0.005455,0.785560,-1.094202,-0.589368,8.208508,-0.679219,18.388402,0.954681,0.640710,-2.048882,0.660173,2.454894,-0.030738,-0.125023,0.293961,-0.982943,0.728677,4.760543,0.471185,18.000000,0,181.797811
11.530000,18.382866,0.205269,0.306678,-0.004852,0.001429,0.005432,0.782759,-1.093383,-0.586249,8.201986,-0.679062,18.386570,0.955767,0.639667,-2.049150,0.660179,2.456315,-0.031228,-0.124502,0.294067,-0.981925,0.725791,4.755732,0.471185,18.000000,0,181.614064
11.540000,18.381030,0.204914,0.306997,-0.004840,0.001431,0.005410,0.779966,-1.092563,-0.583143,8.195465,-0.678899,18.384736,0.956855,0.638625,-2.049417,0.660184,2.457737,-0.031716,-0.123983,0.294173,-0.980906,0.722912,4.750921,0.471185,18.000000,0,181.430335
11.550000,18.379194,0.204560,0.307315,-0.004828,0.001432,0.005387,0.777179,-1.091742,-0.580050,8.188943,-0.678729,18.382901,0.957943,0.637586,-2.049685,0.660190,2.459159,-0.032203,-0.123465,0.294280,-0.979886,0.720041,4.746110,0.471185,18.000000,0,181.246625
11.560000,18.377356,0.204207,0.307634,-0.004816,0.001434,0.005365,0.774400,-1.090920,-0.576969,8.182420,-0.678552,18.381065,0.959032,0.636549,-2.049952,0.660196,2.460583,-0.032689,-0.122948,0.294388,-0.978866,0.717177,4.741300,0.471185,18.000000,0,181.062933
11.570000,18.375517,0.203855,0.307953,-0.004804,0.001435,0.005342,0.771627,-1.090098,-0.573902,8.175897,-0.678370,18.379228,0.960122,0.635513,-2.050219,0.660201,2.462008,-0.033173,-0.122432,0.294496,-0.977845,0.714321,4.736490,0.471185,18.000000,0,180.879259
11.580000,18.373677,0.203503,0.308272,-0.004792,0.001437,0.005320,0.768861,-1.089274,-0.570848,8.169373,-0.678181,18.377390,0.961212,0.634480,-2.050487,0.660207,2.463433,-0.033657,-0.121917,0.294604,-0.976824,0.711471,4.731681,0.471185,18.000000,0,180.695604
11.590000,18.371836,0.203152,0.308591,-0.004780,0.001438,0.005297,0.766103,-1.088450,-0.567806,8.162849,-0.677986,18.375551,0.962304,0.633449,-2.050754,0.660213,2.464860,-0.034139,-0.121404,0.294713,-0.975802,0.708630,4.726872,0.471185,18.000000,0,180.511967
11.600000,18.369994,0.202801,0.308910,-0.004768,0.001440,0.005275,0.763351,-1.087625,-0.564777,8.156325,-0.677785,18.373710,0.963396,0.632419,-2.051021,0.660219,2.466287,-0.034619,-0.120891,0.294822,-0.974779,0.705796,4.722064,0.471185,18.000000,0,180.328349
11.610000,18.368151,0.202451,0.309230,-0.004756,0.001441,0.005253,0.760606,-1.086799,-0.561761,8.149799,-0.677577,18.371869,0.964490,0.631392,-2.051289,0.660224,2.467715,-0.035099,-0.120380,0.294932,-0.973756,0.702969,4.717256,0.471185,18.000000,0,180.144749
11.620000,18.366306,0.202102,0.309550,-0.004744,0.001443,0.005230,0.757868,-1.085972,-0.558758,8.143274,-0.677364,18.370026,0.965584,0.630366,-2.051556,0.660230,2.469144,-0.035577,-0.119869,0.295042,-0.972733,0.700149,4.712449,0.471185,18.000000,0,179.961167
11.630000,18.364461,0.201754,0.309869,-0.004732,0.001444,0.005208,0.755137,-1.085145,-0.555767,8.136748,-0.677144,18.368183,0.966678,0.629343,-2.051823,0.660236,2.470574,-0.036054,-0.119360,0.295153,-0.971708,0.697338,4.707642,0.471185,18.000000,0,179.777604
11.640000,18.362614,0.201406,0.310190,-0.004720,0.001446,0.005186,0.752413,-1.084316,-0.552790,8.130221,-0.676918,18.366338,0.967774,0.628321,-2.052090,0.660241,2.472005,-0.036530,-0.118852,0.295264,-0.970683,0.694533,4.702836,0.471185,18.000000,0,179.594060
11.650000,18.360767,0.201059,0.310510,-0.004708,0.001447,0.005164,0.749696,-1.083487,-0.549825,8.123694,-0.676686,18.364493,0.968871,0.627301,-2.052358,0.660247,2.473437,-0.037005,-0.118345,0.295376,-0.969658,0.691736,4.698030,0.471185,18.000000,0,179.410534
11.660000,18.358918,0.200713,0.310830,-0.004696,0.001449,0.005142,0.746986,-1.082657,-0.546872,8.117166,-0.676449,18.362646,0.969968,0.626284,-2.052625,0.660253,2.474870,-0.037478,-0.117839,0.295488,-0.968632,0.688946,4.693225,0.471185,18.000000,0,179.227026
11.670000,18.357068,0.200367,0.311151,-0.004684,0.001450,0.005120,0.744282,-1.081826,-0.543932,8.110638,-0.676205,18.360799,0.971066,0.625268,-2.052892,0.660258,2.476304,-0.037950,-0.117335,0.295600,-0.967605,0.686164,4.688420,0.471185,18.000000,0,179.043537
11.680000,18.355218,0.200022,0.311472,-0.004672,0.001452,0.005098,0.741586,-1.080994,-0.541005,8.104109,-0.675955,18.358950,0.972165,0.624254,-2.053159,0.660264,2.477738,-0.038421,-0.116831,0.295713,-0.966578,0.683389,4.683616,0.471185,18.000000,0,178.860067
11.690000,18.353366,0.199678,0.311793,-0.004660,0.001453,0.005076,0.738897,-1.080161,-0.538091,8.097580,-0.675699,18.357100,0.973265,0.623242,-2.053426,0.660270,2.479174,-0.038890,-0.116329,0.295827,-0.965551,0.680621,4.678812,0.471185,18.000000,0,178.676614
11.700000,18.351513,0.199334,0.312114,-0.004648,0.001454,0.005054,0.736214,-1.079328,-0.535189,8.091051,-0.675438,18.355249,0.974365,0.622233,-2.053693,0.660275,2.480610,-0.039359,-0.115827,0.295941,-0.964522,0.677861,4.674008,0.471185,18.000000,0,178.493181
11.710000,18.349659,0.198991,0.312435,-0.004636,0.001456,0.005032,0.733539,-1.078494,-0.532299,8.084520,-0.675171,18.353397,0.975466,0.621225,-2.053960,0.660281,2.482047,-0.039826,-0.115327,0.296056,-0.963493,0.675108,4.669206,0.471185,18.000000,0,178.309766
11.720000,18.347804,0.198649,0.312756,-0.004624,0.001457,0.005010,0.730870,-1.077659,-0.529422,8.077990,-0.674898,18.351545,0.976568,0.620219,-2.054227,0.660287,2.483485,-0.040291,-0.114828,0.296171,-0.962464,0.672363,4.664403,0.471185,18.000000,0,178.126369
11.730000,18.345948,0.198308,0.313078,-0.004612,0.001459,0.004989,0.728208,-1.076823,-0.526557,8.071459,-0.674619,18.349691,0.977671,0.619215,-2.054494,0.660293,2.484924,-0.040756,-0.114330,0.296286,-0.961434,0.669625,4.659601,0.471185,18.000000,0,177.942992
11.740000,18.344091,0.197967,0.313400,-0.004600,0.001460,0.004967,0.725553,-1.075986,-0.523705,8.064927,-0.674334,18.347836,0.978775,0.618213,-2.054761,0.660298,2.486364,-0.041219,-0.113833,0.296402,-0.960404,0.666894,4.654800,0.471185,18.000000,0,177.759632
11.750000,18.342233,0.197627,0.313722,-0.004588,0.001462,0.004945,0.722905,-1.075148,-0.520866,8.058395,-0.674044,18.345980,0.979880,0.617214,-2.055028,0.660304,2.487805,-0.041681,-0.113338,0.296518,-0.959372,0.664171,4.649999,0.471185,18.000000,0,177.576292
11.760000,18.340374,0.197287,0.314044,-0.004576,0.001463,0.004924,0.720264,-1.074310,-0.518038,8.051862,-0.673748,18.344123,0.980985,0.616216,-2.055295,0.660310,2.489246,-0.042142,-0.112843,0.296635,-0.958341,0.661455,4.645198,0.471185,18.000000,0,177.392969
11.770000,18.338514,0.196948,0.314366,-0.004564,0.001464,0.004902,0.717630,-1.073470,-0.515223,8.045329,-0.673446,18.342265,0.982091,0.615220,-2.055561,0.660315,2.490689,-0.042602,-0.112350,0.296752,-0.957309,0.658746,4.640398,0.471185,18.000000,0,177.209666
11.780000,18.336652,0.196610,0.314689,-0.004552,0.001466,0.004881,0.715003,-1.072630,-0.512421,8.038796,-0.673139,18.340406,0.983198,0.614226,-2.055828,0.660321,2.492132,-0.043060,-0.111857,0.296870,-0.956276,0.656045,4.635599,0.471185,18.000000,0,177.026381
11.790000,18.334790,0.196273,0.315011,-0.004541,0.001467,0.004859,0.712383,-1.071789,-0.509630,8.032262,-0.672826,18.338546,0.984305,0.613234,-2.056095,0.660327,2.493576,-0.043517,-0.111366,0.296989,-0.955243,0.653351,4.630800,0.471185,18.000000,0,176.843115
11.800000,18.332927,0.195936,0.315334,-0.004529,0.001469,0.004838,0.709769,-1.070948,-0.506852,8.025727,-0.672507,18.336686,0.985414,0.612244,-2.056362,0.660333,2.495021,-0.043973,-0.110876,0.297107,-0.954209,0.650665,4.626001,0.471185,18.000000,0,176.659867
11.810000,18.331063,0.195600,0.315657,-0.004517,0.001470,0.004817,0.707163,-1.070105,-0.504086,8.019192,-0.672184,18.334824,0.986523,0.611256,-2.056628,0.660338,2.496467,-0.044428,-0.110388,0.297227,-0.953174,0.647986,4.621203,0.471185,18.000000,0,176.476638
11.820000,18.329198,0.195265,0.315980,-0.004505,0.001472,0.004795,0.704563,-1.069262,-0.501332,8.012657,-0.671854,18.332961,0.987633,0.610270,-2.056895,0.660344,2.497914,-0.044881,-0.109900,0.297346,-0.952139,0.645314,4.616406,0.471185,18.000000,0,176.293428
11.830000,18.327331,0.194930,0.316303,-0.004493,0.001473,0.004774,0.701971,-1.068418,-0.498591,8.006121,-0.671519,18.331097,0.988744,0.609286,-2.057162,0.660350,2.499361,-0.045333,-0.109413,0.297466,-0.951104,0.642649,4.611609,0.471185,18.000000,0,176.110236
11.840000,18.325464,0.194596,0.316627,-0.004481,0.001474,0.004753,0.699385,-1.067573,-0.495862,7.999584,-0.671179,18.329232,0.989856,0.608304,-2.057428,0.660355,2.500810,-0.045784,-0.108928,0.297587,-0.950068,0.639992,4.606812,0.471185,18.000000,0,175.927063
11.850000,18.323596,0.194263,0.316950,-0.004469,0.001476,0.004732,0.696806,-1.066727,-0.493144,7.993047,-0.670833,18.327367,0.990968,0.607324,-2.057695,0.660361,2.502259,-0.046234,-0.108444,0.297708,-0.949031,0.637342,4.602016,0.471185,18.000000,0,175.743908
11.860000,18.321727,0.193930,0.317274,-0.004457,0.001477,0.004711,0.694234,-1.065880,-0.490439,7.986510,-0.670482,18.325500,0.992081,0.606346,-2.057961,0.660367,2.503709,-0.046682,-0.107960,0.297830,-0.947994,0.634700,4.597221,0.471185,18.000000,0,175.560773
11.870000,18.319857,0.193598,0.317598,-0.004445,0.001479,0.004690,0.691668,-1.065033,-0.487746,7.979972,-0.670126,18.323632,0.993195,0.605370,-2.058228,0.660372,2.505160,-0.047130,-0.107478,0.297952,-0.946957,0.632065,4.592426,0.471185,18.000000,0,175.377656
11.880000,18.317985,0.193267,0.317922,-0.004433,0.001480,0.004669,0.689110,-1.064185,-0.485065,7.973434,-0.669765,18.321763,0.994310,0.604396,-2.058494,0.660378,2.506611,-0.047575,-0.106997,0.298074,-0.945918,0.629437,4.587631,0.471185,18.000000,0,175.194557
11.890000,18.316113,0.192937,0.318246,-0.004422,0.001481,0.004648,0.686559,-1.063336,-0.482396,7.966895,-0.669398,18.319894,0.995425,0.603424,-2.058761,0.660384,2.508064,-0.048020,-0.106518,0.298197,-0.944880,0.626816,4.582837,0.471185,18.000000,0,175.011478
11.900000,18.314240,0.192607,0.318570,-0.004410,0.001483,0.004627,0.684014,-1.062486,-0.479739,7.960355,-0.669026,18.318023,0.996541,0.602454,-2.059027,0.660389,2.509517,-0.048464,-0.106039,0.298321,-0.943841,0.624203,4.578043,0.471185,18.000000,0,174.828417
11.910000,18.312366,0.192278,0.318895,-0.004398,0.001484,0.004606,0.681476,-1.061635,-0.477094,7.953816,-0.668648,18.316152,0.997658,0.601486,-2.059293,0.660395,2.510971,-0.048906,-0.105562,0.298445,-0.942801,0.621597,4.573250,0.471185,18.000000,0,174.645375
11.920000,18.310491,0.191949,0.319219,-0.004386,0.001486,0.004585,0.678945,-1.060784,-0.474461,7.947275,-0.668266,18.314279,0.998776,0.600520,-2.059560,0.660401,2.512426,-0.049347,-0.105085,0.298569,-0.941761,0.618998,4.568457,0.471185,18.000000,0,174.462352
11.930000,18.308615,0.191622,0.319544,-0.004374,0.001487,0.004564,0.676421,-1.059932,-0.471839,7.940734,-0.667878,18.312406,0.999894,0.599556,-2.059826,0.660406,2.513882,-0.049787,-0.104610,0.298694,-0.940720,0.616407,4.563665,0.471185,18.000000,0,174.279347
11.940000,18.306738,0.191295,0.319869,-0.004362,0.001488,0.004544,0.673904,-1.059079,-0.469230,7.934193,-0.667486,18.310532,1.001014,0.598594,-2.060092,0.660412,2.515339,-0.050225,-0.104136,0.298819,-0.939679,0.613823,4.558874,0.471185,18.000000,0,174.096361
11.950000,18.304860,0.190968,0.320194,-0.004351,0.001490,0.004523,0.671394,-1.058225,-0.466632,7.927652,-0.667088,18.308656,1.002133,0.597634,-2.060358,0.660418,2.516796,-0.050663,-0.103663,0.298945,-0.938637,0.611246,4.554083,0.471185,18.000000,0,173.913394
11.960000,18.302981,0.190643,0.320520,-0.004339,0.001491,0.004503,0.668890,-1.057370,-0.464047,7.921109,-0.666685,18.306780,1.003254,0.596676,-2.060625,0.660423,2.518254,-0.051099,-0.103192,0.299071,-0.937594,0.608676,4.549292,0.471185,18.000000,0,173.730446
11.970000,18.301102,0.190318,0.320845,-0.004327,0.001493,0.004482,0.666394,-1.056515,-0.461473,7.914567,-0.666277,18.304903,1.004376,0.595720,-2.060891,0.660429,2.519713,-0.051534,-0.102721,0.299198,-0.936552,0.606114,4.544502,0.471185,18.000000,0,173.547517
11.980000,18.299221,0.189993,0.321171,-0.004315,0.001494,0.004462,0.663904,-1.055659,-0.458910,7.908024,-0.665864,18.303025,1.005498,0.594766,-2.061157,0.660435,2.521173,-0.051967,-0.102252,0.299325,-0.935508,0.603559,4.539712,0.471185,18.000000,0,173.364606
11.990000,18.297339,0.189670,0.321496,-0.004303,0.001495,0.004441,0.661421,-1.054802,-0.456360,7.901480,-0.665447,18.301146,1.006621,0.593814,-2.061423,0.660440,2.522634,-0.052400,-0.101783,0.299453,-0.934464,0.601011,4.534923,0.471185,18.000000,0,173.181714
12.000000,18.295457,0.189347,0.321822,-0.004291,0.001497,0.004421,0.658944,-1.053944,-0.453821,7.894936,-0.665024,18.299267,1.007745,0.592864,-2.061689,0.660446,2.524095,-0.052831,-0.101316,0.299581,-0.933420,0.598471,4.530134,0.471185,18.000000,0,172.998841
12.010000,18.293573,0.189025,0.322148,-0.004280,0.001498,0.004400,0.656475,-1.053086,-0.451294,7.888392,-0.664596,18.297386,1.008869,0.591916,-2.061955,0.660451,2.525557,-0.053261,-0.100850,0.299710,-0.932375,0.595937,4.525346,0.471185,18.000000,0,172.815987
12.020000,18.291689,0.188703,0.322474,-0.004268,0.001499,0.004380,0.654013,-1.052226,-0.448778,7.881847,-0.664164,18.295504,1.009994,0.590970,-2.062221,0.660457,2.527020,-0.053690,-0.100385,0.299839,-0.931330,0.593411,4.520558,0.471185,18.000000,0,172.633152
12.030000,18.289803,0.188382,0.322801,-0.004256,0.001501,0.004360,0.651557,-1.051366,-0.446274,7.875301,-0.663727,18.293622,1.011120,0.590026,-2.062487,0.660463,2.528484,-0.054117,-0.099921,0.299968,-0.930284,0.590893,4.515771,0.471185,18.000000,0,172.450335
12.040000,18.287917,0.188062,0.323127,-0.004244,0.001502,0.004340,0.649108,-1.050505,-0.443782,7.868755,-0.663285,18.291738,1.012247,0.589084,-2.062752,0.660468,2.529948,-0.054544,-0.099459,0.300098,-0.929237,0.588381,4.510984,0.471185,18.000000,0,172.267538
12.050000,18.286030,0.187743,0.323454,-0.004233,0.001504,0.004320,0.646666,-1.049644,-0.441301,7.862209,-0.662838,18.289854,1.013374,0.588144,-2.063018,0.660474,2.531413,-0.054969,-0.098997,0.300229,-0.928190,0.585876,4.506198,0.471185,18.000000,0,172.084759
12.060000,18.284142,0.187424,0.323780,-0.004221,0.001505,0.004299,0.644230,-1.048781,-0.438832,7.855662,-0.662386,18.287969,1.014503,0.587206,-2.063284,0.660479,2.532879,-0.055393,-0.098537,0.300359,-0.927143,0.583379,4.501412,0.471185,18.000000,0,171.901999
12.070000,18.282253,0.187106,0.324107,-0.004209,0.001506,0.004279,0.641802,-1.047918,-0.436374,7.849115,-0.661930,18.286083,1.015631,0.586270,-2.063550,0.660485,2.534346,-0.055815,-0.098078,0.300491,-0.926095,0.580889,4.496627,0.471185,18.000000,0,171.719258
12.080000,18.280363,0.186789,0.324434,-0.004197,0.001508,0.004259,0.639380,-1.047054,-0.433928,7.842567,-0.661469,18.284196,1.016761,0.585336,-2.063815,0.660491,2.535814,-0.056237,-0.097620,0.300623,-0.925047,0.578406,4.491842,0.471185,18.000000,0,171.536536
12.090000,18.278472,0.186472,0.324761,-0.004186,0.001509,0.004240,0.636965,-1.046189,-0.431493,7.836019,-0.661003,18.282308,1.017891,0.584404,-2.064081,0.660496,2.537282,-0.056657,-0.097163,0.300755,-0.923998,0.575931,4.487058,0.471185,18.000000,0,171.353833
12.100000,18.276580,0.186156,0.325089,-0.004174,0.001510,0.004220,0.634557,-1.045324,-0.429069,7.829471,-0.660533,18.280419,1.019022,0.583474,-2.064346,0.660502,2.538751,-0.057076,-0.096707,0.300888,-0.922949,0.573462,4.482274,0.471185,18.000000,0,171.171149
12.110000,18.274688,0.185841,0.325416,-0.004162,0.001512,0.004200,0.632155,-1.044458,-0.426657,7.822922,-0.660058,18.278530,1.020154,0.582546,-2.064612,0.660507,2.540221,-0.057494,-0.096253,0.301021,-0.921899,0.571001,4.477491,0.471185,18.000000,0,170.988483
12.120000,18.272794,0.185526,0.325744,-0.004151,0.001513,0.004180,0.629761,-1.043591,-0.424257,7.816372,-0.659579,18.276639,1.021287,0.581620,-2.064877,0.660513,2.541691,-0.057910,-0.095799,0.301155,-0.920848,0.568547,4.472708,0.471185,18.000000,0,170.805837
12.130000,18.270900,0.185213,0.326071,-0.004139,0.001514,0.004160,0.627373,-1.042723,-0.421867,7.809822,-0.659095,18.274748,1.022420,0.580696,-2.065143,0.660518,2.543163,-0.058326,-0.095347,0.301289,-0.919798,0.566100,4.467926,0.471185,18.000000,0,170.623209
12.140000,18.269005,0.184899,0.326399,-0.004127,0.001516,0.004141,0.624992,-1.041854,-0.419489,7.803272,-0.658606,18.272856,1.023554,0.579774,-2.065408,0.660524,2.544635,-0.058740,-0.094896,0.301424,-0.918746,0.563660,4.463144,0.471185,18.000000,0,170.440601
12.150000,18.267109,0.184587,0.326727,-0.004116,0.001517,0.004121,0.622617,-1.040985,-0.417122,7.796721,-0.658114,18.270963,1.024689,0.578854,-2.065673,0.660529,2.546108,-0.059153,-0.094446,0.301559,-0.917695,0.561228,4.458363,0.471185,18.000000,0,170.258011
12.160000,18.265212,0.184275,0.327055,-0.004104,0.001518,0.004101,0.620250,-1.040115,-0.414767,7.790170,-0.657616,18.269069,1.025824,0.577936,-2.065939,0.660535,2.547581,-0.059564,-0.093997,0.301694,-0.916642,0.558802,4.453582,0.471185,18.000000,0,170.075441
12.170000,18.263314,0.183964,0.327384,-0.004092,0.001520,0.004082,0.617889,-1.039244,-0.412422,7.783618,-0.657114,18.267174,1.026960,0.577020,-2.066204,0.660540,2.549055,-0.059975,-0.093550,0.301830,-0.915590,0.556384,4.448802,0.471185,18.000000,0,169.892889
12.180000,18.261415,0.183653,0.327712,-0.004081,0.001521,0.004062,0.615534,-1.038372,-0.410089,7.777066,-0.656608,18.265279,1.028097,0.576106,-2.066469,0.660546,2.550530,-0.060384,-0.093103,0.301967,-0.914536,0.553973,4.444022,0.471185,18.000000,0,169.710357
12.190000,18.259516,0.183344,0.328041,-0.004069,0.001522,0.004043,0.613187,-1.037500,-0.407767,7.770513,-0.656098,18.263383,1.029234,0.575195,-2.066734,0.660551,2.552006,-0.060792,-0.092658,0.302104,-0.913483,0.551569,4.439243,0.471185,18.000000,0,169.527843
12.200000,18.257615,0.183035,0.328369,-0.004057,0.001523,0.004024,0.610846,-1.036627,-0.405456,7.763960,-0.655583,18.261485,1.030372,0.574285,-2.066999,0.660557,2.553482,-0.061199,-0.092213,0.302241,-0.912429,0.549172,4.434464,0.471185,18.000000,0,169.345348
12.210000,18.255714,0.182726,0.328698,-0.004046,0.001525,0.004004,0.608512,-1.035753,-0.403156,7.757406,-0.655064,18.259588,1.031511,0.573377,-2.067264,0.660562,2.554960,-0.061605,-0.091770,0.302379,-0.911374,0.546782,4.429686,0.471185,18.000000,0,169.162873
12.220000,18.253812,0.182419,0.329027,-0.004034,0.001526,0.003985,0.606185,-1.034878,-0.400867,7.750852,-0.654540,18.257689,1.032651,0.572471,-2.067529,0.660568,2.556437,-0.062009,-0.091328,0.302517,-0.910319,0.544399,4.424908,0.471185,18.000000,0,168.980416
12.230000,18.251909,0.182112,0.329356,-0.004023,0.001527,0.003966,0.603864,-1.034003,-0.398589,7.744298,-0.654012,18.255789,1.033791,0.571567,-2.067794,0.660573,2.557916,-0.062413,-0.090888,0.302656,-0.909263,0.542024,4.420131,0.471185,18.000000,0,168.797978
12.240000,18.250006,0.181805,0.329685,-0.004011,0.001529,0.003947,0.601550,-1.033127,-0.396322,7.737743,-0.653480,18.253889,1.034932,0.570665,-2.068059,0.660578,2.559395,-0.062815,-0.090448,0.302795,-0.908207,0.539655,4.415354,0.471185,18.000000,0,168.615560
12.250000,18.248101,0.181500,0.330015,-0.003999,0.001530,0.003927,0.599243,-1.032250,-0.394067,7.731188,-0.652944,18.251988,1.036074,0.569765,-2.068324,0.660584,2.560875,-0.063216,-0.090010,0.302935,-0.907151,0.537294,4.410578,0.471185,18.000000,0,168.433160
12.260000,18.246196,0.181195,0.330344,-0.003988,0.001531,0.003908,0.596943,-1.031372,-0.391822,7.724632,-0.652404,18.250085,1.037216,0.568867,-2.068589,0.660589,2.562356,-0.063615,-0.089572,0.303075,-0.906094,0.534939,4.405802,0.471185,18.000000,0,168.250780
12.270000,18.244290,0.180891,0.330674,-0.003976,0.001533,0.003889,0.594649,-1.030494,-0.389588,7.718076,-0.651860,18.248183,1.038359,0.567971,-2.068853,0.660595,2.563837,-0.064014,-0.089136,0.303216,-0.905037,0.532592,4.401026,0.471185,18.000000,0,168.068418
12.280000,18.242383,0.180587,0.331003,-0.003965,0.001534,0.003870,0.592362,-1.029615,-0.387365,7.711519,-0.651311,18.246279,1.039503,0.567077,-2.069118,0.660600,2.565319,-0.064411,-0.088701,0.303357,-0.903979,0.530251,4.396252,0.471185,18.000000,0,167.886076
12.290000,18.240475,0.180284,0.331333,-0.003953,0.001535,0.003851,0.590081,-1.028735,-0.385153,7.704962,-0.650758,18.244375,1.040647,0.566186,-2.069383,0.660605,2.566802,-0.064807,-0.088267,0.303499,-0.902921,0.527918,4.391477,0.471185,18.000000,0,167.703753
12.300000,18.238566,0.179982,0.331663,-0.003942,0.001536,0.003832,0.587807,-1.027855,-0.382951,7.698405,-0.650202,18.242470,1.041793,0.565296,-2.069647,0.660611,2.568286,-0.065202,-0.087834,0.303641,-0.901862,0.525592,4.386704,0.471185,18.000000,0,167.521448
12.310000,18.236657,0.179681,0.331993,-0.003930,0.001538,0.003814,0.585540,-1.026973,-0.380761,7.691847,-0.649641,18.240564,1.042938,0.564408,-2.069912,0.660616,2.569770,-0.065596,-0.087403,0.303783,-0.900803,0.523273,4.381930,0.471185,18.000000,0,167.339163
12.320000,18.234747,0.179380,0.332323,-0.003919,0.001539,0.003795,0.583280,-1.026091,-0.378581,7.685289,-0.649076,18.238657,1.044085,0.563522,-2.070176,0.660621,2.571255,-0.065988,-0.086972,0.303926,-0.899743,0.520961,4.377157,0.471185,18.000000,0,167.156897
12.330000,18.232836,0.179080,0.332654,-0.003907,0.001540,0.003776,0.581026,-1.025208,-0.376412,7.678730,-0.648508,18.236749,1.045232,0.562638,-2.070440,0.660627,2.572740,-0.066380,-0.086543,0.304070,-0.898683,0.518656,4.372385,0.471185,18.000000,0,166.974650
12.340000,18.230924,0.178781,0.332984,-0.003896,0.001542,0.003757,0.578778,-1.024325,-0.374254,7.672171,-0.647935,18.234841,1.046380,0.561756,-2.070705,0.660632,2.574226,-0.066770,-0.086114,0.304213,-0.897623,0.516358,4.367613,0.471185,18.000000,0,166.792422
12.350000,18.229011,0.178482,0.333315,-0.003884,0.001543,0.003739,0.576538,-1.023441,-0.372106,7.665611,-0.647358,18.232932,1.047528,0.560876,-2.070969,0.660637,2.575713,-0.067159,-0.085687,0.304358,-0.896562,0.514066,4.362842,0.471185,18.000000,0,166.610214
12.360000,18.227098,0.178184,0.333646,-0.003873,0.001544,0.003720,0.574304,-1.022556,-0.369969,7.659051,-0.646778,18.231022,1.048678,0.559998,-2.071233,0.660642,2.577201,-0.067546,-0.085262,0.304503,-0.895500,0.511782,4.358071,0.471185,18.000000,0,166.428024
12.370000,18.225184,0.177887,0.333976,-0.003861,0.001545,0.003702,0.572076,-1.021670,-0.367843,7.652491,-0.646194,18.229112,1.049827,0.559123,-2.071497,0.660648,2.578689,-0.067933,-0.084837,0.304648,-0.894438,0.509505,4.353301,0.471185,18.000000,0,166.245854
12.380000,18.223269,0.177590,0.334307,-0.003850,0.001547,0.003683,0.569856,-1.020784,-0.365727,7.645930,-0.645605,18.227200,1.050978,0.558249,-2.071762,0.660653,2.580178,-0.068318,-0.084413,0.304793,-0.893376,0.507235,4.348531,0.471185,18.000000,0,166.063702
12.390000,18.221353,0.177294,0.334638,-0.003838,0.001548,0.003665,0.567641,-1.019897,-0.363622,7.639368,-0.645014,18.225288,1.052129,0.557377,-2.072026,0.660658,2.581667,-0.068702,-0.083991,0.304940,-0.892314,0.504972,4.343762,0.471185,18.000000,0,165.881570
12.400000,18.219437,0.176999,0.334970,-0.003827,0.001549,0.003646,0.565434,-1.019009,-0.361527,7.632807,-0.644418,18.223375,1.053281,0.556507,-2.072290,0.660663,2.583158,-0.069085,-0.083569,0.305086,-0.891250,0.502716,4.338993,0.471185,18.000000,0,165.699457
12.410000,18.217520,0.176704,0.335301,-0.003816,0.001550,0.003628,0.563233,-1.018120,-0.359443,7.626244,-0.643818,18.221462,1.054433,0.555639,-2.072553,0.660669,2.584648,-0.069467,-0.083149,0.305233,-0.890187,0.500467,4.334225,0.471185,18.000000,0,165.517363
12.420000,18.215602,0.176410,0.335632,-0.003804,0.001552,0.003610,0.561038,-1.017231,-0.357370,7.619682,-0.643215,18.219548,1.055586,0.554773,-2.072817,0.660674,2.586140,-0.069848,-0.082730,0.305381,-0.889123,0.498224,4.329457,0.471185,18.000000,0,165.335289
12.430000,18.213683,0.176117,0.335964,-0.003793,0.001553,0.003592,0.558851,-1.016341,-0.355307,7.613119,-0.642608,18.217633,1.056740,0.553909,-2.073081,0.660679,2.587632,-0.070227,-0.082312,0.305529,-0.888059,0.495989,4.324690,0.471185,18.000000,0,165.153233
12.440000,18.211764,0.175824,0.336296,-0.003782,0.001554,0.003573,0.556669,-1.015450,-0.353254,7.606555,-0.641998,18.215717,1.057895,0.553047,-2.073345,0.660684,2.589125,-0.070606,-0.081895,0.305677,-0.886994,0.493760,4.319923,0.471185,18.000000,0,164.971197
12.450000,18.209843,0.175533,0.336627,-0.003770,0.001555,0.003555,0.554495,-1.014559,-0.351212,7.599992,-0.641383,18.213800,1.059050,0.552188,-2.073609,0.660689,2.590618,-0.070983,-0.081480,0.305826,-0.885929,0.491539,4.315157,0.471185,18.000000,0,164.789180
12.460000,18.207922,0.175241,0.336959,-0.003759,0.001557,0.003537,0.552327,-1.013667,-0.349180,7.593427,-0.640765,18.211883,1.060206,0.551330,-2.073872,0.660694,2.592112,-0.071359,-0.081065,0.305975,-0.884863,0.489324,4.310391,0.471185,18.000000,0,164.607182
12.470000,18.206001,0.174951,0.337291,-0.003748,0.001558,0.003519,0.550165,-1.012774,-0.347158,7.586863,-0.640144,18.209965,1.061362,0.550474,-2.074136,0.660699,2.593607,-0.071733,-0.080652,0.306125,-0.883797,0.487117,4.305625,0.471185,18.000000,0,164.425203
12.480000,18.204078,0.174661,0.337623,-0.003736,0.001559,0.003501,0.548010,-1.011880,-0.345147,7.580298,-0.639519,18.208047,1.062519,0.549620,-2.074399,0.660705,2.595102,-0.072107,-0.080240,0.306275,-0.882730,0.484916,4.300861,0.471185,18.000000,0,164.243244
12.490000,18.202155,0.174372,0.337956,-0.003725,0.001560,0.003483,0.545861,-1.010986,-0.343146,7.573732,-0.638890,18.206127,1.063677,0.548768,-2.074663,0.660710,2.596598,-0.072479,-0.079829,0.306426,-0.881664,0.482722,4.296096,0.471185,18.000000,0,164.061303
12.500000,18.200231,0.174084,0.338288,-0.003714,0.001562,0.003465,0.543719,-1.010091,-0.341155,7.567166,-0.638258,18.204207,1.064835,0.547918,-2.074926,0.660715,2.598095,-0.072851,-0.079419,0.306577,-0.880596,0.480535,4.291333,0.471185,18.000000,0,163.879382
12.510000,18.198307,0.173796,0.338620,-0.003702,0.001563,0.003447,0.541584,-1.009195,-0.339175,7.560600,-0.637623,18.202287,1.065994,0.547070,-2.075189,0.660720,2.599592,-0.073221,-0.079010,0.306729,-0.879529,0.478355,4.286569,0.471185,18.000000,0,163.697480
12.520000,18.196382,0.173509,0.338953,-0.003691,0.001564,0.003430,0.539455,-1.008299,-0.337205,7.554033,-0.636984,18.200365,1.067154,0.546224,-2.075452,0.660725,2.601090,-0.073590,-0.078602,0.306881,-0.878460,0.476182,4.281807,0.471185,18.000000,0,163.515598
12.530000,18.194456,0.173223,0.339286,-0.003680,0.001565,0.003412,0.537333,-1.007402,-0.335245,7.547466,-0.636341,18.198443,1.068314,0.545380,-2.075716,0.660730,2.602588,-0.073957,-0.078196,0.307034,-0.877392,0.474015,4.277044,0.471185,18.000000,0,163.333735
12.540000,18.192529,0.172937,0.339619,-0.003669,0.001566,0.003394,0.535217,-1.006504,-0.333295,7.540899,-0.635695,18.196520,1.069475,0.544538,-2.075979,0.660735,2.604087,-0.074324,-0.077790,0.307186,-0.876323,0.471856,4.272283,0.471185,18.000000,0,163.151890
12.550000,18.190602,0.172652,0.339951,-0.003657,0.001568,0.003377,0.533107,-1.005605,-0.331355,7.534331,-0.635046,18.194597,1.070636,0.543698,-2.076242,0.660740,2.605587,-0.074689,-0.077386,0.307340,-0.875254,0.469703,4.267521,0.471185,18.000000,0,162.970066
12.560000,18.188673,0.172367,0.340284,-0.003646,0.001569,0.003359,0.531004,-1.004706,-0.329425,7.527763,-0.634393,18.192673,1.071798,0.542860,-2.076505,0.660745,2.607087,-0.075054,-0.076983,0.307494,-0.874184,0.467557,4.262761,0.471185,18.000000,0,162.788260
12.570000,18.186745,0.172084,0.340618,-0.003635,0.001570,0.003341,0.528908,-1.003806,-0.327506,7.521194,-0.633737,18.190748,1.072961,0.542024,-2.076768,0.660750,2.608588,-0.075417,-0.076581,0.307648,-0.873114,0.465418,4.258000,0.471185,18.000000,0,162.606474
12.580000,18.184815,0.171801,0.340951,-0.003624,0.001571,0.003324,0.526818,-1.002906,-0.325596,7.514625,-0.633078,18.188823,1.074124,0.541190,-2.077030,0.660755,2.610090,-0.075779,-0.076180,0.307803,-0.872043,0.463285,4.253241,0.471185,18.000000,0,162.424707
12.590000,18.182885,0.171519,0.341284,-0.003613,0.001573,0.003307,0.524734,-1.002005,-0.323697,7.508055,-0.632415,18.186896,1.075288,0.540358,-2.077293,0.660759,2.611592,-0.076139,-0.075780,0.307958,-0.870973,0.461160,4.248481,0.471185,18.000000,0,162.242959
12.600000,18.180954,0.171237,0.341618,-0.003601,0.001574,0.003289,0.522657,-1.001103,-0.321807,7.501485,-0.631749,18.184970,1.076453,0.539528,-2.077556,0.660764,2.613094,-0.076499,-0.075382,0.308114,-0.869901,0.459041,4.243723,0.471185,18.000000,0,162.061231
12.610000,18.179023,0.170956,0.341951,-0.003590,0.001575,0.003272,0.520586,-1.000200,-0.319927,7.494915,-0.631080,18.183042,1.077618,0.538700,-2.077818,0.660769,2.614597,-0.076858,-0.074984,0.308270,-0.868830,0.456929,4.238964,0.471185,18.000000,0,161.879522
12.620000,18.177091,0.170676,0.342285,-0.003579,0.001576,0.003255,0.518522,-0.999297,-0.318058,7.488344,-0.630408,18.181114,1.078784,0.537874,-2.078081,0.660774,2.616101,-0.077215,-0.074588,0.308427,-0.867758,0.454824,4.234207,0.471185,18.000000,0,161.697832
12.630000,18.175158,0.170396,0.342619,-0.003568,0.001577,0.003237,0.516464,-0.998393,-0.316198,7.481773,-0.629732,18.179185,1.079951,0.537050,-2.078343,0.660779,2.617606,-0.077571,-0.074193,0.308584,-0.866685,0.452726,4.229450,0.471185,18.000000,0,161.516161
12.640000,18.173224,0.170117,0.342952,-0.003557,0.001578,0.003220,0.514413,-0.997488,-0.314348,7.475202,-0.629053,18.177256,1.081118,0.536227,-2.078606,0.660784,2.619111,-0.077926,-0.073798,0.308741,-0.865612,0.450634,4.224693,0.471185,18.000000,0,161.334510
12.650000,18.171290,0.169839,0.343286,-0.003546,0.001580,0.003203,0.512368,-0.996583,-0.312508,7.468630,-0.628371,18.175326,1.082285,0.535407,-2.078868,0.660788,2.620616,-0.078280,-0.073405,0.308899,-0.864539,0.448549,4.219937,0.471185,18.000000,0,161.152878
12.660000,18.169355,0.169561,0.343620,-0.003535,0.001581,0.003186,0.510329,-0.995677,-0.310677,7.462057,-0.627686,18.173395,1.083454,0.534589,-2.079130,0.660793,2.622122,-0.078633,-0.073014,0.309057,-0.863466,0.446471,4.215181,0.471185,18.000000,0,160.971266
12.670000,18.167420,0.169285,0.343955,-0.003524,0.001582,0.003169,0.508297,-0.994770,-0.308857,7.455485,-0.626998,18.171464,1.084622,0.533773,-2.079392,0.660798,2.623629,-0.078984,-0.072623,0.309216,-0.862392,0.444400,4.210426,0.471185,18.000000,0,160.789673
12.680000,18.165484,0.169008,0.344289,-0.003513,0.001583,0.003152,0.506271,-0.993863,-0.307046,7.448912,-0.626307,18.169532,1.085792,0.532958,-2.079655,0.660803,2.625136,-0.079335,-0.072233,0.309376,-0.861317,0.442335,4.205671,0.471185,18.000000,0,160.608099
12.690000,18.163547,0.168733,0.344623,-0.003502,0.001584,0.003135,0.504252,-0.992955,-0.305245,7.442338,-0.625613,18.167599,1.086962,0.532146,-2.079917,0.660807,2.626644,-0.079684,-0.071845,0.309535,-0.860243,0.440277,4.200917,0.471185,18.000000,0,160.426544
12.700000,18.161609,0.168458,0.344958,-0.003491,0.001586,0.003118,0.502238,-0.992046,-0.303454,7.435764,-0.624916,18.165666,1.088133,0.531336,-2.080179,0.660812,2.628152,-0.080032,-0.071458,0.309695,-0.859168,0.438226,4.196163,0.471185,18.000000,0,160.245009
12.710000,18.159671,0.168184,0.345292,-0.003480,0.001587,0.003101,0.500232,-0.991136,-0.301672,7.429190,-0.624216,18.163733,1.089304,0.530527,-2.080440,0.660817,2.629661,-0.080379,-0.071071,0.309856,-0.858092,0.436181,4.191410,0.471185,18.000000,0,160.063494
12.720000,18.157733,0.167910,0.345627,-0.003469,0.001588,0.003084,0.498231,-0.990226,-0.299900,7.422615,-0.623512,18.161798,1.090476,0.529721,-2.080702,0.660821,2.631171,-0.080725,-0.070686,0.310017,-0.857016,0.434143,4.186657,0.471185,18.000000,0,159.881997
12.730000,18.155793,0.167637,0.345962,-0.003458,0.001589,0.003068,0.496237,-0.989316,-0.298138,7.416040,-0.622806,18.159863,1.091648,0.528917,-2.080964,0.660826,2.632681,-0.081070,-0.070302,0.310179,-0.855940,0.432112,4.181905,0.471185,18.000000,0,159.700520
12.740000,18.153854,0.167365,0.346296,-0.003447,0.001590,0.003051,0.494250,-0.988404,-0.296385,7.409465,-0.622097,18.157928,1.092821,0.528114,-2.081226,0.660830,2.634191,-0.081413,-0.069920,0.310341,-0.854864,0.430087,4.177154,0.471185,18.000000,0,159.519063
12.750000,18.151913,0.167094,0.346631,-0.003436,0.001591,0.003034,0.492268,-0.987492,-0.294641,7.402889,-0.621385,18.155991,1.093995,0.527314,-2.081487,0.660835,2.635702,-0.081756,-0.069538,0.310503,-0.853787,0.428069,4.172403,0.471185,18.000000,0,159.337624
12.760000,18.149972,0.166823,0.346966,-0.003425,0.001593,0.003018,0.490293,-0.986579,-0.292908,7.396313,-0.620670,18.154055,1.095169,0.526515,-2.081749,0.660840,2.637214,-0.082097,-0.069157,0.310666,-0.852709,0.426058,4.167652,0.471185,18.000000,0,159.156205
12.770000,18.148030,0.166553,0.347302,-0.003414,0.001594,0.003001,0.488325,-0.985666,-0.291183,7.389737,-0.619953,18.152117,1.096344,0.525719,-2.082010,0.660844,2.638726,-0.082437,-0.068778,0.310829,-0.851632,0.424053,4.162902,0.471185,18.000000,0,158.974806
12.780000,18.146088,0.166283,0.347637,-0.003403,0.001595,0.002984,0.486362,-0.984752,-0.289469,7.383160,-0.619232,18.150179,1.097519,0.524924,-2.082271,0.660849,2.640239,-0.082776,-0.068399,0.310993,-0.850554,0.422055,4.158152,0.471185,18.000000,0,158.793426
12.790000,18.144145,0.166014,0.347972,-0.003392,0.001596,0.002968,0.484406,-0.983837,-0.287763,7.376582,-0.618509,18.148241,1.098695,0.524131,-2.082533,0.660853,2.641752,-0.083114,-0.068022,0.311157,-0.849476,0.420064,4.153403,0.471185,18.000000,0,158.612065
12.800000,18.142201,0.165746,0.348307,-0.003381,0.001597,0.002952,0.482456,-0.982922,-0.286067,7.370005,-0.617783,18.146302,1.099872,0.523341,-2.082794,0.660858,2.643266,-0.083451,-0.067646,0.311322,-0.848397,0.418079,4.148655,0.471185,18.000000,0,158.430724
12.810000,18.140257,0.165479,0.348643,-0.003370,0.001598,0.002935,0.480513,-0.982006,-0.284381,7.363427,-0.617054,18.144362,1.101049,0.522552,-2.083055,0.660862,2.644780,-0.083787,-0.067271,0.311487,-0.847318,0.416101,4.143906,0.471185,18.000000,0,158.249402
12.820000,18.138313,0.165212,0.348979,-0.003360,0.001599,0.002919,0.478576,-0.981089,-0.282704,7.356848,-0.616322,18.142422,1.102227,0.521765,-2.083316,0.660866,2.646295,-0.084121,-0.066897,0.311653,-0.846239,0.414129,4.139159,0.471185,18.000000,0,158.068100
12.830000,18.136367,0.164946,0.349314,-0.003349,0.001601,0.002903,0.476645,-0.980172,-0.281036,7.350269,-0.615588,18.140481,1.103405,0.520980,-2.083577,0.660871,2.647810,-0.084455,-0.066524,0.311818,-0.845159,0.412164,4.134412,0.471185,18.000000,0,157.886817
12.840000,18.134421,0.164680,0.349650,-0.003338,0.001602,0.002886,0.474720,-0.979254,-0.279377,7.343690,-0.614851,18.138539,1.104584,0.520197,-2.083838,0.660875,2.649326,-0.084787,-0.066153,0.311985,-0.844079,0.410206,4.129665,0.471185,18.000000,0,157.705554
12.850000,18.132475,0.164416,0.349986,-0.003327,0.001603,0.002870,0.472801,-0.978335,-0.277728,7.337111,-0.614111,18.136598,1.105763,0.519416,-2.084098,0.660880,2.650842,-0.085118,-0.065782,0.312152,-0.842999,0.408254,4.124919,0.471185,18.000000,0,157.524310
12.860000,18.130528,0.164151,0.350322,-0.003316,0.001604,0.002854,0.470889,-0.977416,-0.276088,7.330531,-0.613369,18.134655,1.106943,0.518638,-2.084359,0.660884,2.652359,-0.085448,-0.065413,0.312319,-0.841918,0.406308,4.120174,0.471185,18.000000,0,157.343085
12.870000,18.128580,0.163888,0.350658,-0.003306,0.001605,0.002838,0.468983,-0.976496,-0.274457,7.323951,-0.612624,18.132712,1.108124,0.517860,-2.084620,0.660888,2.653876,-0.085777,-0.065044,0.312487,-0.840837,0.404369,4.115429,0.471185,18.000000,0,157.161880
12.880000,18.126632,0.163625,0.350994,-0.003295,0.001606,0.002822,0.467083,-0.975576,-0.272836,7.317370,-0.611876,18.130768,1.109305,0.517085,-2.084880,0.660892,2.655394,-0.086105,-0.064677,0.312655,-0.839755,0.402437,4.110684,0.471185,18.000000,0,156.980694
12.890000,18.124684,0.163363,0.351330,-0.003284,0.001607,0.002806,0.465190,-0.974654,-0.271223,7.310789,-0.611126,18.128824,1.110486,0.516312,-2.085141,0.660897,2.656912,-0.086432,-0.064311,0.312824,-0.838674,0.400511,4.105940,0.471185,18.000000,0,156.799528
12.900000,18.122734,0.163101,0.351666,-0.003273,0.001608,0.002790,0.463302,-0.973733,-0.269620,7.304208,-0.610374,18.126880,1.111668,0.515541,-2.085401,0.660901,2.658431,-0.086758,-0.063946,0.312993,-0.837592,0.398592,4.101197,0.471185,18.000000,0,156.618381
12.910000,18.120784,0.162841,0.352003,-0.003263,0.001609,0.002774,0.461421,-0.972810,-0.268026,7.297626,-0.609618,18.124935,1.112851,0.514772,-2.085661,0.660905,2.659950,-0.087082,-0.063582,0.313162,-0.836509,0.396679,4.096454,0.471185,18.000000,0,156.437254
12.920000,18.118834,0.162580,0.352339,-0.003252,0.001611,0.002758,0.459546,-0.971887,-0.266441,7.291044,-0.608861,18.122989,1.114034,0.514004,-2.085921,0.660909,2.661470,-0.087406,-0.063219,0.313332,-0.835427,0.394772,4.091711,0.471185,18.000000,0,156.256146
12.930000,18.116883,0.162321,0.352676,-0.003241,0.001612,0.002743,0.457677,-0.970963,-0.264865,7.284461,-0.608100,18.121043,1.115218,0.513239,-2.086181,0.660913,2.662990,-0.087728,-0.062858,0.313503,-0.834343,0.392873,4.086969,0.471185,18.000000,0,156.075058
12.940000,18.114932,0.162062,0.353012,-0.003231,0.001613,0.002727,0.455814,-0.970039,-0.263298,7.277879,-0.607338,18.119096,1.116402,0.512476,-2.086441,0.660918,2.664511,-0.088049,-0.062497,0.313674,-0.833260,0.390979,4.082228,0.471185,18.000000,0,155.893989
12.950000,18.112980,0.161804,0.353349,-0.003220,0.001614,0.002711,0.453958,-0.969114,-0.261740,7.271296,-0.606573,18.117149,1.117587,0.511714,-2.086701,0.660922,2.666032,-0.088369,-0.062138,0.313845,-0.832176,0.389092,4.077487,0.471185,18.000000,0,155.712940
12.960000,18.111027,0.161546,0.353686,-0.003209,0.001615,0.002696,0.452107,-0.968188,-0.260191,7.264712,-0.605805,18.115201,1.118773,0.510955,-2.086961,0.660926,2.667554,-0.088688,-0.061779,0.314017,-0.831092,0.387212,4.072746,0.471185,18.000000,0,155.531910
12.970000,18.109074,0.161289,0.354023,-0.003199,0.001616,0.002680,0.450263,-0.967262,-0.258650,7.258128,-0.605035,18.113253,1.119959,0.510197,-2.087221,0.660930,2.669076,-0.089006,-0.061422,0.314189,-0.830008,0.385337,4.068006,0.471185,18.000000,0,155.350900
12.980000,18.107121,0.161033,0.354360,-0.003188,0.001617,0.002665,0.448425,-0.966335,-0.257119,7.251544,-0.604263,18.111304,1.121145,0.509441,-2.087481,0.660934,2.670598,-0.089323,-0.061066,0.314361,-0.828924,0.383470,4.063267,0.471185,18.000000,0,155.169909
12.990000,18.105167,0.160778,0.354697,-0.003177,0.001618,0.002649,0.446593,-0.965408,-0.255597,7.244959,-0.603488,18.109355,1.122332,0.508687,-2.087740,0.660938,2.672121,-0.089639,-0.060711,0.314534,-0.827839,0.381608,4.058528,0.471185,18.000000,0,154.988938
13.000000,18.103212,0.160523,0.355034,-0.003167,0.001619,0.002634,0.444767,-0.964480,-0.254084,7.238374,-0.602711,18.107405,1.123520,0.507935,-2.088000,0.660942,2.673645,-0.089954,-0.060357,0.314708,-0.826753,0.379754,4.053790,0.471185,18.000000,0,154.807986
13.010000,18.101257,0.160268,0.355371,-0.003156,0.001620,0.002618,0.442947,-0.963551,-0.252579,7.231789,-0.601932,18.105455,1.124708,0.507186,-2.088259,0.660946,2.675169,-0.090267,-0.060004,0.314882,-0.825668,0.377905,4.049052,0.471185,18.000000,0,154.627054
13.020000,18.099302,0.160015,0.355708,-0.003146,0.001622,0.002603,0.441133,-0.962622,-0.251083,7.225204,-0.601150,18.103504,1.125897,0.506438,-2.088518,0.660950,2.676693,-0.090580,-0.059652,0.315056,-0.824582,0.376063,4.044315,0.471185,18.000000,0,154.446141
13.030000,18.097346,0.159762,0.356045,-0.003135,0.001623,0.002588,0.439326,-0.961692,-0.249596,7.218618,-0.600366,18.101553,1.127086,0.505691,-2.088777,0.660953,2.678218,-0.090891,-0.059302,0.315231,-0.823496,0.374227,4.039578,0.471185,18.000000,0,154.265248
13.040000,18.095389,0.159510,0.356383,-0.003125,0.001624,0.002572,0.437524,-0.960761,-0.248118,7.212031,-0.599580,18.099601,1.128275,0.504947,-2.089036,0.660957,2.679743,-0.091201,-0.058952,0.315406,-0.822409,0.372398,4.034841,0.471185,18.000000,0,154.084375
13.050000,18.093432,0.159258,0.356720,-0.003114,0.001625,0.002557,0.435729,-0.959830,-0.246649,7.205445,-0.598792,18.097649,1.129466,0.504205,-2.089295,0.660961,2.681269,-0.091511,-0.058603,0.315582,-0.821323,0.370575,4.030106,0.471185,18.000000,0,153.903521
13.060000,18.091475,0.159007,0.357058,-0.003104,0.001626,0.002542,0.433939,-0.958898,-0.245188,7.198858,-0.598001,18.095697,1.130656,0.503465,-2.089554,0.660965,2.682795,-0.091819,-0.058256,0.315758,-0.820236,0.368758,4.025370,0.471185,18.000000,0,153.722686
13.070000,18.089517,0.158757,0.357395,-0.003093,0.001627,0.002527,0.432156,-0.957966,-0.243736,7.192270,-0.597208,18.093743,1.131847,0.502726,-2.089813,0.660969,2.684322,-0.092126,-0.057910,0.315935,-0.819148,0.366948,4.020635,0.471185,18.000000,0,153.541871
13.080000,18.087558,0.158507,0.357733,-0.003083,0.001628,0.002512,0.430378,-0.957032,-0.242292,7.185682,-0.596413,18.091790,1.133039,0.501990,-2.090072,0.660972,2.685849,-0.092432,-0.057564,0.316112,-0.818061,0.365144,4.015901,0.471185,18.000000,0,153.361076
13.090000,18.085599,0.158258,0.358071,-0.003073,0.001629,0.002497,0.428607,-0.956099,-0.240857,7.179094,-0.595616,18.089836,1.134231,0.501255,-2.090330,0.660976,2.687376,-0.092737,-0.057220,0.316289,-0.816973,0.363346,4.011167,0.471185,18.000000,0,153.180300
13.100000,18.083640,0.158009,0.358408,-0.003062,0.001630,0.002482,0.426842,-0.955165,-0.239431,7.172506,-0.594817,18.087882,1.135424,0.500522,-2.090589,0.660980,2.688904,-0.093040,-0.056877,0.316467,-0.815884,0.361554,4.006434,0.471185,18.000000,0,152.999544
13.110000,18.081680,0.157762,0.358746,-0.003052,0.001631,0.002467,0.425082,-0.954230,-0.238013,7.165917,-0.594016,18.085927,1.136617,0.499792,-2.090847,0.660983,2.690432,-0.093343,-0.056535,0.316645,-0.814796,0.359769,4.001701,0.471185,18.000000,0,152.818807
13.120000,18.079720,0.157515,0.359084,-0.003041,0.001632,0.002452,0.423329,-0.953294,-0.236604,7.159328,-0.593213,18.083971,1.137811,0.499063,-2.091105,0.660987,2.691961,-0.093645,-0.056194,0.316824,-0.813707,0.357990,3.996969,0.471185,18.000000,0,152.638090
13.130000,18.077759,0.157268,0.359422,-0.003031,0.001633,0.002437,0.421582,-0.952358,-0.235203,7.152739,-0.592407,18.082016,1.139005,0.498336,-2.091364,0.660991,2.693490,-0.093945,-0.055855,0.317003,-0.812618,0.356218,3.992237,0.471185,18.000000,0,152.457392
13.140000,18.075798,0.157022,0.359760,-0.003021,0.001634,0.002422,0.419840,-0.951422,-0.233811,7.146149,-0.591600,18.080060,1.140200,0.497611,-2.091622,0.660994,2.695019,-0.094245,-0.055516,0.317183,-0.811529,0.354451,3.987506,0.471185,18.000000,0,152.276715
13.150000,18.073836,0.156777,0.360098,-0.003010,0.001635,0.002408,0.418105,-0.950484,-0.232427,7.139559,-0.590790,18.078103,1.141395,0.496887,-2.091880,0.660998,2.696549,-0.094543,-0.055178,0.317363,-0.810439,0.352691,3.982775,0.471185,18.000000,0,152.096056
13.160000,18.071874,0.156533,0.360437,-0.003000,0.001636,0.002393,0.416375,-0.949546,-0.231052,7.132969,-0.589979,18.076146,1.142591,0.496166,-2.092138,0.661001,2.698080,-0.094841,-0.054842,0.317543,-0.809349,0.350937,3.978045,0.471185,18.000000,0,151.915417
13.170000,18.069912,0.156289,0.360775,-0.002990,0.001637,0.002378,0.414652,-0.948608,-0.229685,7.126378,-0.589165,18.074189,1.143787,0.495447,-2.092395,0.661005,2.699610,-0.095137,-0.054506,0.317724,-0.808259,0.349189,3.973316,0.471185,18.000000,0,151.734798
13.180000,18.067949,0.156045,0.361113,-0.002979,0.001638,0.002364,0.412934,-0.947669,-0.228327,7.119787,-0.588350,18.072231,1.144984,0.494729,-2.092653,0.661008,2.701141,-0.095433,-0.054172,0.317905,-0.807168,0.347448,3.968586,0.471185,18.000000,0,151.554199
13.190000,18.065985,0.155803,0.361452,-0.002969,0.001639,0.002349,0.411223,-0.946729,-0.226976,7.113196,-0.587533,18.070272,1.146181,0.494013,-2.092911,0.661012,2.702673,-0.095727,-0.053838,0.318087,-0.806078,0.345712,3.963858,0.471185,18.000000,0,151.373619
13.200000,18.064021,0.155561,0.361790,-0.002959,0.001640,0.002335,0.409517,-0.945789,-0.225635,7.106604,-0.586713,18.068314,1.147379,0.493300,-2.093168,0.661015,2.704205,-0.096020,-0.053506,0.318269,-0.804986,0.343983,3.959130,0.471185,18.000000,0,151.193059
13.210000,18.062057,0.155320,0.362129,-0.002949,0.001641,0.002320,0.407817,-0.944848,-0.224301,7.100012,-0.585892,18.066355,1.148577,0.492588,-2.093426,0.661018,2.705737,-0.096312,-0.053175,0.318452,-0.803895,0.342260,3.954402,0.471185,18.000000,0,151.012518
13.220000,18.060093,0.155079,0.362467,-0.002939,0.001642,0.002306,0.406123,-0.943907,-0.222976,7.093419,-0.585069,18.064395,1.149776,0.491878,-2.093683,0.661022,2.707270,-0.096603,-0.052845,0.318635,-0.802804,0.340544,3.949675,0.471185,18.000000,0,150.831997
13.230000,18.058128,0.154839,0.362806,-0.002928,0.001643,0.002291,0.404435,-0.942965,-0.221659,7.086827,-0.584244,18.062435,1.150975,0.491170,-2.093940,0.661025,2.708803,-0.096893,-0.052516,0.318819,-0.801712,0.338833,3.944948,0.471185,18.000000,0,150.651495
13.240000,18.056162,0.154599,0.363145,-0.002918,0.001644,0.002277,0.402753,-0.942022,-0.220350,7.080234,-0.583417,18.060475,1.152175,0.490464,-2.094197,0.661028,2.710336,-0.097182,-0.052188,0.319003,-0.800620,0.337128,3.940222,0.471185,18.000000,0,150.471013
13.250000,18.054196,0.154361,0.363483,-0.002908,0.001645,0.002263,0.401077,-0.941079,-0.219049,7.073640,-0.582589,18.058515,1.153375,0.489759,-2.094454,0.661032,2.711870,-0.097470,-0.051861,0.319187,-0.799527,0.335430,3.935497,0.471185,18.000000,0,150.290551
13.260000,18.052230,0.154123,0.363822,-0.002898,0.001647,0.002249,0.399406,-0.940136,-0.217757,7.067047,-0.581759,18.056554,1.154575,0.489057,-2.094711,0.661035,2.713404,-0.097757,-0.051535,0.319372,-0.798435,0.333738,3.930772,0.471185,18.000000,0,150.110109
13.270000,18.050263,0.153885,0.364161,-0.002888,0.001648,0.002234,0.397742,-0.939191,-0.216472,7.060453,-0.580927,18.054592,1.155776,0.488356,-2.094968,0.661038,2.714938,-0.098043,-0.051210,0.319557,-0.797342,0.332052,3.926047,0.471185,18.000000,0,149.929686
13.280000,18.048296,0.153648,0.364500,-0.002878,0.001649,0.002220,0.396083,-0.938246,-0.215196,7.053859,-0.580093,18.052630,1.156978,0.487658,-2.095224,0.661041,2.716473,-0.098327,-0.050886,0.319743,-0.796249,0.330372,3.921323,0.471185,18.000000,0,149.749282
13.290000,18.046329,0.153412,0.364839,-0.002868,0.001650,0.002206,0.394430,-0.937301,-0.213928,7.047264,-0.579257,18.050668,1.158180,0.486961,-2.095481,0.661044,2.718008,-0.098611,-0.050564,0.319929,-0.795155,0.328698,3.916599,0.471185,18.000000,0,149.568899
13.300000,18.044361,0.153176,0.365178,-0.002857,0.001651,0.002192,0.392783,-0.936355,-0.212668,7.040669,-0.578420,18.048706,1.159382,0.486266,-2.095737,0.661047,2.719544,-0.098894,-0.050242,0.320115,-0.794062,0.327030,3.911876,0.471185,18.000000,0,149.388535
13.310000,18.042393,0.152941,0.365517,-0.002847,0.001652,0.002178,0.391142,-0.935408,-0.211416,7.034074,-0.577581,18.046743,1.160585,0.485573,-2.095994,0.661050,2.721080,-0.099176,-0.049922,0.320302,-0.792968,0.325368,3.907154,0.471185,18.000000,0,149.208190
13.320000,18.040424,0.152707,0.365856,-0.002837,0.001652,0.002164,0.389506,-0.934461,-0.210171,7.027478,-0.576740,18.044780,1.161788,0.484882,-2.096250,0.661053,2.722616,-0.099456,-0.049602,0.320489,-0.791874,0.323712,3.902432,0.471185,18.000000,0,149.027866
13.330000,18.038455,0.152473,0.366196,-0.002827,0.001653,0.002150,0.387876,-0.933514,-0.208935,7.020882,-0.575898,18.042816,1.162992,0.484192,-2.096506,0.661056,2.724153,-0.099736,-0.049284,0.320677,-0.790779,0.322063,3.897711,0.471185,18.000000,0,148.847560
13.340000,18.036486,0.152240,0.366535,-0.002817,0.001654,0.002137,0.386252,-0.932565,-0.207707,7.014286,-0.575054,18.040852,1.164196,0.483505,-2.096762,0.661059,2.725690,-0.100014,-0.048966,0.320866,-0.789685,0.320419,3.892990,0.471185,18.000000,0,148.667275
13.350000,18.034516,0.152008,0.366874,-0.002807,0.001655,0.002123,0.384634,-0.931616,-0.206487,7.007690,-0.574208,18.038888,1.165401,0.482819,-2.097018,0.661062,2.727227,-0.100292,-0.048650,0.321054,-0.788590,0.318781,3.888269,0.471185,18.000000,0,148.487009
13.360000,18.032546,0.151776,0.367214,-0.002797,0.001656,0.002109,0.383022,-0.930667,-0.205275,7.001093,-0.573361,18.036924,1.166606,0.482135,-2.097273,0.661065,2.728764,-0.100568,-0.048335,0.321243,-0.787495,0.317150,3.883549,0.471185,18.000000,0,148.306763
13.370000,18.030576,0.151545,0.367553,-0.002787,0.001657,0.002095,0.381415,-0.929717,-0.204070,6.994496,-0.572512,18.034959,1.167812,0.481453,-2.097529,0.661068,2.730302,-0.100844,-0.048021,0.321433,-0.786400,0.315524,3.878830,0.471185,18.000000,0,148.126537
13.380000,18.028605,0.151314,0.367892,-0.002778,0.001658,0.002082,0.379814,-0.928767,-0.202873,6.987899,-0.571661,18.032993,1.169018,0.480773,-2.097784,0.661071,2.731841,-0.101118,-0.047708,0.321623,-0.785304,0.313904,3.874111,0.471185,18.000000,0,147.946330
13.390000,18.026634,0.151084,0.368232,-0.002768,0.001659,0.002068,0.378219,-0.927816,-0.201685,6.981301,-0.570810,18.031028,1.170224,0.480095,-2.098040,0.661073,2.733379,-0.101392,-0.047395,0.321813,-0.784208,0.312290,3.869393,0.471185,18.000000,0,147.766143
13.400000,18.024663,0.150855,0.368572,-0.002758,0.001660,0.002054,0.376630,-0.926864,-0.200503,6.974703,-0.569956,18.029062,1.171431,0.479418,-2.098295,0.661076,2.734918,-0.101664,-0.047084,0.322004,-0.783112,0.310683,3.864675,0.471185,18.000000,0,147.585976
13.410000,18.022691,0.150626,0.368911,-0.002748,0.001661,0.002041,0.375046,-0.925912,-0.199330,6.968105,-0.569101,18.027096,1.172639,0.478744,-2.098550,0.661079,2.736457,-0.101936,-0.046774,0.322195,-0.782016,0.309081,3.859957,0.471185,18.000000,0,147.405828
13.420000,18.020719,0.150398,0.369251,-0.002738,0.001662,0.002027,0.373468,-0.924959,-0.198165,6.961506,-0.568245,18.025129,1.173846,0.478071,-2.098805,0.661081,2.737997,-0.102206,-0.046465,0.322387,-0.780920,0.307485,3.855241,0.471185,18.000000,0,147.225700
13.430000,18.018747,0.150171,0.369591,-0.002728,0.001663,0.002014,0.371895,-0.924006,-0.197007,6.954907,-0.567387,18.023163,1.175055,0.477400,-2.099060,0.661084,2.739536,-0.102475,-0.046158,0.322579,-0.779823,0.305895,3.850524,0.471185,18.000000,0,147.045592
13.440000,18.016774,0.149944,0.369930,-0.002718,0.001664,0.002001,0.370329,-0.923052,-0.195857,6.948308,-0.566527,18.021195,1.176263,0.476731,-2.099315,0.661087,2.741077,-0.102744,-0.045851,0.322771,-0.778726,0.304311,3.845809,0.471185,18.000000,0,146.865503
13.450000,18.014801,0.149718,0.370270,-0.002709,0.001665,0.001987,0.368768,-0.922098,-0.194714,6.941708,-0.565666,18.019228,1.177472,0.476064,-2.099570,0.661089,2.742617,-0.103011,-0.045545,0.322964,-0.777629,0.302733,3.841093,0.471185,18.000000,0,146.685434
13.460000,18.012828,0.149492,0.370610,-0.002699,0.001666,0.001974,0.367212,-0.921143,-0.193579,6.935109,-0.564804,18.017260,1.178682,0.475399,-2.099824,0.661092,2.744158,-0.103277,-0.045240,0.323157,-0.776531,0.301161,3.836379,0.471185,18.000000,0,146.505385
13.470000,18.010854,0.149267,0.370950,-0.002689,0.001667,0.001961,0.365662,-0.920187,-0.192452,6.928509,-0.563941,18.015292,1.179892,0.474735,-2.100079,0.661094,2.745699,-0.103543,-0.044936,0.323351,-0.775434,0.299595,3.831664,0.471185,18.000000,0,146.325356
13.480000,18.008880,0.149043,0.371290,-0.002679,0.001668,0.001948,0.364118,-0.919231,-0.191332,6.921908,-0.563075,18.013324,1.181102,0.474074,-2.100333,0.661097,2.747240,-0.103807,-0.044634,0.323545,-0.774336,0.298034,3.826951,0.471185,18.000000,0,146.145346
13.490000,18.006906,0.148819,0.371630,-0.002670,0.001669,0.001934,0.362580,-0.918275,-0.190220,6.915308,-0.562209,18.011355,1.182313,0.473414,-2.100587,0.661099,2.748782,-0.104070,-0.044332,0.323740,-0.773238,0.296479,3.822237,0.471185,18.000000,0,145.965356
13.500000,18.004932,0.148596,0.371970,-0.002660,0.001670,0.001921,0.361047,-0.917317,-0.189116,6.908707,-0.561341,18.009387,1.183524,0.472756,-2.100841,0.661101,2.750323,-0.104333,-0.044031,0.323935,-0.772140,0.294931,3.817525,0.471185,18.000000,0,145.785385
13.510000,18.002957,0.148374,0.372310,-0.002650,0.001671,0.001908,0.359520,-0.916360,-0.188019,6.902105,-0.560472,18.007418,1.184735,0.472099,-2.101095,0.661104,2.751866,-0.104594,-0.043732,0.324130,-0.771041,0.293388,3.812812,0.471185,18.000000,0,145.605435
13.520000,18.000982,0.148152,0.372650,-0.002640,0.001672,0.001895,0.357998,-0.915402,-0.186929,6.895504,-0.559602,18.005448,1.185947,0.471445,-2.101349,0.661106,2.753408,-0.104854,-0.043433,0.324326,-0.769943,0.291851,3.808101,0.471185,18.000000,0,145.425504
13.530000,17.999006,0.147931,0.372990,-0.002631,0.001673,0.001882,0.356482,-0.914443,-0.185847,6.888902,-0.558730,18.003479,1.187160,0.470792,-2.101603,0.661108,2.754951,-0.105114,-0.043135,0.324522,-0.768844,0.290319,3.803390,0.471185,18.000000,0,145.245592
13.540000,17.997031,0.147710,0.373330,-0.002621,0.001674,0.001869,0.354971,-0.913484,-0.184772,6.882300,-0.557857,18.001509,1.188373,0.470141,-2.101856,0.661111,2.756494,-0.105372,-0.042839,0.324719,-0.767745,0.288794,3.798679,0.471185,18.000000,0,145.065701
13.550000,17.995055,0.147490,0.373670,-0.002611,0.001674,0.001856,0.353466,-0.912524,-0.183705,6.875698,-0.556983,17.999538,1.189586,0.469493,-2.102110,0.661113,2.758037,-0.105629,-0.042543,0.324916,-0.766646,0.287274,3.793969,0.471185,18.000000,0,144.885829
13.560000,17.993079,0.147271,0.374011,-0.002602,0.001675,0.001843,0.351967,-0.911564,-0.182645,6.869095,-0.556107,17.997568,1.190799,0.468845,-2.102363,0.661115,2.759580,-0.105886,-0.042249,0.325114,-0.765546,0.285760,3.789259,0.471185,18.000000,0,144.705977
13.570000,17.991102,0.147052,0.374351,-0.002592,0.001676,0.001831,0.350473,-0.910603,-0.181592,6.862492,-0.555231,17.995597,1.192013,0.468200,-2.102616,0.661117,2.761124,-0.106141,-0.041955,0.325312,-0.764447,0.284252,3.784550,0.471185,18.000000,0,144.526145
13.580000,17.989126,0.146834,0.374691,-0.002583,0.001677,0.001818,0.348985,-0.909642,-0.180547,6.855889,-0.554353,17.993626,1.193228,0.467556,-2.102869,0.661119,2.762668,-0.106395,-0.041663,0.325510,-0.763347,0.282750,3.779842,0.471185,18.000000,0,144.346332
13.590000,17.987149,0.146616,0.375032,-0.002573,0.001678,0.001805,0.347502,-0.908680,-0.179509,6.849285,-0.553474,17.991655,1.194443,0.466915,-2.103122,0.661121,2.764212,-0.106649,-0.041372,0.325709,-0.762247,0.281253,3.775134,0.471185,18.000000,0,144.166539
13.600000,17.985171,0.146399,0.375372,-0.002564,0.001679,0.001793,0.346024,-0.907717,-0.178478,6.842682,-0.552594,17.989684,1.195658,0.466275,-2.103375,0.661123,2.765757,-0.106901,-0.041081,0.325908,-0.761147,0.279762,3.770426,0.471185,18.000000,0,143.986766
13.610000,17.983194,0.146183,0.375712,-0.002554,0.001680,0.001780,0.344553,-0.906755,-0.177455,6.836078,-0.551712,17.987712,1.196873,0.465637,-2.103628,0.661125,2.767302,-0.107153,-0.040792,0.326108,-0.760046,0.278277,3.765719,0.471185,18.000000,0,143.807013
13.620000,17.981216,0.145967,0.376053,-0.002545,0.001681,0.001767,0.343086,-0.905791,-0.176438,6.829473,-0.550830,17.985741,1.198089,0.465000,-2.103880,0.661127,2.768847,-0.107403,-0.040504,0.326308,-0.758946,0.276798,3.761013,0.471185,18.000000,0,143.627279
13.630000,17.979238,0.145752,0.376393,-0.002535,0.001682,0.001755,0.341625,-0.904827,-0.175429,6.822869,-0.549946,17.983768,1.199306,0.464366,-2.104133,0.661129,2.770392,-0.107653,-0.040216,0.326508,-0.757845,0.275324,3.756307,0.471185,18.000000,0,143.447565
13.640000,17.977260,0.145537,0.376734,-0.002526,0.001683,0.001742,0.340170,-0.903863,-0.174428,6.816264,-0.549061,17.981796,1.200522,0.463733,-2.104385,0.661131,2.771937,-0.107901,-0.039930,0.326709,-0.756744,0.273856,3.751601,0.471185,18.000000,0,143.267871
13.650000,17.975282,0.145323,0.377074,-0.002516,0.001684,0.001730,0.338720,-0.902898,-0.173433,6.809659,-0.548175,17.979824,1.201739,0.463102,-2.104637,0.661132,2.773483,-0.108149,-0.039645,0.326910,-0.755643,0.272394,3.746896,0.471185,18.000000,0,143.088196
13.660000,17.973303,0.145110,0.377415,-0.002507,0.001684,0.001717,0.337276,-0.901932,-0.172445,6.803053,-0.547288,17.977851,1.202957,0.462473,-2.104889,0.661134,2.775029,-0.108395,-0.039360,0.327112,-0.754541,0.270937,3.742192,0.471185,18.000000,0,142.908542
13.670000,17.971324,0.144897,0.377756,-0.002497,0.001685,0.001705,0.335836,-0.900966,-0.171465,6.796448,-0.546400,17.975878,1.204175,0.461845,-2.105141,0.661136,2.776575,-0.108641,-0.039077,0.327314,-0.753440,0.269486,3.737488,0.471185,18.000000,0,142.728907
13.680000,17.969345,0.144685,0.378096,-0.002488,0.001686,0.001693,0.334403,-0.900000,-0.170491,6.789842,-0.545511,17.973905,1.205393,0.461220,-2.105393,0.661138,2.778121,-0.108885,-0.038795,0.327517,-0.752338,0.268040,3.732785,0.471185,18.000000,0,142.549291
13.690000,17.967366,0.144473,0.378437,-0.002479,0.001687,0.001680,0.332975,-0.899033,-0.169525,6.783235,-0.544621,17.971932,1.206611,0.460596,-2.105644,0.661139,2.779668,-0.109129,-0.038513,0.327720,-0.751237,0.266601,3.728082,0.471185,18.000000,0,142.369696
13.700000,17.965387,0.144262,0.378778,-0.002469,0.001688,0.001668,0.331552,-0.898066,-0.168565,6.776629,-0.543730,17.969958,1.207830,0.459974,-2.105896,0.661141,2.781215,-0.109372,-0.038233,0.327923,-0.750135,0.265166,3.723379,0.471185,18.000000,0,142.190120
13.710000,17.963407,0.144052,0.379118,-0.002460,0.001689,0.001656,0.330134,-0.897098,-0.167613,6.770022,-0.542838,17.967985,1.209050,0.459353,-2.106147,0.661142,2.782762,-0.109613,-0.037954,0.328127,-0.749032,0.263738,3.718677,0.471185,18.000000,0,142.010564
13.720000,17.961427,0.143842,0.379459,-0.002451,0.001690,0.001644,0.328722,-0.896129,-0.166668,6.763415,-0.541945,17.966011,1.210269,0.458735,-2.106398,0.661144,2.784309,-0.109854,-0.037675,0.328331,-0.747930,0.262315,3.713976,0.471185,18.000000,0,141.831028
13.730000,17.959447,0.143633,0.379800,-0.002441,0.001691,0.001632,0.327316,-0.895160,-0.165729,6.756808,-0.541051,17.964037,1.211489,0.458118,-2.106649,0.661145,2.785856,-0.110094,-0.037398,0.328535,-0.746828,0.260897,3.709275,0.471185,18.000000,0,141.651512
13.740000,17.957467,0.143424,0.380141,-0.002432,0.001691,0.001620,0.325914,-0.894191,-0.164798,6.750201,-0.540156,17.962063,1.212710,0.457503,-2.106900,0.661147,2.787404,-0.110333,-0.037122,0.328740,-0.745725,0.259485,3.704575,0.471185,18.000000,0,141.472015
13.750000,17.955486,0.143216,0.380481,-0.002423,0.001692,0.001608,0.324518,-0.893221,-0.163873,6.743593,-0.539260,17.960088,1.213931,0.456890,-2.107151,0.661148,2.788952,-0.110571,-0.036847,0.328946,-0.744622,0.258079,3.699875,0.471185,18.000000,0,141.292538
13.760000,17.953506,0.143009,0.380822,-0.002414,0.001693,0.001596,0.323128,-0.892250,-0.162955,6.736985,-0.538364,17.958114,1.215152,0.456278,-2.107402,0.661150,2.790500,-0.110808,-0.036572,0.329152,-0.743519,0.256678,3.695176,0.471185,18.000000,0,141.113081
13.770000,17.951525,0.142802,0.381163,-0.002404,0.001694,0.001584,0.321742,-0.891279,-0.162044,6.730377,-0.537466,17.956139,1.216373,0.455668,-2.107652,0.661151,2.792048,-0.111044,-0.036299,0.329358,-0.742416,0.255283,3.690477,0.471185,18.000000,0,140.933644
13.780000,17.949544,0.142596,0.381504,-0.002395,0.001695,0.001572,0.320362,-0.890308,-0.161140,6.723768,-0.536568,17.954164,1.217595,0.455060,-2.107903,0.661152,2.793596,-0.111279,-0.036027,0.329565,-0.741313,0.253893,3.685779,0.471185,18.000000,0,140.754226
13.790000,17.947563,0.142390,0.381845,-0.002386,0.001696,0.001560,0.318988,-0.889336,-0.160243,6.717159,-0.535668,17.952189,1.218817,0.454454,-2.108153,0.661154,2.795145,-0.111513,-0.035755,0.329772,-0.740209,0.252509,3.681081,0.471185,18.000000,0,140.574828
13.800000,17.945582,0.142185,0.382186,-0.002377,0.001697,0.001548,0.317618,-0.888363,-0.159352,6.710550,-0.534768,17.950214,1.220039,0.453850,-2.108403,0.661155,2.796694,-0.111746,-0.035485,0.329979,-0.739106,0.251131,3.676384,0.471185,18.000000,0,140.395450
13.810000,17.943600,0.141981,0.382527,-0.002368,0.001697,0.001537,0.316254,-0.887391,-0.158469,6.703941,-0.533867,17.948239,1.221262,0.453247,-2.108653,0.661156,2.798243,-0.111978,-0.035216,0.330187,-0.738002,0.249757,3.671688,0.471185,18.000000,0,140.216092
13.820000,17.941618,0.141777,0.382868,-0.002359,0.001698,0.001525,0.314895,-0.886417,-0.157591,6.697332,-0.532965,17.946263,1.222485,0.452646,-2.108903,0.661157,2.799792,-0.112210,-0.034947,0.330395,-0.736898,0.248390,3.666991,0.471185,18.000000,0,140.036753
13.830000,17.939637,0.141574,0.383209,-0.002349,0.001699,0.001513,0.313541,-0.885443,-0.156721,6.690722,-0.532062,17.944288,1.223709,0.452047,-2.109152,0.661158,2.801341,-0.112440,-0.034680,0.330604,-0.735794,0.247027,3.662296,0.471185,18.000000,0,139.857435
13.840000,17.937655,0.141371,0.383550,-0.002340,0.001700,0.001502,0.312193,-0.884469,-0.155857,6.684112,-0.531159,17.942312,1.224933,0.451449,-2.109402,0.661159,2.802890,-0.112670,-0.034414,0.330813,-0.734690,0.245671,3.657601,0.471185,18.000000,0,139.678136
13.850000,17.935673,0.141169,0.383891,-0.002331,0.001701,0.001490,0.310850,-0.883494,-0.155000,6.677502,-0.530255,17.940336,1.226157,0.450853,-2.109651,0.661160,2.804440,-0.112898,-0.034148,0.331023,-0.733585,0.244319,3.652906,0.471185,18.000000,0,139.498856
13.860000,17.933691,0.140967,0.384232,-0.002322,0.001702,0.001478,0.309512,-0.882519,-0.154150,6.670891,-0.529350,17.938360,1.227381,0.450259,-2.109900,0.661161,2.805990,-0.113126,-0.033884,0.331233,-0.732481,0.242973,3.648212,0.471185,18.000000,0,139.319597
13.870000,17.931708,0.140766,0.384573,-0.002313,0.001702,0.001467,0.308179,-0.881543,-0.153306,6.664280,-0.528444,17.936384,1.228606,0.449667,-2.110149,0.661162,2.807540,-0.113352,-0.033620,0.331443,-0.731376,0.241633,3.643518,0.471185,18.000000,0,139.140357
13.880000,17.929726,0.140566,0.384914,-0.002304,0.001703,0.001456,0.306852,-0.880567,-0.152469,6.657669,-0.527538,17.934408,1.229831,0.449076,-2.110398,0.661163,2.809090,-0.113578,-0.033358,0.331654,-0.730272,0.240298,3.638825,0.471185,18.000000,0,138.961137
13.890000,17.927743,0.140366,0.385255,-0.002295,0.001704,0.001444,0.305530,-0.879590,-0.151638,6.651058,-0.526631,17.932432,1.231057,0.448487,-2.110647,0.661163,2.810640,-0.113803,-0.033096,0.331865,-0.729167,0.238968,3.634133,0.471185,18.000000,0,138.781937
13.900000,17.925761,0.140167,0.385596,-0.002286,0.001705,0.001433,0.304213,-0.878613,-0.150814,6.644447,-0.525723,17.930455,1.232283,0.447900,-2.110895,0.661164,2.812190,-0.114027,-0.032836,0.332076,-0.728062,0.237644,3.629441,0.471185,18.000000,0,138.602757
13.910000,17.923778,0.139968,0.385937,-0.002277,0.001706,0.001421,0.302901,-0.877635,-0.149996,6.637835,-0.524814,17.928479,1.233509,0.447315,-2.111144,0.661165,2.813741,-0.114250,-0.032576,0.332288,-0.726957,0.236325,3.624749,0.471185,18.000000,0,138.423596
13.920000,17.921795,0.139770,0.386278,-0.002268,0.001706,0.001410,0.301594,-0.876657,-0.149185,6.631223,-0.523905,17.926502,1.234735,0.446731,-2.111392,0.661166,2.815291,-0.114472,-0.032317,0.332501,-0.725852,0.235011,3.620058,0.471185,18.000000,0,138.244456
13.930000,17.919812,0.139573,0.386619,-0.002259,0.001707,0.001399,0.300292,-0.875678,-0.148380,6.624611,-0.522996,17.924525,1.235962,0.446149,-2.111640,0.661166,2.816842,-0.114693,-0.032060,0.332713,-0.724746,0.233703,3.615368,0.471185,18.000000,0,138.065335
13.940000,17.917829,0.139376,0.386960,-0.002250,0.001708,0.001388,0.298996,-0.874699,-0.147582,6.617999,-0.522085,17.922549,1.237189,0.445569,-2.111888,0.661167,2.818393,-0.114913,-0.031803,0.332927,-0.723641,0.232400,3.610678,0.471185,18.000000,0,137.886234
13.950000,17.915845,0.139180,0.387301,-0.002242,0.001709,0.001377,0.297705,-0.873720,-0.146790,6.611386,-0.521174,17.920572,1.238416,0.444990,-2.112136,0.661167,2.819944,-0.115132,-0.031547,0.333140,-0.722535,0.231102,3.605989,0.471185,18.000000,0,137.707152
13.960000,17.913862,0.138984,0.387642,-0.002233,0.001710,0.001365,0.296418,-0.872740,-0.146004,6.604773,-0.520263,17.918595,1.239644,0.444413,-2.112384,0.661168,2.821495,-0.115351,-0.031293,0.333354,-0.721429,0.229810,3.601300,0.471185,18.000000,0,137.528091
13.970000,17.911879,0.138789,0.387984,-0.002224,0.001710,0.001354,0.295137,-0.871760,-0.145225,6.598160,-0.519350,17.916618,1.240872,0.443838,-2.112631,0.661168,2.823046,-0.115568,-0.031039,0.333568,-0.720323,0.228523,3.596611,0.471185,18.000000,0,137.349049
13.980000,17.909895,0.138594,0.388325,-0.002215,0.001711,0.001343,0.293861,-0.870779,-0.144452,6.591547,-0.518438,17.914641,1.242100,0.443265,-2.112879,0.661169,2.824598,-0.115785,-0.030786,0.333783,-0.719218,0.227241,3.591924,0.471185,18.000000,0,137.170027
13.990000,17.907912,0.138400,0.388666,-0.002206,0.001712,0.001332,0.292590,-0.869797,-0.143686,6.584933,-0.517524,17.912663,1.243328,0.442693,-2.113126,0.661169,2.826149,-0.116000,-0.030534,0.333998,-0.718111,0.225965,3.587236,0.471185,18.000000,0,136.991025
14.000000,17.905928,0.138206,0.389007,-0.002197,0.001713,0.001321,0.291324,-0.868816,-0.142926,6.578320,-0.516610,17.910686,1.244557,0.442123,-2.113373,0.661169,2.827701,-0.116215,-0.030283,0.334214,-0.717005,0.224693,3.582549,0.471185,18.000000,0,136.812042
14.010000,17.903944,0.138014,0.389348,-0.002189,0.001714,0.001310,0.290064,-0.867833,-0.142172,6.571706,-0.515696,17.908709,1.245786,0.441555,-2.113620,0.661170,2.829253,-0.116429,-0.030033,0.334430,-0.715899,0.223427,3.577863,0.471185,18.000000,0,136.633079
14.020000,17.901960,0.137821,0.389689,-0.002180,0.001714,0.001300,0.288808,-0.866851,-0.141424,6.565092,-0.514781,17.906732,1.247016,0.440988,-2.113866,0.661170,2.830804,-0.116642,-0.029784,0.334646,-0.714793,0.222167,3.573177,0.471185,18.000000,0,136.454137
14.030000,17.899977,0.137629,0.390030,-0.002171,0.001715,0.001289,0.287557,-0.865868,-0.140682,6.558477,-0.513866,17.904754,1.248245,0.440423,-2.114113,0.661170,2.832356,-0.116854,-0.029536,0.334863,-0.713686,0.220911,3.568492,0.471185,18.000000,0,136.275214
14.040000,17.897993,0.137438,0.390372,-0.002163,0.001716,0.001278,0.286312,-0.864884,-0.139947,6.551863,-0.512950,17.902777,1.249475,0.439860,-2.114359,0.661170,2.833908,-0.117065,-0.029289,0.335080,-0.712580,0.219661,3.563807,0.471185,18.000000,0,136.096310
14.050000,17.896009,0.137248,0.390713,-0.002154,0.001717,0.001267,0.285071,-0.863900,-0.139218,6.545248,-0.512033,17.900799,1.250706,0.439298,-2.114605,0.661170,2.835460,-0.117275,-0.029043,0.335298,-0.711473,0.218416,3.559123,0.471185,18.000000,0,135.917427
14.060000,17.894025,0.137057,0.391054,-0.002145,0.001717,0.001257,0.283835,-0.862915,-0.138495,6.538633,-0.511116,17.898822,1.251936,0.438738,-2.114851,0.661170,2.837013,-0.117485,-0.028797,0.335516,-0.710366,0.217176,3.554439,0.471185,18.000000,0,135.738563
14.070000,17.892041,0.136868,0.391395,-0.002137,0.001718,0.001246,0.282605,-0.861931,-0.137778,6.532018,-0.510199,17.896844,1.253167,0.438180,-2.115097,0.661170,2.838565,-0.117693,-0.028553,0.335734,-0.709259,0.215941,3.549756,0.471185,18.000000,0,135.559719
14.080000,17.890056,0.136679,0.391736,-0.002128,0.001719,0.001235,0.281379,-0.860945,-0.137067,6.525402,-0.509281,17.894867,1.254398,0.437623,-2.115343,0.661170,2.840117,-0.117901,-0.028310,0.335953,-0.708152,0.214712,3.545073,0.471185,18.000000,0,135.380895
14.090000,17.888072,0.136491,0.392077,-0.002119,0.001720,0.001225,0.280158,-0.859959,-0.136362,6.518786,-0.508363,17.892889,1.255629,0.437068,-2.115589,0.661170,2.841670,-0.118108,-0.028067,0.336172,-0.707045,0.213487,3.540391,0.471185,18.000000,0,135.202091
14.100000,17.886088,0.136303,0.392419,-0.002111,0.001721,0.001214,0.278943,-0.858973,-0.135663,6.512171,-0.507445,17.890912,1.256861,0.436515,-2.115834,0.661170,2.843222,-0.118313,-0.027826,0.336392,-0.705938,0.212268,3.535710,0.471185,18.000000,0,135.023306
14.110000,17.884104,0.136115,0.392760,-0.002102,0.001721,0.001204,0.277732,-0.857987,-0.134971,6.505554,-0.506526,17.888934,1.258093,0.435963,-2.116079,0.661170,2.844775,-0.118518,-0.027585,0.336612,-0.704831,0.211054,3.531029,0.471185,18.000000,0,134.844541
14.120000,17.882120,0.135929,0.393101,-0.002094,0.001722,0.001193,0.276526,-0.857000,-0.134284,6.498938,-0.505607,17.886956,1.259325,0.435413,-2.116324,0.661170,2.846327,-0.118722,-0.027346,0.336832,-0.703723,0.209845,3.526348,0.471185,18.000000,0,134.665796
14.130000,17.880135,0.135743,0.393442,-0.002085,0.001723,0.001183,0.275325,-0.856012,-0.133603,6.492322,-0.504687,17.884979,1.260557,0.434865,-2.116569,0.661169,2.847880,-0.118926,-0.027107,0.337053,-0.702616,0.208641,3.521668,0.471185,18.000000,0,134.487071
14.140000,17.878151,0.135557,0.393783,-0.002076,0.001724,0.001172,0.274129,-0.855024,-0.132929,6.485705,-0.503767,17.883001,1.261790,0.434318,-2.116814,0.661169,2.849433,-0.119128,-0.026869,0.337274,-0.701508,0.207442,3.516988,0.471185,18.000000,0,134.308366
14.150000,17.876167,0.135372,0.394124,-0.002068,0.001724,0.001162,0.272938,-0.854036,-0.132260,6.479088,-0.502847,17.881023,1.263023,0.433773,-2.117059,0.661168,2.850986,-0.119329,-0.026633,0.337496,-0.700401,0.206248,3.512309,0.471185,18.000000,0,134.129680
14.160000,17.874183,0.135187,0.394466,-0.002059,0.001725,0.001152,0.271752,-0.853047,-0.131597,6.472471,-0.501926,17.879046,1.264256,0.433230,-2.117303,0.661168,2.852539,-0.119530,-0.026397,0.337718,-0.699293,0.205060,3.507631,0.471185,18.000000,0,133.951015
14.170000,17.872198,0.135003,0.394807,-0.002051,0.001726,0.001142,0.270571,-0.852058,-0.130940,6.465854,-0.501005,17.877068,1.265489,0.432688,-2.117547,0.661168,2.854091,-0.119730,-0.026162,0.337940,-0.698185,0.203876,3.502953,0.471185,18.000000,0,133.772369
14.180000,17.870214,0.134820,0.395148,-0.002043,0.001726,0.001131,0.269394,-0.851068,-0.130289,6.459236,-0.500084,17.875091,1.266723,0.432148,-2.117791,0.661167,2.855644,-0.119929,-0.025928,0.338163,-0.697078,0.202698,3.498275,0.471185,18.000000,0,133.593742
14.190000,17.868230,0.134637,0.395489,-0.002034,0.001727,0.001121,0.268223,-0.850078,-0.129643,6.452618,-0.499162,17.873113,1.267957,0.431610,-2.118035,0.661166,2.857197,-0.120127,-0.025694,0.338386,-0.695970,0.201524,3.493598,0.471185,18.000000,0,133.415136
14.200000,17.866245,0.134455,0.395830,-0.002026,0.001728,0.001111,0.267056,-0.849088,-0.129004,6.446001,-0.498240,17.871135,1.269191,0.431073,-2.118279,0.661166,2.858750,-0.120324,-0.025462,0.338609,-0.694862,0.200356,3.488922,0.471185,18.000000,0,133.236549
14.210000,17.864261,0.134273,0.396171,-0.002017,0.001729,0.001101,0.265894,-0.848097,-0.128370,6.439383,-0.497318,17.869158,1.270425,0.430538,-2.118522,0.661165,2.860304,-0.120520,-0.025231,0.338833,-0.693754,0.199192,3.484246,0.471185,18.000000,0,133.057983
14.220000,17.862277,0.134092,0.396512,-0.002009,0.001729,0.001091,0.264737,-0.847106,-0.127742,6.432764,-0.496396,17.867180,1.271660,0.430005,-2.118766,0.661164,2.861857,-0.120715,-0.025001,0.339058,-0.692646,0.198034,3.479570,0.471185,18.000000,0,132.879436
14.230000,17.860293,0.133911,0.396853,-0.002001,0.001730,0.001081,0.263585,-0.846114,-0.127120,6.426146,-0.495473,17.865203,1.272895,0.429473,-2.119009,0.661164,2.863410,-0.120910,-0.024771,0.339282,-0.691537,0.196880,3.474896,0.471185,18.000000,0,132.700908
14.240000,17.858308,0.133731,0.397194,-0.001992,0.001731,0.001071,0.262437,-0.845122,-0.126504,6.419527,-0.494551,17.863226,1.274130,0.428943,-2.119252,0.661163,2.864963,-0.121104,-0.024543,0.339507,-0.690429,0.195732,3.470221,0.471185,18.000000,0,132.522401
14.250000,17.856324,0.133552,0.397535,-0.001984,0.001732,0.001061,0.261295,-0.844129,-0.125893,6.412908,-0.493628,17.861248,1.275365,0.428414,-2.119495,0.661162,2.866516,-0.121296,-0.024315,0.339733,-0.689321,0.194588,3.465547,0.471185,18.000000,0,132.343913
14.260000,17.854340,0.133372,0.397876,-0.001976,0.001732,0.001051,0.260157,-0.843136,-0.125288,6.406289,-0.492705,17.859271,1.276601,0.427887,-2.119737,0.661161,2.868069,-0.121488,-0.024088,0.339959,-0.688213,0.193449,3.460874,0.471185,18.000000,0,132.165445
14.270000,17.852356,0.133194,0.398217,-0.001967,0.001733,0.001041,0.259024,-0.842143,-0.124688,6.399670,-0.491781,17.857294,1.277837,0.427362,-2.119980,0.661160,2.869623,-0.121680,-0.023862,0.340185,-0.687104,0.192316,3.456201,0.471185,18.000000,0,131.986997
14.280000,17.850372,0.133016,0.398558,-0.001959,0.001734,0.001031,0.257896,-0.841149,-0.124095,6.393051,-0.490858,17.855316,1.279073,0.426838,-2.120222,0.661159,2.871176,-0.121870,-0.023638,0.340412,-0.685996,0.191187,3.451529,0.471185,18.000000,0,131.808569
14.290000,17.848388,0.132839,0.398899,-0.001951,0.001734,0.001022,0.256772,-0.840155,-0.123506,6.386431,-0.489934,17.853339,1.280309,0.426316,-2.120464,0.661158,2.872729,-0.122059,-0.023414,0.340639,-0.684887,0.190063,3.446857,0.471185,18.000000,0,131.630160
14.300000,17.846404,0.132662,0.399240,-0.001943,0.001735,0.001012,0.255653,-0.839161,-0.122924,6.379811,-0.489010,17.851362,1.281545,0.425795,-2.120706,0.661157,2.874282,-0.122248,-0.023190,0.340866,-0.683779,0.188944,3.442186,0.471185,18.000000,0,131.451772
14.310000,17.844420,0.132485,0.399581,-0.001935,0.001736,0.001002,0.254539,-0.838166,-0.122347,6.373191,-0.488086,17.849385,1.282782,0.425277,-2.120948,0.661155,2.875836,-0.122436,-0.022968,0.341094,-0.682670,0.187830,3.437515,0.471185,18.000000,0,131.273403
14.320000,17.842436,0.132310,0.399922,-0.001926,0.001736,0.000993,0.253430,-0.837170,-0.121775,6.366571,-0.487162,17.847408,1.284019,0.424759,-2.121189,0.661154,2.877389,-0.122623,-0.022747,0.341322,-0.681561,0.186721,3.432845,0.471185,18.000000,0,131.095053
14.330000,17.840453,0.132134,0.400263,-0.001918,0.001737,0.000983,0.252325,-0.836175,-0.121209,6.359951,-0.486238,17.845431,1.285256,0.424244,-2.121430,0.661153,2.878942,-0.122809,-0.022527,0.341551,-0.680453,0.185617,3.428175,0.471185,18.000000,0,130.916724
14.340000,17.838469,0.131960,0.400604,-0.001910,0.001738,0.000973,0.251226,-0.835179,-0.120649,6.353331,-0.485314,17.843455,1.286493,0.423729,-2.121672,0.661152,2.880495,-0.122994,-0.022307,0.341780,-0.679344,0.184517,3.423506,0.471185,18.000000,0,130.738414
14.350000,17.836485,0.131785,0.400945,-0.001902,0.001738,0.000964,0.250130,-0.834182,-0.120094,6.346710,-0.484390,17.841478,1.287731,0.423217,-2.121913,0.661150,2.882049,-0.123179,-0.022088,0.342009,-0.678235,0.183423,3.418837,0.471185,18.000000,0,130.560125
14.360000,17.834502,0.131612,0.401286,-0.001894,0.001739,0.000954,0.249040,-0.833185,-0.119544,6.340089,-0.483465,17.839501,1.288968,0.422706,-2.122153,0.661149,2.883602,-0.123362,-0.021871,0.342239,-0.677127,0.182333,3.414169,0.471185,18.000000,0,130.381855
14.370000,17.832518,0.131439,0.401627,-0.001886,0.001740,0.000945,0.247954,-0.832188,-0.119000,6.333468,-0.482541,17.837525,1.290206,0.422197,-2.122394,0.661147,2.885155,-0.123545,-0.021654,0.342469,-0.676018,0.181248,3.409501,0.471185,18.000000,0,130.203604
14.380000,17.830535,0.131266,0.401968,-0.001878,0.001740,0.000935,0.246873,-0.831190,-0.118462,6.326847,-0.481617,17.835548,1.291444,0.421689,-2.122634,0.661146,2.886708,-0.123727,-0.021438,0.342700,-0.674909,0.180168,3.404834,0.471185,18.000000,0,130.025374
14.390000,17.828552,0.131094,0.402308,-0.001870,0.001741,0.000926,0.245796,-0.830192,-0.117928,6.320226,-0.480692,17.833572,1.292682,0.421183,-2.122875,0.661144,2.888261,-0.123908,-0.021223,0.342931,-0.673800,0.179092,3.400168,0.471185,18.000000,0,129.847163
14.400000,17.826568,0.130922,0.402649,-0.001862,0.001742,0.000917,0.244724,-0.829194,-0.117400,6.313604,-0.479768,17.831596,1.293921,0.420678,-2.123115,0.661142,2.889814,-0.124088,-0.021009,0.343162,-0.672691,0.178022,3.395502,0.471185,18.000000,0,129.668972
14.410000,17.824585,0.130751,0.402990,-0.001854,0.001742,0.000907,0.243657,-0.828195,-0.116878,6.306982,-0.478843,17.829620,1.295160,0.420175,-2.123355,0.661141,2.891367,-0.124268,-0.020795,0.343394,-0.671582,0.176956,3.390836,0.471185,18.000000,0,129.490801
14.420000,17.822602,0.130581,0.403331,-0.001846,0.001743,0.000898,0.242594,-0.827196,-0.116361,6.300361,-0.477919,17.827644,1.296398,0.419674,-2.123594,0.661139,2.892920,-0.124447,-0.020583,0.343626,-0.670473,0.175895,3.386171,0.471185,18.000000,0,129.312650
14.430000,17.820620,0.130411,0.403671,-0.001838,0.001744,0.000889,0.241536,-0.826196,-0.115849,6.293739,-0.476994,17.825668,1.297637,0.419174,-2.123834,0.661137,2.894473,-0.124624,-0.020371,0.343858,-0.669364,0.174838,3.381506,0.471185,18.000000,0,129.134518
14.440000,17.818637,0.130241,0.404012,-0.001830,0.001744,0.000880,0.240482,-0.825196,-0.115342,6.287117,-0.476070,17.823692,1.298877,0.418676,-2.124073,0.661135,2.896026,-0.124802,-0.020161,0.344091,-0.668255,0.173787,3.376842,0.471185,18.000000,0,128.956406
14.450000,17.816654,0.130072,0.404353,-0.001822,0.001745,0.000871,0.239433,-0.824196,-0.114841,6.280494,-0.475145,17.821717,1.300116,0.418179,-2.124312,0.661133,2.897579,-0.124978,-0.019951,0.344324,-0.667146,0.172740,3.372179,0.471185,18.000000,0,128.778314
14.460000,17.814672,0.129904,0.404693,-0.001814,0.001746,0.000861,0.238389,-0.823195,-0.114344,6.273872,-0.474221,17.819741,1.301356,0.417684,-2.124551,0.661131,2.899132,-0.125153,-0.019742,0.344558,-0.666037,0.171698,3.367516,0.471185,18.000000,0,128.600242
14.470000,17.812689,0.129736,0.405034,-0.001806,0.001746,0.000852,0.237349,-0.822194,-0.113853,6.267249,-0.473296,17.817766,1.302595,0.417190,-2.124790,0.661129,2.900685,-0.125328,-0.019534,0.344792,-0.664928,0.170660,3.362853,0.471185,18.000000,0,128.422189
14.480000,17.810707,0.129569,0.405374,-0.001798,0.001747,0.000843,0.236314,-0.821193,-0.113368,6.260626,-0.472372,17.815791,1.303835,0.416698,-2.125028,0.661127,2.902238,-0.125502,-0.019327,0.345026,-0.663819,0.169628,3.358191,0.471185,18.000000,0,128.244156
14.490000,17.808725,0.129402,0.405715,-0.001790,0.001748,0.000834,0.235283,-0.820191,-0.112887,6.254003,-0.471448,17.813816,1.305075,0.416208,-2.125266,0.661125,2.903790,-0.125675,-0.019120,0.345261,-0.662710,0.168600,3.353530,0.471185,18.000000,0,128.066143
14.500000,17.806743,0.129236,0.406055,-0.001783,0.001748,0.000825,0.234256,-0.819189,-0.112411,6.247380,-0.470524,17.811841,1.306316,0.415719,-2.125505,0.661123,2.905343,-0.125847,-0.018915,0.345496,-0.661600,0.167576,3.348869,0.471185,18.000000,0,127.888150
14.510000,17.804761,0.129070,0.406396,-0.001775,0.001749,0.000816,0.233235,-0.818187,-0.111941,6.240757,-0.469600,17.809866,1.307556,0.415232,-2.125742,0.661121,2.906896,-0.126018,-0.018710,0.345731,-0.660491,0.166557,3.344209,0.471185,18.000000,0,127.710177
14.520000,17.802780,0.128905,0.406736,-0.001767,0.001750,0.000808,0.232217,-0.817184,-0.111476,6.234134,-0.468676,17.807892,1.308796,0.414746,-2.125980,0.661118,2.908448,-0.126189,-0.018507,0.345967,-0.659382,0.165543,3.339549,0.471185,18.000000,0,127.532223
14.530000,17.800798,0.128740,0.407077,-0.001759,0.001750,0.000799,0.231205,-0.816180,-0.111016,6.227510,-0.467753,17.805917,1.310037,0.414262,-2.126218,0.661116,2.910000,-0.126359,-0.018304,0.346204,-0.658273,0.164534,3.334889,0.471185,18.000000,0,127.354289
14.540000,17.798817,0.128576,0.407417,-0.001751,0.001751,0.000790,0.230196,-0.815177,-0.110561,6.220887,-0.466829,17.803943,1.311278,0.413779,-2.126455,0.661113,2.911553,-0.126528,-0.018102,0.346440,-0.657164,0.163529,3.330231,0.471185,18.000000,0,127.176375
14.550000,17.796835,0.128412,0.407757,-0.001744,0.001751,0.000781,0.229192,-0.814173,-0.110111,6.214263,-0.465906,17.801969,1.312519,0.413298,-2.126692,0.661111,2.913105,-0.126696,-0.017901,0.346677,-0.656055,0.162529,3.325572,0.471185,18.000000,0,126.998480
14.560000,17.794854,0.128248,0.408098,-0.001736,0.001752,0.000772,0.228193,-0.813169,-0.109666,6.207639,-0.464982,17.799995,1.313760,0.412818,-2.126929,0.661108,2.914657,-0.126864,-0.017700,0.346915,-0.654946,0.161533,3.320914,0.471185,18.000000,0,126.820605
14.570000,17.792874,0.128086,0.408438,-0.001728,0.001753,0.000764,0.227198,-0.812164,-0.109225,6.201015,-0.464059,17.798022,1.315002,0.412340,-2.127166,0.661106,2.916209,-0.127030,-0.017501,0.347152,-0.653836,0.160542,3.316257,0.471185,18.000000,0,126.642750
14.580000,17.790893,0.127924,0.408778,-0.001721,0.001753,0.000755,0.226207,-0.811159,-0.108790,6.194390,-0.463136,17.796048,1.316243,0.411863,-2.127402,0.661103,2.917761,-0.127196,-0.017302,0.347390,-0.652727,0.159555,3.311600,0.471185,18.000000,0,126.464915
14.590000,17.788912,0.127762,0.409118,-0.001713,0.001754,0.000746,0.225221,-0.810154,-0.108360,6.187766,-0.462214,17.794075,1.317485,0.411388,-2.127638,0.661101,2.919313,-0.127361,-0.017105,0.347629,-0.651618,0.158573,3.306944,0.471185,18.000000,0,126.287100
14.600000,17.786932,0.127601,0.409458,-0.001705,0.001754,0.000738,0.224240,-0.809148,-0.107935,6.181142,-0.461291,17.792102,1.318726,0.410915,-2.127874,0.661098,2.920865,-0.127526,-0.016908,0.347868,-0.650509,0.157596,3.302288,0.471185,18.000000,0,126.109304
14.610000,17.784952,0.127440,0.409799,-0.001698,0.001755,0.000729,0.223262,-0.808142,-0.107515,6.174517,-0.460369,17.790129,1.319968,0.410443,-2.128110,0.661095,2.922416,-0.127689,-0.016712,0.348107,-0.649400,0.156623,3.297633,0.471185,18.000000,0,125.931528
14.620000,17.782972,0.127280,0.410139,-0.001690,0.001756,0.000721,0.222289,-0.807136,-0.107099,6.167892,-0.459447,17.788156,1.321210,0.409972,-2.128346,0.661092,2.923968,-0.127852,-0.016517,0.348347,-0.648291,0.155654,3.292978,0.471185,18.000000,0,125.753772
14.630000,17.780992,0.127120,0.410479,-0.001683,0.001756,0.000712,0.221321,-0.806129,-0.106689,6.161267,-0.458525,17.786184,1.322453,0.409503,-2.128581,0.661089,2.925519,-0.128014,-0.016322,0.348587,-0.647182,0.154690,3.288324,0.471185,18.000000,0,125.576035
14.640000,17.779013,0.126961,0.410819,-0.001675,0.001757,0.000704,0.220357,-0.805122,-0.106283,6.154642,-0.457604,17.784212,1.323695,0.409036,-2.128817,0.661086,2.927071,-0.128175,-0.016129,0.348827,-0.646073,0.153731,3.283671,0.471185,18.000000,0,125.398318
14.650000,17.777033,0.126802,0.411159,-0.001667,0.001757,0.000695,0.219397,-0.804114,-0.105882,6.148017,-0.456682,17.782240,1.324937,0.408570,-2.129052,0.661083,2.928622,-0.128335,-0.015936,0.349068,-0.644964,0.152776,3.279017,0.471185,18.000000,0,125.220621
14.660000,17.775054,0.126644,0.411499,-0.001660,0.001758,0.000687,0.218441,-0.803107,-0.105486,6.141392,-0.455761,17.780268,1.326180,0.408105,-2.129286,0.661080,2.930173,-0.128495,-0.015744,0.349309,-0.643855,0.151826,3.274365,0.471185,18.000000,0,125.042944
14.670000,17.773075,0.126486,0.411838,-0.001652,0.001759,0.000679,0.217490,-0.802099,-0.105095,6.134766,-0.454841,17.778296,1.327422,0.407642,-2.129521,0.661077,2.931724,-0.128654,-0.015553,0.349551,-0.642746,0.150880,3.269713,0.471185,18.000000,0,124.865286
14.680000,17.771097,0.126329,0.412178,-0.001645,0.001759,0.000670,0.216543,-0.801090,-0.104709,6.128141,-0.453920,17.776325,1.328665,0.407181,-2.129755,0.661074,2.933275,-0.128812,-0.015363,0.349792,-0.641637,0.149938,3.265061,0.471185,18.000000,0,124.687648
14.690000,17.769118,0.126172,0.412518,-0.001638,0.001760,0.000662,0.215601,-0.800082,-0.104327,6.121515,-0.453000,17.774354,1.329908,0.406721,-2.129990,0.661070,2.934825,-0.128970,-0.015174,0.350035,-0.640528,0.149001,3.260410,0.471185,18.000000,0,124.510030
14.700000,17.767140,0.126016,0.412858,-0.001630,0.001760,0.000654,0.214662,-0.799073,-0.103950,6.114889,-0.452080,17.772383,1.331151,0.406263,-2.130224,0.661067,2.936376,-0.129126,-0.014985,0.350277,-0.639419,0.148068,3.255759,0.471185,18.000000,0,124.332432
14.710000,17.765162,0.125860,0.413197,-0.001623,0.001761,0.000646,0.213728,-0.798063,-0.103578,6.108263,-0.451161,17.770412,1.332394,0.405806,-2.130457,0.661064,2.937926,-0.129282,-0.014797,0.350520,-0.638310,0.147140,3.251109,0.471185,18.000000,0,124.154853
14.720000,17.763184,0.125705,0.413537,-0.001615,0.001761,0.000638,0.212799,-0.797053,-0.103210,6.101637,-0.450242,17.768442,1.333637,0.405350,-2.130691,0.661060,2.939477,-0.129437,-0.014611,0.350764,-0.637201,0.146216,3.246460,0.471185,18.000000,0,123.977294
14.730000,17.761206,0.125550,0.413877,-0.001608,0.001762,0.000629,0.211873,-0.796043,-0.102847,6.095011,-0.449323,17.766472,1.334881,0.404896,-2.130924,0.661057,2.941027,-0.129592,-0.014425,0.351007,-0.636093,0.145297,3.241811,0.471185,18.000000,0,123.799755
14.740000,17.759229,0.125396,0.414216,-0.001600,0.001763,0.000621,0.210952,-0.795033,-0.102489,6.088385,-0.448404,17.764502,1.336124,0.404443,-2.131157,0.661053,2.942577,-0.129745,-0.014239,0.351251,-0.634984,0.144382,3.237162,0.471185,18.000000,0,123.622235
14.750000,17.757252,0.125243,0.414556,-0.001593,0.001763,0.000613,0.210035,-0.794022,-0.102135,6.081758,-0.447486,17.762532,1.337368,0.403992,-2.131390,0.661050,2.944127,-0.129898,-0.014055,0.351496,-0.633875,0.143471,3.232514,0.471185,18.000000,0,123.444735
14.760000,17.755275,0.125089,0.414895,-0.001586,0.001764,0.000605,0.209122,-0.793011,-0.101786,6.075132,-0.446568,17.760563,1.338611,0.403543,-2.131623,0.661046,2.945676,-0.130050,-0.013871,0.351741,-0.632766,0.142565,3.227867,0.471185,18.000000,0,123.267255
14.770000,17.753299,0.124937,0.415234,-0.001579,0.001764,0.000597,0.208214,-0.792000,-0.101441,6.068505,-0.445651,17.758594,1.339855,0.403095,-2.131855,0.661042,2.947226,-0.130202,-0.013689,0.351986,-0.631658,0.141663,3.223220,0.471185,18.000000,0,123.089795
14.780000,17.751322,0.124784,0.415574,-0.001571,0.001765,0.000589,0.207310,-0.790989,-0.101101,6.061878,-0.444734,17.756625,1.341099,0.402648,-2.132087,0.661038,2.948775,-0.130352,-0.013507,0.352231,-0.630549,0.140765,3.218573,0.471185,18.000000,0,122.912354
14.790000,17.749346,0.124632,0.415913,-0.001564,0.001765,0.000581,0.206409,-0.789977,-0.100766,6.055251,-0.443818,17.754656,1.342343,0.402203,-2.132319,0.661035,2.950324,-0.130502,-0.013325,0.352477,-0.629441,0.139871,3.213927,0.471185,18.000000,0,122.734933
14.800000,17.747371,0.124481,0.416252,-0.001557,0.001766,0.000574,0.205514,-0.788964,-0.100435,6.048625,-0.442901,17.752688,1.343587,0.401759,-2.132551,0.661031,2.951873,-0.130651,-0.013145,0.352724,-0.628332,0.138982,3.209282,0.471185,18.000000,0,122.557531
14.810000,17.745395,0.124330,0.416592,-0.001549,0.001766,0.000566,0.204622,-0.787952,-0.100109,6.041997,-0.441986,17.750720,1.344831,0.401317,-2.132783,0.661027,2.953422,-0.130800,-0.012966,0.352970,-0.627224,0.138098,3.204637,0.471185,18.000000,0,122.380150
14.820000,17.743420,0.124180,0.416931,-0.001542,0.001767,0.000558,0.203734,-0.786939,-0.099787,6.035370,-0.441070,17.748752,1.346075,0.400876,-2.133014,0.661023,2.954971,-0.130947,-0.012787,0.353217,-0.626116,0.137217,3.199993,0.471185,18.000000,0,122.202788
14.830000,17.741445,0.124030,0.417270,-0.001535,0.001767,0.000550,0.202851,-0.785926,-0.099469,6.028743,-0.440155,17.746785,1.347319,0.400437,-2.133245,0.661019,2.956519,-0.131094,-0.012609,0.353465,-0.625007,0.136341,3.195349,0.471185,18.000000,0,122.025445
14.840000,17.739470,0.123881,0.417609,-0.001528,0.001768,0.000542,0.201972,-0.784912,-0.099156,6.022116,-0.439241,17.744818,1.348564,0.399999,-2.133476,0.661015,2.958068,-0.131240,-0.012432,0.353712,-0.623899,0.135469,3.190705,0.471185,18.000000,0,121.848123
14.850000,17.737496,0.123732,0.417948,-0.001521,0.001769,0.000535,0.201096,-0.783899,-0.098848,6.015488,-0.438327,17.742851,1.349808,0.399562,-2.133707,0.661010,2.959616,-0.131386,-0.012256,0.353961,-0.622791,0.134601,3.186063,0.471185,18.000000,0,121.670820
14.860000,17.735522,0.123584,0.418287,-0.001514,0.001769,0.000527,0.200225,-0.782885,-0.098543,6.008861,-0.437414,17.740884,1.351052,0.399127,-2.133937,0.661006,2.961164,-0.131531,-0.012080,0.354209,-0.621683,0.133738,3.181420,0.471185,18.000000,0,121.493537
14.870000,17.733548,0.123436,0.418626,-0.001506,0.001770,0.000519,0.199358,-0.781870,-0.098244,6.002233,-0.436501,17.738918,1.352297,0.398694,-2.134167,0.661002,2.962712,-0.131675,-0.011905,0.354458,-0.620575,0.132878,3.176778,0.471185,18.000000,0,121.316273
14.880000,17.731575,0.123288,0.418964,-0.001499,0.001770,0.000512,0.198496,-0.780856,-0.097948,5.995605,-0.435588,17.736952,1.353542,0.398262,-2.134397,0.660997,2.964259,-0.131818,-0.011731,0.354707,-0.619467,0.132023,3.172137,0.471185,18.000000,0,121.139029
14.890000,17.729602,0.123141,0.419303,-0.001492,0.001771,0.000504,0.197637,-0.779841,-0.097657,5.988977,-0.434676,17.734987,1.354786,0.397831,-2.134627,0.660993,2.965806,-0.131960,-0.011558,0.354957,-0.618359,0.131173,3.167496,0.471185,18.000000,0,120.961805
14.900000,17.727629,0.122995,0.419642,-0.001485,0.001771,0.000497,0.196782,-0.778825,-0.097370,5.982349,-0.433764,17.733022,1.356031,0.397402,-2.134856,0.660988,2.967354,-0.132102,-0.011386,0.355207,-0.617251,0.130326,3.162856,0.471185,18.000000,0,120.784600
14.910000,17.725656,0.122849,0.419980,-0.001478,0.001772,0.000489,0.195932,-0.777810,-0.097088,5.975721,-0.432853,17.731057,1.357276,0.396974,-2.135086,0.660984,2.968901,-0.132243,-0.011214,0.355457,-0.616143,0.129483,3.158216,0.471185,18.000000,0,120.607415
14.920000,17.723684,0.122703,0.420319,-0.001471,0.001772,0.000482,0.195085,-0.776794,-0.096809,5.969093,-0.431943,17.729092,1.358520,0.396547,-2.135315,0.660979,2.970447,-0.132384,-0.011044,0.355707,-0.615035,0.128645,3.153577,0.471185,18.000000,0,120.430250
14.930000,17.721712,0.122558,0.420657,-0.001464,0.001773,0.000474,0.194243,-0.775778,-0.096535,5.962465,-0.431033,17.727128,1.359765,0.396122,-2.135543,0.660974,2.971994,-0.132524,-0.010874,0.355958,-0.613928,0.127811,3.148938,0.471185,18.000000,0,120.253104
14.940000,17.719741,0.122413,0.420996,-0.001457,0.001773,0.000467,0.193404,-0.774762,-0.096266,5.955836,-0.430124,17.725164,1.361010,0.395699,-2.135772,0.660970,2.973540,-0.132663,-0.010705,0.356210,-0.612820,0.126981,3.144300,0.471185,18.000000,0,120.075978
14.950000,17.717770,0.122269,0.421334,-0.001450,0.001774,0.000460,0.192570,-0.773745,-0.096000,5.949208,-0.429215,17.723200,1.362255,0.395277,-2.136000,0.660965,2.975086,-0.132801,-0.010536,0.356462,-0.611713,0.126155,3.139662,0.471185,18.000000,0,119.898872
14.960000,17.715799,0.122126,0.421673,-0.001443,0.001774,0.000452,0.191739,-0.772728,-0.095739,5.942580,-0.428306,17.721237,1.363500,0.394856,-2.136228,0.660960,2.976632,-0.132938,-0.010369,0.356714,-0.610605,0.125333,3.135025,0.471185,18.000000,0,119.721785
14.970000,17.713828,0.121982,0.422011,-0.001436,0.001775,0.000445,0.190913,-0.771711,-0.095482,5.935951,-0.427399,17.719274,1.364745,0.394437,-2.136456,0.660955,2.978177,-0.133075,-0.010202,0.356966,-0.609498,0.124516,3.130389,0.471185,18.000000,0,119.544718
14.980000,17.711858,0.121840,0.422349,-0.001429,0.001775,0.000438,0.190090,-0.770693,-0.095229,5.929322,-0.426491,17.717312,1.365990,0.394019,-2.136684,0.660950,2.979723,-0.133211,-0.010036,0.357219,-0.608391,0.123702,3.125752,0.471185,18.000000,0,119.367670
14.990000,17.709888,0.121697,0.422687,-0.001423,0.001776,0.000431,0.189272,-0.769675,-0.094980,5.922694,-0.425585,17.715350,1.367236,0.393602,-2.136911,0.660945,2.981268,-0.133347,-0.009870,0.357472,-0.607284,0.122893,3.121117,0.471185,18.000000,0,119.190643
15.000000,17.707919,0.121556,0.423025,-0.001416,0.001776,0.000423,0.188457,-0.768657,-0.094735,5.916065,-0.424679,17.713388,1.368481,0.393187,-2.137138,0.660940,2.982813,-0.133482,-0.009706,0.357725,-0.606177,0.122087,3.116482,0.471185,18.000000,0,119.013634
15.010000,17.705950,0.121414,0.423363,-0.001409,0.001776,0.000416,0.187647,-0.767639,-0.094494,5.909436,-0.423773,17.711427,1.369726,0.392773,-2.137365,0.660935,2.984357,-0.133616,-0.009542,0.357979,-0.605070,0.121286,3.111847,0.471185,18.000000,0,118.836646
15.020000,17.703981,0.121273,0.423701,-0.001402,0.001777,0.000409,0.186840,-0.766620,-0.094258,5.902807,-0.422869,17.709466,1.370971,0.392361,-2.137592,0.660929,2.985902,-0.133749,-0.009379,0.358233,-0.603963,0.120489,3.107213,0.471185,18.000000,0,118.659677
15.030000,17.702013,0.121133,0.424039,-0.001395,0.001777,0.000402,0.186038,-0.765602,-0.094025,5.896178,-0.421964,17.707505,1.372216,0.391950,-2.137818,0.660924,2.987446,-0.133882,-0.009217,0.358488,-0.602856,0.119695,3.102579,0.471185,18.000000,0,118.482728
15.040000,17.700045,0.120993,0.424377,-0.001388,0.001778,0.000395,0.185239,-0.764582,-0.093797,5.889549,-0.421061,17.705545,1.373462,0.391541,-2.138044,0.660919,2.988990,-0.134014,-0.009055,0.358743,-0.601749,0.118906,3.097946,0.471185,18.000000,0,118.305798
15.050000,17.698077,0.120853,0.424714,-0.001382,0.001778,0.000388,0.184444,-0.763563,-0.093572,5.882919,-0.420158,17.703585,1.374707,0.391133,-2.138270,0.660913,2.990534,-0.134145,-0.008895,0.358998,-0.600643,0.118121,3.093314,0.471185,18.000000,0,118.128888
15.060000,17.696110,0.120714,0.425052,-0.001375,0.001779,0.000381,0.183653,-0.762543,-0.093352,5.876290,-0.419256,17.701626,1.375952,0.390726,-2.138496,0.660908,2.992077,-0.134276,-0.008735,0.359254,-0.599536,0.117340,3.088682,0.471185,18.000000,0,117.951997
15.070000,17.694143,0.120576,0.425390,-0.001368,0.001779,0.000374,0.182866,-0.761523,-0.093136,5.869661,-0.418354,17.699666,1.377198,0.390320,-2.138721,0.660902,2.993620,-0.134406,-0.008576,0.359510,-0.598430,0.116562,3.084050,0.471185,18.000000,0,117.775126
15.080000,17.692177,0.120438,0.425727,-0.001361,0.001780,0.000367,0.182083,-0.760503,-0.092923,5.863032,-0.417453,17.697708,1.378443,0.389916,-2.138946,0.660897,2.995163,-0.134535,-0.008417,0.359766,-0.597324,0.115789,3.079419,0.471185,18.000000,0,117.598275
15.090000,17.690211,0.120300,0.426064,-0.001355,0.001780,0.000360,0.181304,-0.759483,-0.092715,5.856402,-0.416553,17.695750,1.379688,0.389514,-2.139171,0.660891,2.996705,-0.134663,-0.008260,0.360023,-0.596218,0.115020,3.074789,0.471185,18.000000,0,117.421443
15.100000,17.688245,0.120163,0.426402,-0.001348,0.001781,0.000354,0.180528,-0.758462,-0.092510,5.849773,-0.415653,17.693792,1.380934,0.389112,-2.139396,0.660885,2.998248,-0.134791,-0.008103,0.360280,-0.595112,0.114255,3.070159,0.471185,18.000000,0,117.244631
15.110000,17.686280,0.120026,0.426739,-0.001341,0.001781,0.000347,0.179757,-0.757441,-0.092310,5.843143,-0.414754,17.691834,1.382179,0.388713,-2.139620,0.660879,2.999790,-0.134918,-0.007946,0.360537,-0.594006,0.113493,3.065529,0.471185,18.000000,0,117.067839
15.120000,17.684315,0.119890,0.427076,-0.001335,0.001781,0.000340,0.178989,-0.756420,-0.092113,5.836513,-0.413856,17.689877,1.383424,0.388314,-2.139844,0.660873,3.001332,-0.135045,-0.007791,0.360795,-0.592900,0.112736,3.060900,0.471185,18.000000,0,116.891066
15.130000,17.682350,0.119754,0.427413,-0.001328,0.001782,0.000333,0.178225,-0.755399,-0.091920,5.829884,-0.412958,17.687921,1.384670,0.387917,-2.140068,0.660867,3.002873,-0.135171,-0.007636,0.361053,-0.591794,0.111982,3.056272,0.471185,18.000000,0,116.714312
15.140000,17.680386,0.119618,0.427750,-0.001321,0.001782,0.000326,0.177465,-0.754377,-0.091731,5.823254,-0.412061,17.685964,1.385915,0.387521,-2.140292,0.660861,3.004414,-0.135296,-0.007483,0.361311,-0.590689,0.111233,3.051644,0.471185,18.000000,0,116.537578
15.150000,17.678423,0.119483,0.428087,-0.001315,0.001783,0.000320,0.176708,-0.753355,-0.091546,5.816624,-0.411165,17.684009,1.387160,0.387127,-2.140515,0.660855,3.005955,-0.135420,-0.007329,0.361570,-0.589583,0.110487,3.047016,0.471185,18.000000,0,116.360864
15.160000,17.676460,0.119349,0.428424,-0.001308,0.001783,0.000313,0.175956,-0.752333,-0.091364,5.809994,-0.410270,17.682053,1.388406,0.386734,-2.140738,0.660849,3.007496,-0.135544,-0.007177,0.361829,-0.588478,0.109745,3.042390,0.471185,18.000000,0,116.184169
15.170000,17.674497,0.119215,0.428761,-0.001302,0.001784,0.000307,0.175207,-0.751310,-0.091187,5.803364,-0.409375,17.680099,1.389651,0.386342,-2.140961,0.660843,3.009036,-0.135667,-0.007025,0.362089,-0.587373,0.109007,3.037763,0.471185,18.000000,0,116.007494
15.180000,17.672535,0.119081,0.429098,-0.001295,0.001784,0.000300,0.174462,-0.750288,-0.091013,5.796734,-0.408481,17.678144,1.390896,0.385951,-2.141184,0.660837,3.010576,-0.135790,-0.006874,0.362349,-0.586268,0.108273,3.033137,0.471185,18.000000,0,115.830839
15.190000,17.670573,0.118948,0.429434,-0.001289,0.001784,0.000293,0.173721,-0.749265,-0.090843,5.790104,-0.407588,17.676190,1.392142,0.385562,-2.141406,0.660830,3.012116,-0.135912,-0.006724,0.362609,-0.585163,0.107543,3.028512,0.471185,18.000000,0,115.654202
15.200000,17.668611,0.118815,0.429771,-0.001282,0.001785,0.000287,0.172983,-0.748241,-0.090677,5.783474,-0.406696,17.674237,1.393387,0.385175,-2.141628,0.660824,3.013655,-0.136033,-0.006575,0.362869,-0.584058,0.106817,3.023887,0.471185,18.000000,0,115.477586
15.210000,17.666650,0.118683,0.430108,-0.001276,0.001785,0.000280,0.172250,-0.747218,-0.090514,5.776844,-0.405804,17.672284,1.394632,0.384788,-2.141850,0.660817,3.015194,-0.136153,-0.006426,0.363130,-0.582954,0.106094,3.019263,0.471185,18.000000,0,115.300989
15.220000,17.664690,0.118551,0.430444,-0.001269,0.001786,0.000274,0.171520,-0.746194,-0.090356,5.770214,-0.404913,17.670331,1.395877,0.384403,-2.142072,0.660811,3.016733,-0.136273,-0.006278,0.363391,-0.581849,0.105376,3.014639,0.471185,18.000000,0,115.124412
15.230000,17.662730,0.118420,0.430780,-0.001263,0.001786,0.000268,0.170793,-0.745171,-0.090200,5.763584,-0.404023,17.668379,1.397123,0.384019,-2.142293,0.660804,3.018271,-0.136392,-0.006131,0.363653,-0.580745,0.104661,3.010015,0.471185,18.000000,0,114.947854
15.240000,17.660770,0.118289,0.431116,-0.001256,0.001786,0.000261,0.170071,-0.744146,-0.090049,5.756953,-0.403134,17.666427,1.398368,0.383637,-2.142514,0.660798,3.019809,-0.136511,-0.005984,0.363915,-0.579641,0.103950,3.005393,0.471185,18.000000,0,114.771315
15.250000,17.658811,0.118158,0.431453,-0.001250,0.001787,0.000255,0.169352,-0.743122,-0.089901,5.750323,-0.402245,17.664476,1.399613,0.383256,-2.142735,0.660791,3.021347,-0.136629,-0.005838,0.364177,-0.578536,0.103242,3.000770,0.471185,18.000000,0,114.594796
15.260000,17.656852,0.118028,0.431789,-0.001244,0.001787,0.000248,0.168637,-0.742098,-0.089757,5.743693,-0.401357,17.662525,1.400858,0.382876,-2.142955,0.660784,3.022884,-0.136746,-0.005693,0.364440,-0.577432,0.102539,2.996149,0.471185,18.000000,0,114.418297
15.270000,17.654894,0.117898,0.432125,-0.001237,0.001788,0.000242,0.167925,-0.741073,-0.089616,5.737062,-0.400470,17.660575,1.402103,0.382498,-2.143176,0.660777,3.024422,-0.136863,-0.005549,0.364702,-0.576329,0.101839,2.991527,0.471185,18.000000,0,114.241817
15.280000,17.652936,0.117769,0.432461,-0.001231,0.001788,0.000236,0.167218,-0.740048,-0.089480,5.730432,-0.399584,17.658625,1.403348,0.382121,-2.143396,0.660770,3.025958,-0.136979,-0.005405,0.364966,-0.575225,0.101143,2.986906,0.471185,18.000000,0,114.065357
15.290000,17.650979,0.117640,0.432796,-0.001224,0.001788,0.000230,0.166513,-0.739023,-0.089346,5.723802,-0.398699,17.656676,1.404593,0.381745,-2.143615,0.660763,3.027495,-0.137094,-0.005262,0.365229,-0.574121,0.100451,2.982286,0.471185,18.000000,0,113.888916
15.300000,17.649022,0.117512,0.433132,-0.001218,0.001789,0.000223,0.165813,-0.737997,-0.089216,5.717171,-0.397814,17.654727,1.405838,0.381370,-2.143835,0.660756,3.029031,-0.137209,-0.005120,0.365493,-0.573018,0.099762,2.977666,0.471185,18.000000,0,113.712495
15.310000,17.647066,0.117384,0.433468,-0.001212,0.001789,0.000217,0.165116,-0.736971,-0.089090,5.710541,-0.396931,17.652779,1.407083,0.380997,-2.144054,0.660749,3.030567,-0.137323,-0.004979,0.365758,-0.571915,0.099077,2.973047,0.471185,18.000000,0,113.536093
15.320000,17.645110,0.117257,0.433803,-0.001206,0.001790,0.000211,0.164423,-0.735946,-0.088967,5.703910,-0.396048,17.650831,1.408327,0.380625,-2.144273,0.660742,3.032102,-0.137436,-0.004838,0.366022,-0.570812,0.098396,2.968428,0.471185,18.000000,0,113.359710
15.330000,17.643155,0.117129,0.434139,-0.001199,0.001790,0.000205,0.163733,-0.734920,-0.088848,5.697280,-0.395166,17.648884,1.409572,0.380255,-2.144492,0.660734,3.033637,-0.137549,-0.004698,0.366287,-0.569709,0.097719,2.963810,0.471185,18.000000,0,113.183348
15.340000,17.641200,0.117003,0.434474,-0.001193,0.001790,0.000199,0.163047,-0.733893,-0.088732,5.690649,-0.394285,17.646937,1.410817,0.379886,-2.144710,0.660727,3.035172,-0.137661,-0.004558,0.366552,-0.568606,0.097045,2.959193,0.471185,18.000000,0,113.007004
15.350000,17.639246,0.116877,0.434809,-0.001187,0.001791,0.000193,0.162364,-0.732867,-0.088620,5.684018,-0.393404,17.644991,1.412061,0.379518,-2.144928,0.660720,3.036706,-0.137773,-0.004420,0.366818,-0.567504,0.096375,2.954575,0.471185,18.000000,0,112.830680
15.360000,17.637292,0.116751,0.435145,-0.001181,0.001791,0.000187,0.161685,-0.731840,-0.088511,5.677388,-0.392525,17.643045,1.413306,0.379151,-2.145146,0.660712,3.038240,-0.137883,-0.004282,0.367084,-0.566401,0.095709,2.949959,0.471185,18.000000,0,112.654376
15.370000,17.635338,0.116625,0.435480,-0.001174,0.001791,0.000181,0.161010,-0.730813,-0.088406,5.670757,-0.391647,17.641100,1.414551,0.378786,-2.145364,0.660705,3.039773,-0.137994,-0.004144,0.367350,-0.565299,0.095046,2.945342,0.471185,18.000000,0,112.478091
15.380000,17.633386,0.116500,0.435815,-0.001168,0.001792,0.000175,0.160338,-0.729786,-0.088304,5.664126,-0.390769,17.639155,1.415795,0.378421,-2.145581,0.660697,3.041307,-0.138103,-0.004008,0.367617,-0.564197,0.094387,2.940727,0.471185,18.000000,0,112.301825
15.390000,17.631434,0.116376,0.436150,-0.001162,0.001792,0.000169,0.159670,-0.728759,-0.088206,5.657496,-0.389892,17.637211,1.417039,0.378059,-2.145798,0.660689,3.042839,-0.138212,-0.003872,0.367884,-0.563095,0.093731,2.936112,0.471185,18.000000,0,112.125579
15.400000,17.629482,0.116252,0.436484,-0.001156,0.001792,0.000163,0.159005,-0.727731,-0.088111,5.650865,-0.389016,17.635268,1.418284,0.377697,-2.146015,0.660681,3.044372,-0.138321,-0.003737,0.368151,-0.561993,0.093080,2.931497,0.471185,18.000000,0,111.949352
15.410000,17.627531,0.116128,0.436819,-0.001150,0.001793,0.000157,0.158344,-0.726703,-0.088019,5.644234,-0.388141,17.633324,1.419528,0.377337,-2.146231,0.660674,3.045904,-0.138428,-0.003602,0.368419,-0.560892,0.092431,2.926883,0.471185,18.000000,0,111.773145
15.420000,17.625580,0.116005,0.437154,-0.001144,0.001793,0.000151,0.157686,-0.725675,-0.087930,5.637603,-0.387267,17.631382,1.420772,0.376978,-2.146447,0.660666,3.047436,-0.138535,-0.003469,0.368687,-0.559790,0.091787,2.922269,0.471185,18.000000,0,111.596957
15.430000,17.623630,0.115882,0.437488,-0.001138,0.001794,0.000146,0.157032,-0.724647,-0.087845,5.630973,-0.386394,17.629440,1.422016,0.376620,-2.146663,0.660658,3.048967,-0.138642,-0.003335,0.368955,-0.558689,0.091146,2.917656,0.471185,18.000000,0,111.420789
15.440000,17.621680,0.115760,0.437823,-0.001132,0.001794,0.000140,0.156382,-0.723619,-0.087764,5.624342,-0.385522,17.627499,1.423260,0.376264,-2.146879,0.660650,3.050498,-0.138748,-0.003203,0.369224,-0.557588,0.090508,2.913043,0.471185,18.000000,0,111.244640
15.450000,17.619731,0.115638,0.438157,-0.001126,0.001794,0.000134,0.155734,-0.722590,-0.087685,5.617711,-0.384651,17.625558,1.424504,0.375908,-2.147094,0.660642,3.052028,-0.138853,-0.003071,0.369493,-0.556487,0.089874,2.908431,0.471185,18.000000,0,111.068510
15.460000,17.617783,0.115516,0.438491,-0.001120,0.001795,0.000128,0.155091,-0.721562,-0.087610,5.611080,-0.383780,17.623617,1.425747,0.375555,-2.147309,0.660633,3.053559,-0.138958,-0.002940,0.369762,-0.555387,0.089244,2.903820,0.471185,18.000000,0,110.892400
15.470000,17.615835,0.115395,0.438825,-0.001114,0.001795,0.000123,0.154450,-0.720533,-0.087538,5.604450,-0.382911,17.621678,1.426991,0.375202,-2.147524,0.660625,3.055088,-0.139062,-0.002810,0.370032,-0.554286,0.088617,2.899209,0.471185,18.000000,0,110.716309
15.480000,17.613888,0.115274,0.439159,-0.001108,0.001795,0.000117,0.153814,-0.719504,-0.087469,5.597819,-0.382043,17.619739,1.428235,0.374850,-2.147738,0.660617,3.056618,-0.139165,-0.002680,0.370302,-0.553186,0.087994,2.894598,0.471185,18.000000,0,110.540238
15.490000,17.611941,0.115154,0.439493,-0.001102,0.001795,0.000111,0.153180,-0.718475,-0.087404,5.591188,-0.381175,17.617800,1.429478,0.374500,-2.147953,0.660608,3.058146,-0.139268,-0.002551,0.370572,-0.552086,0.087374,2.889988,0.471185,18.000000,0,110.364186
15.500000,17.609995,0.115034,0.439827,-0.001096,0.001796,0.000106,0.152550,-0.717445,-0.087342,5.584557,-0.380308,17.615862,1.430721,0.374151,-2.148166,0.660600,3.059675,-0.139371,-0.002423,0.370843,-0.550986,0.086758,2.885378,0.471185,18.000000,0,110.188154
15.510000,17.608049,0.114914,0.440161,-0.001090,0.001796,0.000100,0.151924,-0.716415,-0.087283,5.577926,-0.379443,17.613925,1.431965,0.373804,-2.148380,0.660591,3.061203,-0.139472,-0.002295,0.371114,-0.549886,0.086145,2.880769,0.471185,18.000000,0,110.012140
15.520000,17.606104,0.114795,0.440494,-0.001084,0.001796,0.000095,0.151301,-0.715386,-0.087227,5.571296,-0.378578,17.611988,1.433208,0.373457,-2.148593,0.660583,3.062731,-0.139573,-0.002168,0.371385,-0.548787,0.085536,2.876161,0.471185,18.000000,0,109.836147
15.530000,17.604159,0.114676,0.440828,-0.001078,0.001797,0.000089,0.150681,-0.714356,-0.087174,5.564665,-0.377715,17.610051,1.434451,0.373112,-2.148806,0.660574,3.064258,-0.139674,-0.002042,0.371656,-0.547688,0.084930,2.871553,0.471185,18.000000,0,109.660172
15.540000,17.602216,0.114558,0.441161,-0.001072,0.001797,0.000084,0.150065,-0.713326,-0.087125,5.558034,-0.376852,17.608116,1.435694,0.372768,-2.149019,0.660565,3.065785,-0.139774,-0.001917,0.371928,-0.546588,0.084327,2.866945,0.471185,18.000000,0,109.484217
15.550000,17.600272,0.114440,0.441495,-0.001066,0.001797,0.000078,0.149452,-0.712295,-0.087078,5.551403,-0.375990,17.606181,1.436936,0.372425,-2.149232,0.660557,3.067311,-0.139873,-0.001792,0.372201,-0.545490,0.083729,2.862338,0.471185,18.000000,0,109.308281
15.560000,17.598330,0.114323,0.441828,-0.001060,0.001798,0.000073,0.148842,-0.711265,-0.087035,5.544772,-0.375130,17.604246,1.438179,0.372084,-2.149444,0.660548,3.068837,-0.139972,-0.001667,0.372473,-0.544391,0.083133,2.857732,0.471185,18.000000,0,109.132365
15.570000,17.596387,0.114206,0.442161,-0.001055,0.001798,0.000067,0.148236,-0.710234,-0.086995,5.538142,-0.374270,17.602312,1.439422,0.371744,-2.149656,0.660539,3.070362,-0.140070,-0.001544,0.372746,-0.543292,0.082541,2.853126,0.471185,18.000000,0,108.956468
15.580000,17.594446,0.114089,0.442494,-0.001049,0.001798,0.000062,0.147633,-0.709203,-0.086958,5.531511,-0.373411,17.600379,1.440664,0.371405,-2.149867,0.660530,3.071887,-0.140167,-0.001421,0.373019,-0.542194,0.081953,2.848520,0.471185,18.000000,0,108.780590
15.590000,17.592505,0.113973,0.442827,-0.001043,0.001799,0.000057,0.147034,-0.708172,-0.086924,5.524880,-0.372554,17.598447,1.441906,0.371067,-2.150079,0.660521,3.073412,-0.140264,-0.001299,0.373293,-0.541096,0.081367,2.843915,0.471185,18.000000,0,108.604732
15.600000,17.590565,0.113857,0.443159,-0.001037,0.001799,0.000051,0.146438,-0.707141,-0.086893,5.518249,-0.371697,17.596515,1.443149,0.370730,-2.150290,0.660511,3.074936,-0.140360,-0.001177,0.373567,-0.539998,0.080786,2.839310,0.471185,18.000000,0,108.428893
15.610000,17.588625,0.113741,0.443492,-0.001031,0.001799,0.000046,0.145845,-0.706110,-0.086865,5.511619,-0.370842,17.594583,1.444391,0.370395,-2.150500,0.660502,3.076460,-0.140456,-0.001056,0.373841,-0.538901,0.080207,2.834706,0.471185,18.000000,0,108.253073
15.620000,17.586686,0.113626,0.443825,-0.001026,0.001799,0.000041,0.145255,-0.705078,-0.086840,5.504988,-0.369987,17.592652,1.445632,0.370061,-2.150711,0.660493,3.077983,-0.140551,-0.000936,0.374116,-0.537803,0.079632,2.830103,0.471185,18.000000,0,108.077273
15.630000,17.584748,0.113512,0.444157,-0.001020,0.001800,0.000036,0.144669,-0.704047,-0.086818,5.498357,-0.369134,17.590722,1.446874,0.369728,-2.150921,0.660483,3.079506,-0.140646,-0.000816,0.374390,-0.536706,0.079060,2.825500,0.471185,18.000000,0,107.901492
15.640000,17.582810,0.113397,0.444489,-0.001014,0.001800,0.000030,0.144086,-0.703015,-0.086799,5.491727,-0.368281,17.588793,1.448116,0.369396,-2.151131,0.660474,3.081028,-0.140740,-0.000697,0.374666,-0.535609,0.078492,2.820898,0.471185,18.000000,0,107.725730
15.650000,17.580873,0.113283,0.444822,-0.001009,0.001800,0.000025,0.143507,-0.701983,-0.086783,5.485096,-0.367430,17.586864,1.449357,0.369066,-2.151340,0.660464,3.082550,-0.140833,-0.000579,0.374941,-0.534512,0.077927,2.816296,0.471185,18.000000,0,107.549987
15.660000,17.578936,0.113170,0.445154,-0.001003,0.001800,0.000020,0.142930,-0.700951,-0.086770,5.478465,-0.366579,17.584936,1.450599,0.368736,-2.151549,0.660455,3.084072,-0.140926,-0.000461,0.375217,-0.533416,0.077366,2.811694,0.471185,18.000000,0,107.374264
15.670000,17.577000,0.113057,0.445486,-0.000997,0.001801,0.000015,0.142357,-0.699918,-0.086760,5.471835,-0.365730,17.583008,1.451840,0.368408,-2.151758,0.660445,3.085593,-0.141019,-0.000344,0.375493,-0.532319,0.076807,2.807093,0.471185,18.000000,0,107.198560
15.680000,17.575065,0.112944,0.445818,-0.000992,0.001801,0.000010,0.141787,-0.698886,-0.086753,5.465204,-0.364882,17.581081,1.453081,0.368081,-2.151967,0.660435,3.087113,-0.141110,-0.000228,0.375770,-0.531223,0.076252,2.802493,0.471185,18.000000,0,107.022876
15.690000,17.573131,0.112832,0.446149,-0.000986,0.001801,0.000005,0.141220,-0.697854,-0.086749,5.458574,-0.364034,17.579155,1.454322,0.367755,-2.152175,0.660426,3.088633,-0.141201,-0.000112,0.376046,-0.530127,0.075701,2.797893,0.471185,18.000000,0,106.847210
15.700000,17.571197,0.112720,0.446481,-0.000980,0.001801,-0.000000,0.140657,-0.696821,-0.086748,5.451943,-0.363188,17.577230,1.455562,0.367431,-2.152383,0.660416,3.090153,-0.141292,0.000003,0.376324,-0.529032,0.075152,2.793293,0.471185,18.000000,0,106.671564
15.710000,17.569263,0.112608,0.446812,-0.000975,0.001802,-0.000005,0.140097,-0.695788,-0.086749,5.445313,-0.362343,17.575305,1.456803,0.367107,-2.152591,0.660406,3.091672,-0.141382,0.000118,0.376601,-0.527936,0.074607,2.788694,0.471185,18.000000,0,106.495937
15.720000,17.567331,0.112497,0.447144,-0.000969,0.001802,-0.000010,0.139540,-0.694755,-0.086753,5.438682,-0.361499,17.573381,1.458043,0.366785,-2.152798,0.660396,3.093190,-0.141472,0.000232,0.376879,-0.526841,0.074065,2.784096,0.471185,18.000000,0,106.320330
15.730000,17.565399,0.112386,0.447475,-0.000964,0.001802,-0.000015,0.138986,-0.693722,-0.086761,5.432052,-0.360657,17.571457,1.459283,0.366464,-2.153005,0.660386,3.094708,-0.141560,0.000345,0.377157,-0.525746,0.073527,2.779498,0.471185,18.000000,0,106.144741
15.740000,17.563468,0.112276,0.447806,-0.000958,0.001802,-0.000020,0.138435,-0.692689,-0.086771,5.425422,-0.359815,17.569534,1.460523,0.366144,-2.153212,0.660375,3.096226,-0.141649,0.000457,0.377435,-0.524652,0.072991,2.774900,0.471185,18.000000,0,105.969172
15.750000,17.561537,0.112166,0.448137,-0.000953,0.001803,-0.000025,0.137888,-0.691655,-0.086783,5.418791,-0.358974,17.567612,1.461763,0.365826,-2.153418,0.660365,3.097743,-0.141737,0.000569,0.377714,-0.523557,0.072459,2.770303,0.471185,18.000000,0,105.793622
15.760000,17.559607,0.112056,0.448468,-0.000947,0.001803,-0.000030,0.137344,-0.690622,-0.086799,5.412161,-0.358135,17.565690,1.463003,0.365508,-2.153624,0.660355,3.099259,-0.141824,0.000681,0.377993,-0.522463,0.071930,2.765707,0.471185,18.000000,0,105.618091
15.770000,17.557678,0.111947,0.448799,-0.000942,0.001803,-0.000035,0.136802,-0.689588,-0.086817,5.405531,-0.357296,17.563770,1.464242,0.365192,-2.153830,0.660344,3.100775,-0.141911,0.000791,0.378272,-0.521369,0.071405,2.761111,0.471185,18.000000,0,105.442580
15.780000,17.555749,0.111838,0.449130,-0.000936,0.001803,-0.000039,0.136264,-0.688554,-0.086839,5.398900,-0.356459,17.561849,1.465482,0.364877,-2.154036,0.660334,3.102291,-0.141997,0.000901,0.378552,-0.520275,0.070882,2.756516,0.471185,18.000000,0,105.267088
15.790000,17.553821,0.111730,0.449460,-0.000931,0.001804,-0.000044,0.135730,-0.687520,-0.086862,5.392270,-0.355623,17.559930,1.466721,0.364563,-2.154241,0.660323,3.103806,-0.142082,0.001011,0.378832,-0.519182,0.070363,2.751921,0.471185,18.000000,0,105.091615
15.800000,17.551894,0.111622,0.449791,-0.000925,0.001804,-0.000049,0.135198,-0.686486,-0.086889,5.385640,-0.354788,17.558011,1.467960,0.364250,-2.154446,0.660313,3.105320,-0.142167,0.001119,0.379112,-0.518089,0.069847,2.747326,0.471185,18.000000,0,104.916161
15.810000,17.549968,0.111514,0.450121,-0.000920,0.001804,-0.000054,0.134669,-0.685452,-0.086918,5.379010,-0.353954,17.556093,1.469198,0.363938,-2.154650,0.660302,3.106834,-0.142252,0.001228,0.379393,-0.516996,0.069334,2.742732,0.471185,18.000000,0,104.740726
15.820000,17.548042,0.111407,0.450451,-0.000915,0.001804,-0.000058,0.134144,-0.684418,-0.086950,5.372380,-0.353121,17.554176,1.470437,0.363628,-2.154855,0.660291,3.108348,-0.142336,0.001335,0.379674,-0.515903,0.068824,2.738139,0.471185,18.000000,0,104.565310
15.830000,17.546117,0.111300,0.450781,-0.000909,0.001804,-0.000063,0.133621,-0.683383,-0.086985,5.365750,-0.352289,17.552259,1.471675,0.363318,-2.155059,0.660280,3.109861,-0.142419,0.001442,0.379955,-0.514811,0.068318,2.733546,0.471185,18.000000,0,104.389914
15.840000,17.544193,0.111193,0.451111,-0.000904,0.001805,-0.000068,0.133102,-0.682349,-0.087022,5.359120,-0.351459,17.550344,1.472913,0.363010,-2.155262,0.660269,3.111373,-0.142502,0.001548,0.380236,-0.513719,0.067814,2.728954,0.471185,18.000000,0,104.214537
15.850000,17.542269,0.111087,0.451441,-0.000899,0.001805,-0.000072,0.132586,-0.681314,-0.087062,5.352490,-0.350629,17.548428,1.474151,0.362703,-2.155465,0.660258,3.112885,-0.142584,0.001654,0.380518,-0.512627,0.067314,2.724362,0.471185,18.000000,0,104.039179
15.860000,17.540346,0.110981,0.451771,-0.000893,0.001805,-0.000077,0.132072,-0.680279,-0.087105,5.345861,-0.349801,17.546514,1.475389,0.362397,-2.155668,0.660247,3.114396,-0.142666,0.001759,0.380800,-0.511535,0.066817,2.719770,0.471185,18.000000,0,103.863840
15.870000,17.538424,0.110876,0.452100,-0.000888,0.001805,-0.000081,0.131562,-0.679245,-0.087150,5.339231,-0.348974,17.544600,1.476627,0.362092,-2.155871,0.660236,3.115907,-0.142748,0.001864,0.381083,-0.510444,0.066323,2.715179,0.471185,18.000000,0,103.688520
15.880000,17.536503,0.110771,0.452430,-0.000883,0.001805,-0.000086,0.131055,-0.678210,-0.087198,5.332601,-0.348148,17.542687,1.477864,0.361789,-2.156073,0.660225,3.117417,-0.142828,0.001968,0.381365,-0.509353,0.065832,2.710589,0.471185,18.000000,0,103.513220
15.890000,17.534582,0.110666,0.452759,-0.000877,0.001806,-0.000090,0.130551,-0.677174,-0.087249,5.325971,-0.347324,17.540775,1.479101,0.361486,-2.156275,0.660213,3.118927,-0.142908,0.002071,0.381648,-0.508262,0.065344,2.705999,0.471185,18.000000,0,103.337938
15.900000,17.532662,0.110562,0.453088,-0.000872,0.001806,-0.000095,0.130050,-0.676139,-0.087302,5.319342,-0.346500,17.538864,1.480338,0.361185,-2.156477,0.660202,3.120436,-0.142988,0.002174,0.381932,-0.507171,0.064859,2.701410,0.471185,18.000000,0,103.162676
15.910000,17.530743,0.110458,0.453417,-0.000867,0.001806,-0.000099,0.129552,-0.675104,-0.087357,5.312712,-0.345678,17.536953,1.481575,0.360885,-2.156678,0.660191,3.121945,-0.143067,0.002276,0.382216,-0.506081,0.064377,2.696821,0.471185,18.000000,0,102.987432
15.920000,17.528824,0.110354,0.453746,-0.000862,0.001806,-0.000104,0.129057,-0.674068,-0.087416,5.306083,-0.344857,17.535043,1.482811,0.360586,-2.156879,0.660179,3.123453,-0.143146,0.002377,0.382500,-0.504991,0.063899,2.692232,0.471185,18.000000,0,102.812208
15.930000,17.526906,0.110251,0.454075,-0.000857,0.001806,-0.000108,0.128565,-0.673033,-0.087476,5.299453,-0.344037,17.533134,1.484047,0.360287,-2.157080,0.660167,3.124961,-0.143224,0.002478,0.382784,-0.503901,0.063423,2.687645,0.471185,18.000000,0,102.637003
15.940000,17.524989,0.110148,0.454404,-0.000851,0.001807,-0.000112,0.128076,-0.671997,-0.087539,5.292824,-0.343218,17.531226,1.485283,0.359991,-2.157280,0.660156,3.126467,-0.143302,0.002578,0.383068,-0.502812,0.062951,2.683057,0.471185,18.000000,0,102.461817
15.950000,17.523073,0.110046,0.454732,-0.000846,0.001807,-0.000117,0.127590,-0.670962,-0.087605,5.286195,-0.342400,17.529318,1.486519,0.359695,-2.157481,0.660144,3.127974,-0.143379,0.002678,0.383353,-0.501723,0.062481,2.678470,0.471185,18.000000,0,102.286650
15.960000,17.521158,0.109944,0.455060,-0.000841,0.001807,-0.000121,0.127107,-0.669926,-0.087673,5.279566,-0.341584,17.527411,1.487754,0.359400,-2.157680,0.660132,3.129480,-0.143455,0.002777,0.383639,-0.500634,0.062014,2.673884,0.471185,18.000000,0,102.111502
15.970000,17.519243,0.109842,0.455389,-0.000836,0.001807,-0.000125,0.126627,-0.668890,-0.087744,5.272937,-0.340769,17.525505,1.488990,0.359107,-2.157880,0.660120,3.130985,-0.143531,0.002876,0.383924,-0.499546,0.061551,2.669298,0.471185,18.000000,0,101.936374
15.980000,17.517329,0.109741,0.455717,-0.000831,0.001807,-0.000130,0.126150,-0.667854,-0.087817,5.266308,-0.339955,17.523600,1.490225,0.358814,-2.158079,0.660108,3.132489,-0.143607,0.002973,0.384210,-0.498457,0.061090,2.664712,0.471185,18.000000,0,101.761264
15.990000,17.515416,0.109640,0.456045,-0.000826,0.001807,-0.000134,0.125675,-0.666818,-0.087893,5.259679,-0.339142,17.521695,1.491460,0.358523,-2.158277,0.660096,3.133994,-0.143682,0.003071,0.384496,-0.497369,0.060633,2.660128,0.471185,18.000000,0,101.586173
16.000000,17.513504,0.109539,0.456373,-0.000821,0.001807,-0.000138,0.125204,-0.665782,-0.087971,5.253050,-0.338330,17.519791,1.492694,0.358232,-2.158476,0.660084,3.135497,-0.143756,0.003167,0.384782,-0.496282,0.060178,2.655543,0.471185,18.000000,0,101.411102
16.010000,17.511592,0.109439,0.456700,-0.000816,0.001808,-0.000142,0.124736,-0.664745,-0.088051,5.246421,-0.337520,17.517888,1.493928,0.357943,-2.158674,0.660071,3.137000,-0.143830,0.003264,0.385069,-0.495194,0.059727,2.650959,0.471185,18.000000,0,101.236049
16.020000,17.509681,0.109339,0.457028,-0.000811,0.001808,-0.000147,0.124270,-0.663709,-0.088134,5.239792,-0.336711,17.515986,1.495162,0.357655,-2.158871,0.660059,3.138502,-0.143904,0.003359,0.385356,-0.494107,0.059278,2.646376,0.471185,18.000000,0,101.061016
16.030000,17.507771,0.109239,0.457355,-0.000806,0.001808,-0.000151,0.123808,-0.662673,-0.088219,5.233164,-0.335903,17.514085,1.496396,0.357368,-2.159069,0.660047,3.140004,-0.143977,0.003454,0.385643,-0.493020,0.058832,2.641793,0.471185,18.000000,0,100.886001
16.040000,17.505862,0.109140,0.457682,-0.000801,0.001808,-0.000155,0.123348,-0.661636,-0.088306,5.226535,-0.335097,17.512184,1.497630,0.357082,-2.159266,0.660034,3.141505,-0.144049,0.003548,0.385931,-0.491934,0.058390,2.637210,0.471185,18.000000,0,100.711006
16.050000,17.503954,0.109041,0.458010,-0.000796,0.001808,-0.000159,0.122891,-0.660599,-0.088396,5.219907,-0.334291,17.510284,1.498863,0.356798,-2.159463,0.660022,3.143006,-0.144121,0.003642,0.386219,-0.490848,0.057950,2.632629,0.471185,18.000000,0,100.536029
16.060000,17.502046,0.108942,0.458337,-0.000791,0.001808,-0.000163,0.122437,-0.659563,-0.088488,5.213278,-0.333487,17.508385,1.500096,0.356514,-2.159659,0.660009,3.144505,-0.144193,0.003736,0.386507,-0.489762,0.057513,2.628047,0.471185,18.000000,0,100.361071
16.070000,17.500139,0.108844,0.458663,-0.000786,0.001808,-0.000167,0.121986,-0.658526,-0.088583,5.206650,-0.332684,17.506487,1.501329,0.356231,-2.159855,0.659996,3.146005,-0.144264,0.003828,0.386796,-0.488676,0.057079,2.623466,0.471185,18.000000,0,100.186133
16.080000,17.498233,0.108746,0.458990,-0.000781,0.001809,-0.000171,0.121538,-0.657489,-0.088680,5.200022,-0.331882,17.504590,1.502561,0.355950,-2.160051,0.659984,3.147503,-0.144334,0.003920,0.387085,-0.487591,0.056648,2.618886,0.471185,18.000000,0,100.011213
16.090000,17.496328,0.108649,0.459317,-0.000776,0.001809,-0.000175,0.121092,-0.656452,-0.088779,5.193394,-0.331082,17.502693,1.503794,0.355669,-2.160246,0.659971,3.149002,-0.144404,0.004012,0.387374,-0.486506,0.056219,2.614306,0.471185,18.000000,0,99.836313
16.100000,17.494424,0.108552,0.459643,-0.000771,0.001809,-0.000179,0.120650,-0.655415,-0.088880,5.186766,-0.330283,17.500798,1.505026,0.355390,-2.160441,0.659958,3.150499,-0.144474,0.004103,0.387663,-0.485421,0.055794,2.609726,0.471185,18.000000,0,99.661431
16.110000,17.492520,0.108455,0.459969,-0.000766,0.001809,-0.000183,0.120210,-0.654378,-0.088984,5.180138,-0.329485,17.498903,1.506257,0.355111,-2.160635,0.659945,3.151996,-0.144543,0.004193,0.387953,-0.484337,0.055372,2.605147,0.471185,18.000000,0,99.486568
16.120000,17.490618,0.108359,0.460296,-0.000761,0.001809,-0.000187,0.119773,-0.653341,-0.089090,5.173510,-0.328688,17.497009,1.507489,0.354834,-2.160830,0.659932,3.153492,-0.144611,0.004283,0.388243,-0.483253,0.054952,2.600569,0.471185,18.000000,0,99.311725
16.130000,17.488716,0.108263,0.460622,-0.000756,0.001809,-0.000191,0.119339,-0.652304,-0.089198,5.166882,-0.327893,17.495116,1.508720,0.354558,-2.161024,0.659918,3.154988,-0.144679,0.004372,0.388533,-0.482169,0.054535,2.595991,0.471185,18.000000,0,99.136900
16.140000,17.486815,0.108167,0.460947,-0.000751,0.001809,-0.000195,0.118908,-0.651267,-0.089309,5.160255,-0.327099,17.493223,1.509951,0.354283,-2.161217,0.659905,3.156483,-0.144747,0.004461,0.388824,-0.481086,0.054121,2.591414,0.471185,18.000000,0,98.962094
16.150000,17.484915,0.108072,0.461273,-0.000747,0.001809,-0.000198,0.118479,-0.650229,-0.089421,5.153627,-0.326306,17.491332,1.511181,0.354009,-2.161411,0.659892,3.157977,-0.144814,0.004549,0.389115,-0.480003,0.053710,2.586837,0.471185,18.000000,0,98.787307
16.160000,17.483015,0.107977,0.461599,-0.000742,0.001810,-0.000202,0.118053,-0.649192,-0.089536,5.147000,-0.325515,17.489441,1.512411,0.353736,-2.161603,0.659878,3.159471,-0.144880,0.004637,0.389406,-0.478920,0.053302,2.582260,0.471185,18.000000,0,98.612539
16.170000,17.481117,0.107882,0.461924,-0.000737,0.001810,-0.000206,0.117630,-0.648155,-0.089653,5.140372,-0.324725,17.487551,1.513641,0.353464,-2.161796,0.659865,3.160964,-0.144946,0.004724,0.389697,-0.477838,0.052896,2.577684,0.471185,18.000000,0,98.437790
16.180000,17.479219,0.107788,0.462249,-0.000732,0.001810,-0.000210,0.117210,-0.647117,-0.089772,5.133745,-0.323936,17.485663,1.514871,0.353193,-2.161988,0.659851,3.162456,-0.145012,0.004810,0.389989,-0.476756,0.052494,2.573109,0.471185,18.000000,0,98.263059
16.190000,17.477322,0.107694,0.462574,-0.000727,0.001810,-0.000214,0.116793,-0.646080,-0.089894,5.127118,-0.323148,17.483775,1.516100,0.352923,-2.162180,0.659837,3.163948,-0.145077,0.004896,0.390281,-0.475674,0.052094,2.568534,0.471185,18.000000,0,98.088348
16.200000,17.475427,0.107600,0.462899,-0.000723,0.001810,-0.000217,0.116378,-0.645042,-0.090017,5.120491,-0.322362,17.481887,1.517329,0.352654,-2.162372,0.659824,3.165439,-0.145142,0.004981,0.390573,-0.474593,0.051697,2.563959,0.471185,18.000000,0,97.913656
16.210000,17.473532,0.107507,0.463224,-0.000718,0.001810,-0.000221,0.115966,-0.644005,-0.090143,5.113864,-0.321577,17.480001,1.518558,0.352386,-2.162563,0.659810,3.166929,-0.145206,0.005066,0.390866,-0.473512,0.051302,2.559385,0.471185,18.000000,0,97.738982
16.220000,17.471637,0.107414,0.463549,-0.000713,0.001810,-0.000225,0.115556,-0.642967,-0.090270,5.107237,-0.320793,17.478116,1.519786,0.352119,-2.162753,0.659796,3.168419,-0.145269,0.005150,0.391159,-0.472431,0.050911,2.554812,0.471185,18.000000,0,97.564327
16.230000,17.469744,0.107321,0.463873,-0.000708,0.001810,-0.000228,0.115150,-0.641929,-0.090400,5.100611,-0.320011,17.476231,1.521015,0.351854,-2.162944,0.659782,3.169908,-0.145333,0.005234,0.391452,-0.471350,0.050522,2.550239,0.471185,18.000000,0,97.389691
16.240000,17.467852,0.107229,0.464198,-0.000704,0.001810,-0.000232,0.114746,-0.640892,-0.090532,5.093984,-0.319229,17.474347,1.522242,0.351589,-2.163134,0.659768,3.171397,-0.145395,0.005317,0.391746,-0.470270,0.050135,2.545666,0.471185,18.000000,0,97.215074
16.250000,17.465960,0.107137,0.464522,-0.000699,0.001810,-0.000236,0.114344,-0.639854,-0.090666,5.087358,-0.318450,17.472465,1.523470,0.351325,-2.163324,0.659754,3.172885,-0.145458,0.005400,0.392039,-0.469191,0.049752,2.541094,0.471185,18.000000,0,97.040476
16.260000,17.464069,0.107045,0.464846,-0.000694,0.001810,-0.000239,0.113946,-0.638816,-0.090802,5.080731,-0.317671,17.470583,1.524697,0.351063,-2.163513,0.659739,3.174372,-0.145520,0.005482,0.392333,-0.468111,0.049371,2.536523,0.471185,18.000000,0,96.865896
16.270000,17.462180,0.106954,0.465170,-0.000690,0.001810,-0.000243,0.113550,-0.637778,-0.090940,5.074105,-0.316894,17.468702,1.525924,0.350801,-2.163702,0.659725,3.175858,-0.145581,0.005564,0.392628,-0.467032,0.048993,2.531952,0.471185,18.000000,0,96.691336
16.280000,17.460291,0.106863,0.465493,-0.000685,0.001810,-0.000246,0.113157,-0.636740,-0.091080,5.067479,-0.316118,17.466822,1.527150,0.350540,-2.163891,0.659711,3.177344,-0.145642,0.005645,0.392922,-0.465954,0.048618,2.527381,0.471185,18.000000,0,96.516794
16.290000,17.458403,0.106772,0.465817,-0.000681,0.001811,-0.000250,0.112766,-0.635702,-0.091222,5.060853,-0.315344,17.464943,1.528377,0.350281,-2.164079,0.659696,3.178829,-0.145702,0.005725,0.393217,-0.464875,0.048245,2.522811,0.471185,18.000000,0,96.342271
16.300000,17.456516,0.106682,0.466140,-0.000676,0.001811,-0.000253,0.112378,-0.634664,-0.091366,5.054228,-0.314570,17.463064,1.529602,0.350022,-2.164267,0.659682,3.180314,-0.145762,0.005805,0.393513,-0.463797,0.047876,2.518242,0.471185,18.000000,0,96.167767
16.310000,17.454630,0.106592,0.466464,-0.000672,0.001811,-0.000257,0.111993,-0.633626,-0.091512,5.047602,-0.313799,17.461187,1.530828,0.349765,-2.164454,0.659667,3.181797,-0.145822,0.005884,0.393808,-0.462720,0.047508,2.513673,0.471185,18.000000,0,95.993281
16.320000,17.452745,0.106502,0.466787,-0.000667,0.001811,-0.000260,0.111610,-0.632588,-0.091661,5.040976,-0.313028,17.459311,1.532053,0.349508,-2.164641,0.659652,3.183280,-0.145881,0.005963,0.394104,-0.461643,0.047144,2.509104,0.471185,18.000000,0,95.818814
16.330000,17.450860,0.106413,0.467110,-0.000662,0.001811,-0.000264,0.111230,-0.631550,-0.091811,5.034351,-0.312259,17.457435,1.533278,0.349253,-2.164828,0.659637,3.184763,-0.145940,0.006042,0.394400,-0.460566,0.046782,2.504536,0.471185,18.000000,0,95.644366
16.340000,17.448977,0.106324,0.467432,-0.000658,0.001811,-0.000267,0.110853,-0.630512,-0.091963,5.027726,-0.311491,17.455560,1.534502,0.348998,-2.165015,0.659623,3.186244,-0.145998,0.006120,0.394696,-0.459489,0.046422,2.499968,0.471185,18.000000,0,95.469937
16.350000,17.447094,0.106235,0.467755,-0.000653,0.001811,-0.000270,0.110478,-0.629474,-0.092117,5.021100,-0.310724,17.453687,1.535727,0.348744,-2.165201,0.659608,3.187725,-0.146055,0.006197,0.394993,-0.458413,0.046066,2.495401,0.471185,18.000000,0,95.295527
16.360000,17.445213,0.106147,0.468077,-0.000649,0.001811,-0.000274,0.110105,-0.628436,-0.092272,5.014475,-0.309959,17.451814,1.536950,0.348492,-2.165386,0.659592,3.189206,-0.146113,0.006274,0.395290,-0.457337,0.045712,2.490835,0.471185,18.000000,0,95.121135
16.370000,17.443332,0.106059,0.468400,-0.000644,0.001811,-0.000277,0.109736,-0.627398,-0.092430,5.007851,-0.309195,17.449942,1.538174,0.348240,-2.165572,0.659577,3.190685,-0.146169,0.006350,0.395587,-0.456262,0.045360,2.486268,0.471185,18.000000,0,94.946762
16.380000,17.441453,0.105971,0.468722,-0.000640,0.001811,-0.000280,0.109369,-0.626360,-0.092590,5.001226,-0.308433,17.448071,1.539397,0.347990,-2.165757,0.659562,3.192164,-0.146226,0.006426,0.395884,-0.455187,0.045011,2.481703,0.471185,18.000000,0,94.772408
16.390000,17.439574,0.105884,0.469044,-0.000636,0.001811,-0.000284,0.109004,-0.625322,-0.092751,4.994601,-0.307672,17.446202,1.540620,0.347740,-2.165941,0.659547,3.193642,-0.146282,0.006501,0.396182,-0.454112,0.044665,2.477138,0.471185,18.000000,0,94.598072
16.400000,17.437696,0.105797,0.469366,-0.000631,0.001811,-0.000287,0.108642,-0.624283,-0.092915,4.987977,-0.306912,17.444333,1.541842,0.347492,-2.166125,0.659531,3.195119,-0.146337,0.006576,0.396480,-0.453038,0.044321,2.472573,0.471185,18.000000,0,94.423755
16.410000,17.435819,0.105710,0.469687,-0.000627,0.001811,-0.000290,0.108282,-0.623245,-0.093080,4.981353,-0.306154,17.442465,1.543064,0.347244,-2.166309,0.659516,3.196596,-0.146392,0.006650,0.396779,-0.451964,0.043980,2.468009,0.471185,18.000000,0,94.249457
16.420000,17.433943,0.105624,0.470009,-0.000622,0.001811,-0.000293,0.107925,-0.622207,-0.093247,4.974728,-0.305397,17.440598,1.544286,0.346997,-2.166493,0.659500,3.198072,-0.146447,0.006723,0.397077,-0.450891,0.043642,2.463445,0.471185,18.000000,0,94.075177
16.430000,17.432068,0.105538,0.470330,-0.000618,0.001811,-0.000297,0.107571,-0.621169,-0.093416,4.968104,-0.304641,17.438732,1.545507,0.346752,-2.166676,0.659485,3.199547,-0.146501,0.006797,0.397376,-0.449817,0.043306,2.458882,0.471185,18.000000,0,93.900916
16.440000,17.430194,0.105452,0.470651,-0.000614,0.001811,-0.000300,0.107219,-0.620131,-0.093587,4.961480,-0.303887,17.436866,1.546728,0.346507,-2.166859,0.659469,3.201022,-0.146555,0.006869,0.397675,-0.448745,0.042972,2.454319,0.471185,18.000000,0,93.726674
16.450000,17.428321,0.105367,0.470972,-0.000609,0.001811,-0.000303,0.106870,-0.619092,-0.093760,4.954857,-0.303134,17.435002,1.547948,0.346263,-2.167041,0.659453,3.202496,-0.146608,0.006941,0.397975,-0.447672,0.042641,2.449757,0.471185,18.000000,0,93.552451
16.460000,17.426449,0.105282,0.471293,-0.000605,0.001811,-0.000306,0.106523,-0.618054,-0.093934,4.948233,-0.302382,17.433139,1.549169,0.346021,-2.167223,0.659437,3.203969,-0.146661,0.007013,0.398274,-0.446600,0.042313,2.445195,0.471185,18.000000,0,93.378246
16.470000,17.424578,0.105197,0.471613,-0.000601,0.001811,-0.000309,0.106178,-0.617016,-0.094110,4.941610,-0.301632,17.431277,1.550388,0.345779,-2.167404,0.659421,3.205441,-0.146713,0.007084,0.398574,-0.445529,0.041987,2.440634,0.471185,18.000000,0,93.204059
16.480000,17.422708,0.105112,0.471934,-0.000596,0.001811,-0.000312,0.105836,-0.615978,-0.094288,4.934987,-0.300884,17.429416,1.551608,0.345538,-2.167586,0.659405,3.206912,-0.146765,0.007155,0.398874,-0.444457,0.041664,2.436073,0.471185,18.000000,0,93.029891
16.490000,17.420839,0.105028,0.472254,-0.000592,0.001811,-0.000315,0.105497,-0.614940,-0.094468,4.928363,-0.300136,17.427556,1.552827,0.345298,-2.167766,0.659389,3.208383,-0.146817,0.007225,0.399175,-0.443387,0.041343,2.431513,0.471185,18.000000,0,92.855742
16.500000,17.418971,0.104944,0.472574,-0.000588,0.001811,-0.000318,0.105160,-0.613902,-0.094650,4.921740,-0.299390,17.425696,1.554045,0.345059,-2.167947,0.659373,3.209853,-0.146868,0.007295,0.399476,-0.442316,0.041024,2.426953,0.471185,18.000000,0,92.681612
16.510000,17.417104,0.104861,0.472894,-0.000583,0.001811,-0.000321,0.104825,-0.612863,-0.094833,4.915118,-0.298645,17.423838,1.555263,0.344821,-2.168127,0.659356,3.211322,-0.146919,0.007364,0.399777,-0.441246,0.040708,2.422394,0.471185,18.000000,0,92.507500
16.520000,17.415238,0.104777,0.473214,-0.000579,0.001811,-0.000324,0.104493,-0.611825,-0.095018,4.908495,-0.297902,17.421981,1.556481,0.344584,-2.168306,0.659340,3.212791,-0.146969,0.007432,0.400078,-0.440177,0.040395,2.417835,0.471185,18.000000,0,92.333406
16.530000,17.413373,0.104695,0.473534,-0.000575,0.001811,-0.000327,0.104163,-0.610787,-0.095205,4.901873,-0.297160,17.420125,1.557699,0.344348,-2.168486,0.659323,3.214259,-0.147019,0.007500,0.400380,-0.439107,0.040084,2.413277,0.471185,18.000000,0,92.159332
16.540000,17.411509,0.104612,0.473853,-0.000571,0.001811,-0.000330,0.103836,-0.609749,-0.095393,4.895250,-0.296420,17.418270,1.558916,0.344113,-2.168665,0.659307,3.215726,-0.147069,0.007568,0.400682,-0.438039,0.039775,2.408719,0.471185,18.000000,0,91.985275
16.550000,17.409646,0.104530,0.474172,-0.000567,0.001811,-0.000333,0.103511,-0.608711,-0.095583,4.888628,-0.295681,17.416415,1.560132,0.343879,-2.168843,0.659290,3.217192,-0.147118,0.007635,0.400984,-0.436970,0.039469,2.404162,0.471185,18.000000,0,91.811238
16.560000,17.407783,0.104448,0.474491,-0.000562,0.001811,-0.000336,0.103188,-0.607673,-0.095775,4.882006,-0.294943,17.414562,1.561349,0.343646,-2.169021,0.659273,3.218658,-0.147166,0.007702,0.401286,-0.435902,0.039165,2.399605,0.471185,18.000000,0,91.637218
16.570000,17.405922,0.104366,0.474810,-0.000558,0.001811,-0.000339,0.102868,-0.606635,-0.095968,4.875385,-0.294207,17.412710,1.562564,0.343414,-2.169199,0.659257,3.220122,-0.147215,0.007768,0.401589,-0.434834,0.038864,2.395049,0.471185,18.000000,0,91.463218
16.580000,17.404062,0.104285,0.475129,-0.000554,0.001811,-0.000342,0.102551,-0.605597,-0.096163,4.868763,-0.293472,17.410859,1.563780,0.343182,-2.169376,0.659240,3.221586,-0.147262,0.007834,0.401892,-0.433767,0.038565,2.390493,0.471185,18.000000,0,91.289236
16.590000,17.402203,0.104203,0.475447,-0.000550,0.001811,-0.000345,0.102235,-0.604559,-0.096360,4.862141,-0.292739,17.409009,1.564995,0.342952,-2.169553,0.659223,3.223049,-0.147310,0.007899,0.402195,-0.432701,0.038269,2.385937,0.471185,18.000000,0,91.115272
16.600000,17.400345,0.104123,0.475766,-0.000546,0.001811,-0.000347,0.101922,-0.603521,-0.096558,4.855520,-0.292007,17.407160,1.566209,0.342723,-2.169730,0.659206,3.224512,-0.147357,0.007964,0.402498,-0.431634,0.037975,2.381382,0.471185,18.000000,0,90.941327
16.610000,17.398488,0.104042,0.476084,-0.000542,0.001811,-0.000350,0.101612,-0.602483,-0.096758,4.848899,-0.291276,17.405312,1.567423,0.342494,-2.169906,0.659188,3.225973,-0.147403,0.008028,0.402802,-0.430568,0.037683,2.376828,0.471185,18.000000,0,90.767400
16.620000,17.396632,0.103962,0.476402,-0.000538,0.001810,-0.000353,0.101303,-0.601445,-0.096959,4.842278,-0.290547,17.403465,1.568637,0.342266,-2.170082,0.659171,3.227434,-0.147450,0.008092,0.403106,-0.429503,0.037394,2.372274,0.471185,18.000000,0,90.593492
16.630000,17.394777,0.103882,0.476720,-0.000534,0.001810,-0.000356,0.100998,-0.600407,-0.097162,4.835657,-0.289819,17.401619,1.569850,0.342040,-2.170257,0.659154,3.228894,-0.147495,0.008155,0.403410,-0.428438,0.037107,2.367721,0.471185,18.000000,0,90.419602
16.640000,17.392923,0.103803,0.477037,-0.000530,0.001810,-0.000359,0.100694,-0.599369,-0.097367,4.829037,-0.289093,17.399774,1.571063,0.341814,-2.170432,0.659136,3.230353,-0.147541,0.008218,0.403715,-0.427373,0.036822,2.363168,0.471185,18.000000,0,90.245731
16.650000,17.391071,0.103723,0.477355,-0.000526,0.001810,-0.000361,0.100393,-0.598331,-0.097573,4.822417,-0.288368,17.397930,1.572275,0.341589,-2.170606,0.659119,3.231812,-0.147586,0.008280,0.404020,-0.426309,0.036540,2.358615,0.471185,18.000000,0,90.071878
16.660000,17.389219,0.103644,0.477672,-0.000522,0.001810,-0.000364,0.100094,-0.597293,-0.097781,4.815796,-0.287644,17.396087,1.573487,0.341365,-2.170781,0.659101,3.233269,-0.147630,0.008342,0.404325,-0.425245,0.036260,2.354063,0.471185,18.000000,0,89.898044
16.670000,17.387368,0.103566,0.477989,-0.000518,0.001810,-0.000367,0.099797,-0.596255,-0.097990,4.809176,-0.286922,17.394245,1.574699,0.341142,-2.170954,0.659083,3.234726,-0.147674,0.008404,0.404630,-0.424181,0.035983,2.349512,0.471185,18.000000,0,89.724228
16.680000,17.385518,0.103487,0.478306,-0.000514,0.001810,-0.000369,0.099503,-0.595218,-0.098201,4.802557,-0.286202,17.392404,1.575910,0.340920,-2.171128,0.659066,3.236182,-0.147718,0.008465,0.404936,-0.423118,0.035707,2.344961,0.471185,18.000000,0,89.550430
16.690000,17.383670,0.103409,0.478623,-0.000510,0.001810,-0.000372,0.099211,-0.594180,-0.098414,4.795937,-0.285482,17.390565,1.577121,0.340699,-2.171301,0.659048,3.237637,-0.147762,0.008525,0.405242,-0.422056,0.035435,2.340410,0.471185,18.000000,0,89.376651
16.700000,17.381822,0.103331,0.478939,-0.000506,0.001810,-0.000375,0.098921,-0.593142,-0.098627,4.789318,-0.284764,17.388726,1.578331,0.340479,-2.171473,0.659030,3.239091,-0.147805,0.008585,0.405548,-0.420994,0.035164,2.335860,0.471185,18.000000,0,89.202890
16.710000,17.379976,0.103254,0.479256,-0.000502,0.001810,-0.000377,0.098634,-0.592105,-0.098843,4.782698,-0.284048,17.386889,1.579541,0.340259,-2.171645,0.659012,3.240545,-0.147847,0.008645,0.405854,-0.419932,0.034896,2.331310,0.471185,18.000000,0,89.029148
16.720000,17.378130,0.103177,0.479572,-0.000498,0.001810,-0.000380,0.098348,-0.591067,-0.099060,4.776079,-0.283333,17.385052,1.580750,0.340041,-2.171817,0.658994,3.241998,-0.147889,0.008704,0.406161,-0.418871,0.034630,2.326761,0.471185,18.000000,0,88.855423
16.730000,17.376286,0.103100,0.479888,-0.000494,0.001810,-0.000382,0.098066,-0.590030,-0.099278,4.769460,-0.282620,17.383217,1.581959,0.339823,-2.171988,0.658975,3.243449,-0.147931,0.008762,0.406468,-0.417810,0.034366,2.322213,0.471185,18.000000,0,88.681718
16.740000,17.374443,0.103023,0.480204,-0.000490,0.001810,-0.000385,0.097785,-0.588992,-0.099498,4.762842,-0.281908,17.381383,1.583167,0.339606,-2.172159,0.658957,3.244901,-0.147973,0.008820,0.406775,-0.416750,0.034104,2.317664,0.471185,18.000000,0,88.508030
16.750000,17.372601,0.102947,0.480519,-0.000486,0.001809,-0.000387,0.097506,-0.587955,-0.099719,4.756223,-0.281197,17.379550,1.584375,0.339391,-2.172330,0.658939,3.246351,-0.148014,0.008878,0.407082,-0.415690,0.033845,2.313117,0.471185,18.000000,0,88.334361
16.760000,17.370759,0.102871,0.480835,-0.000482,0.001809,-0.000390,0.097230,-0.586918,-0.099942,4.749605,-0.280488,17.377718,1.585582,0.339176,-2.172500,0.658920,3.247800,-0.148054,0.008935,0.407390,-0.414630,0.033588,2.308569,0.471185,18.000000,0,88.160711
16.770000,17.368920,0.102795,0.481150,-0.000478,0.001809,-0.000392,0.096956,-0.585880,-0.100166,4.742987,-0.279780,17.375887,1.586789,0.338962,-2.172670,0.658902,3.249249,-0.148095,0.008992,0.407698,-0.413571,0.033333,2.304023,0.471185,18.000000,0,87.987078
16.780000,17.367081,0.102720,0.481465,-0.000474,0.001809,-0.000395,0.096684,-0.584843,-0.100391,4.736369,-0.279074,17.374057,1.587996,0.338748,-2.172839,0.658883,3.250696,-0.148135,0.009048,0.408006,-0.412513,0.033081,2.299476,0.471185,18.000000,0,87.813464
16.790000,17.365243,0.102644,0.481780,-0.000471,0.001809,-0.000397,0.096415,-0.583806,-0.100618,4.729752,-0.278369,17.372228,1.589202,0.338536,-2.173008,0.658864,3.252143,-0.148174,0.009104,0.408314,-0.411455,0.032830,2.294931,0.471185,18.000000,0,87.639868
16.800000,17.363406,0.102570,0.482095,-0.000467,0.001809,-0.000400,0.096147,-0.582769,-0.100846,4.723134,-0.277665,17.370400,1.590407,0.338325,-2.173176,0.658845,3.253589,-0.148213,0.009160,0.408623,-0.410397,0.032582,2.290385,0.471185,18.000000,0,87.466291
16.810000,17.361571,0.102495,0.482409,-0.000463,0.001809,-0.000402,0.095882,-0.581732,-0.101076,4.716517,-0.276963,17.368574,1.591612,0.338114,-2.173344,0.658826,3.255034,-0.148252,0.009215,0.408932,-0.409340,0.032337,2.285841,0.471185,18.000000,0,87.292731
16.820000,17.359736,0.102421,0.482723,-0.000459,0.001809,-0.000404,0.095619,-0.580695,-0.101307,4.709900,-0.276263,17.366749,1.592817,0.337905,-2.173512,0.658807,3.256479,-0.148290,0.009269,0.409241,-0.408283,0.032093,2.281296,0.471185,18.000000,0,87.119190
16.830000,17.357903,0.102347,0.483037,-0.000455,0.001809,-0.000407,0.095358,-0.579658,-0.101540,4.703283,-0.275564,17.364924,1.594021,0.337696,-2.173679,0.658788,3.257922,-0.148328,0.009323,0.409551,-0.407227,0.031851,2.276752,0.471185,18.000000,0,86.945668
16.840000,17.356071,0.102273,0.483351,-0.000452,0.001808,-0.000409,0.095100,-0.578621,-0.101773,4.696667,-0.274866,17.363101,1.595224,0.337488,-2.173846,0.658769,3.259365,-0.148366,0.009377,0.409860,-0.406171,0.031612,2.272209,0.471185,18.000000,0,86.772163
16.850000,17.354240,0.102199,0.483665,-0.000448,0.001808,-0.000411,0.094843,-0.577585,-0.102008,4.690050,-0.274170,17.361279,1.596428,0.337281,-2.174012,0.658750,3.260806,-0.148403,0.009430,0.410170,-0.405116,0.031375,2.267666,0.471185,18.000000,0,86.598677
16.860000,17.352410,0.102126,0.483978,-0.000444,0.001808,-0.000414,0.094589,-0.576548,-0.102245,4.683434,-0.273475,17.359458,1.597630,0.337075,-2.174178,0.658730,3.262247,-0.148440,0.009483,0.410480,-0.404061,0.031140,2.263124,0.471185,18.000000,0,86.425209
16.870000,17.350581,0.102053,0.484292,-0.000441,0.001808,-0.000416,0.094336,-0.575512,-0.102483,4.676818,-0.272782,17.357638,1.598832,0.336869,-2.174344,0.658711,3.263687,-0.148477,0.009535,0.410791,-0.403007,0.030907,2.258582,0.471185,18.000000,0,86.251759
16.880000,17.348753,0.101981,0.484605,-0.000437,0.001808,-0.000418,0.094086,-0.574475,-0.102722,4.670203,-0.272090,17.355820,1.600034,0.336665,-2.174509,0.658691,3.265126,-0.148513,0.009587,0.411102,-0.401953,0.030676,2.254040,0.471185,18.000000,0,86.078327
16.890000,17.346927,0.101908,0.484918,-0.000433,0.001808,-0.000421,0.093838,-0.573439,-0.102962,4.663587,-0.271400,17.354002,1.601235,0.336461,-2.174674,0.658672,3.266564,-0.148549,0.009639,0.411413,-0.400899,0.030448,2.249499,0.471185,18.000000,0,85.904913
16.900000,17.345101,0.101836,0.485230,-0.000430,0.001808,-0.000423,0.093592,-0.572402,-0.103204,4.656972,-0.270711,17.352186,1.602435,0.336258,-2.174838,0.658652,3.268002,-0.148584,0.009690,0.411724,-0.399846,0.030221,2.244959,0.471185,18.000000,0,85.731518
16.910000,17.343277,0.101764,0.485543,-0.000426,0.001807,-0.000425,0.093349,-0.571366,-0.103446,4.650357,-0.270024,17.350371,1.603636,0.336056,-2.175002,0.658632,3.269438,-0.148619,0.009740,0.412035,-0.398794,0.029997,2.240419,0.471185,18.000000,0,85.558141
16.920000,17.341454,0.101693,0.485855,-0.000422,0.001807,-0.000427,0.093107,-0.570330,-0.103691,4.643742,-0.269338,17.348557,1.604835,0.335855,-2.175165,0.658612,3.270874,-0.148654,0.009791,0.412347,-0.397742,0.029775,2.235879,0.471185,18.000000,0,85.384782
16.930000,17.339632,0.101622,0.486167,-0.000419,0.001807,-0.000429,0.092867,-0.569294,-0.103936,4.637127,-0.268653,17.346744,1.606034,0.335655,-2.175328,0.658592,3.272308,-0.148688,0.009840,0.412659,-0.396690,0.029555,2.231340,0.471185,18.000000,0,85.211441
16.940000,17.337811,0.101551,0.486479,-0.000415,0.001807,-0.000432,0.092630,-0.568258,-0.104183,4.630513,-0.267970,17.344932,1.607233,0.335456,-2.175491,0.658572,3.273742,-0.148722,0.009890,0.412971,-0.395639,0.029337,2.226801,0.471185,18.000000,0,85.038118
16.950000,17.335992,0.101480,0.486791,-0.000411,0.001807,-0.000434,0.092394,-0.567222,-0.104430,4.623899,-0.267289,17.343122,1.608431,0.335257,-2.175653,0.658552,3.275175,-0.148756,0.009939,0.413283,-0.394588,0.029121,2.222263,0.471185,18.000000,0,84.864813
16.960000,17.334173,0.101410,0.487102,-0.000408,0.001807,-0.000436,0.092161,-0.566187,-0.104680,4.617285,-0.266609,17.341313,1.609628,0.335059,-2.175815,0.658532,3.276607,-0.148789,0.009987,0.413596,-0.393538,0.028907,2.217726,0.471185,18.000000,0,84.691526
16.970000,17.332356,0.101339,0.487414,-0.000404,0.001806,-0.000438,0.091930,-0.565151,-0.104930,4.610672,-0.265930,17.339504,1.610825,0.334863,-2.175976,0.658511,3.278038,-0.148822,0.010035,0.413909,-0.392489,0.028695,2.213188,0.471185,18.000000,0,84.518258
16.980000,17.330540,0.101269,0.487725,-0.000401,0.001806,-0.000440,0.091700,-0.564115,-0.105181,4.604058,-0.265253,17.337697,1.612021,0.334667,-2.176137,0.658491,3.279468,-0.148855,0.010083,0.414222,-0.391440,0.028485,2.208652,0.471185,18.000000,0,84.345007
16.990000,17.328725,0.101200,0.488036,-0.000397,0.001806,-0.000442,0.091473,-0.563080,-0.105434,4.597445,-0.264577,17.335892,1.613217,0.334471,-2.176297,0.658470,3.280898,-0.148887,0.010130,0.414536,-0.390391,0.028278,2.204115,0.471185,18.000000,0,84.171775
17.000000,17.326912,0.101131,0.488346,-0.000394,0.001806,-0.000444,0.091248,-0.562045,-0.105688,4.590832,-0.263903,17.334087,1.614413,0.334277,-2.176457,0.658449,3.282326,-0.148919,0.010177,0.414849,-0.389343,0.028072,2.199580,0.471185,18.000000,0,83.998560
17.010000,17.325099,0.101061,0.488657,-0.000390,0.001806,-0.000446,0.091025,-0.561009,-0.105943,4.584219,-0.263231,17.332284,1.615607,0.334083,-2.176617,0.658429,3.283753,-0.148951,0.010223,0.415163,-0.388295,0.027868,2.195044,0.471185,18.000000,0,83.825364
17.020000,17.323288,0.100993,0.488967,-0.000387,0.001806,-0.000448,0.090804,-0.559974,-0.106199,4.577607,-0.262559,17.330481,1.616802,0.333891,-2.176776,0.658408,3.285180,-0.148982,0.010269,0.415477,-0.387248,0.027667,2.190510,0.471185,18.000000,0,83.652186
17.030000,17.321478,0.100924,0.489277,-0.000383,0.001805,-0.000450,0.090585,-0.558939,-0.106456,4.570995,-0.261890,17.328680,1.617995,0.333699,-2.176934,0.658387,3.286605,-0.149013,0.010315,0.415792,-0.386202,0.027467,2.185975,0.471185,18.000000,0,83.479025
17.040000,17.319669,0.100856,0.489587,-0.000380,0.001805,-0.000452,0.090367,-0.557904,-0.106715,4.564383,-0.261221,17.326881,1.619188,0.333507,-2.177093,0.658366,3.288030,-0.149043,0.010360,0.416106,-0.385156,0.027270,2.181441,0.471185,18.000000,0,83.305883
17.050000,17.317861,0.100788,0.489897,-0.000376,0.001805,-0.000454,0.090152,-0.556869,-0.106974,4.557771,-0.260555,17.325082,1.620381,0.333317,-2.177251,0.658345,3.289454,-0.149073,0.010404,0.416421,-0.384110,0.027074,2.176908,0.471185,18.000000,0,83.132758
17.060000,17.316055,0.100720,0.490206,-0.000373,0.001805,-0.000456,0.089939,-0.555835,-0.107235,4.551160,-0.259889,17.323285,1.621573,0.333128,-2.177408,0.658324,3.290877,-0.149103,0.010449,0.416736,-0.383065,0.026880,2.172375,0.471185,18.000000,0,82.959652
17.070000,17.314249,0.100653,0.490515,-0.000369,0.001805,-0.000458,0.089728,-0.554800,-0.107497,4.544549,-0.259226,17.321489,1.622765,0.332939,-2.177565,0.658302,3.292299,-0.149133,0.010493,0.417051,-0.382020,0.026689,2.167842,0.471185,18.000000,0,82.786564
17.080000,17.312445,0.100585,0.490824,-0.000366,0.001804,-0.000460,0.089518,-0.553766,-0.107759,4.537938,-0.258563,17.319694,1.623956,0.332751,-2.177721,0.658281,3.293719,-0.149162,0.010536,0.417367,-0.380976,0.026499,2.163310,0.471185,18.000000,0,82.613493
17.090000,17.310642,0.100518,0.491133,-0.000363,0.001804,-0.000462,0.089311,-0.552731,-0.108023,4.531327,-0.257902,17.317900,1.625146,0.332564,-2.177877,0.658259,3.295139,-0.149191,0.010579,0.417683,-0.379933,0.026312,2.158779,0.471185,18.000000,0,82.440441
17.100000,17.308841,0.100452,0.491442,-0.000359,0.001804,-0.000463,0.089106,-0.551697,-0.108288,4.524717,-0.257243,17.316107,1.626336,0.332378,-2.178033,0.658238,3.296558,-0.149219,0.010622,0.417999,-0.378890,0.026126,2.154248,0.471185,18.000000,0,82.267406
17.110000,17.307040,0.100385,0.491750,-0.000356,0.001804,-0.000465,0.088902,-0.550663,-0.108555,4.518106,-0.256585,17.314316,1.627525,0.332192,-2.178188,0.658216,3.297977,-0.149247,0.010664,0.418315,-0.377847,0.025942,2.149717,0.471185,18.000000,0,82.094389
17.120000,17.305241,0.100319,0.492058,-0.000352,0.001803,-0.000467,0.088701,-0.549629,-0.108822,4.511497,-0.255929,17.312526,1.628714,0.332007,-2.178343,0.658194,3.299394,-0.149275,0.010706,0.418632,-0.376805,0.025760,2.145187,0.471185,18.000000,0,81.921390
17.130000,17.303443,0.100253,0.492366,-0.000349,0.001803,-0.000469,0.088501,-0.548596,-0.109090,4.504887,-0.255274,17.310737,1.629902,0.331823,-2.178497,0.658173,3.300810,-0.149303,0.010748,0.418948,-0.375764,0.025580,2.140657,0.471185,18.000000,0,81.748410
17.140000,17.301647,0.100187,0.492674,-0.000346,0.001803,-0.000471,0.088304,-0.547562,-0.109359,4.498278,-0.254621,17.308950,1.631089,0.331640,-2.178651,0.658151,3.302225,-0.149330,0.010789,0.419265,-0.374723,0.025402,2.136128,0.471185,18.000000,0,81.575446
17.150000,17.299851,0.100122,0.492982,-0.000342,0.001803,-0.000473,0.088108,-0.546528,-0.109629,4.491668,-0.253969,17.307164,1.632276,0.331458,-2.178804,0.658129,3.303639,-0.149357,0.010830,0.419582,-0.373682,0.025226,2.131600,0.471185,18.000000,0,81.402501
17.160000,17.298057,0.100057,0.493289,-0.000339,0.001803,-0.000474,0.087914,-0.545495,-0.109901,4.485060,-0.253318,17.305379,1.633462,0.331276,-2.178957,0.658106,3.305053,-0.149383,0.010870,0.419900,-0.372642,0.025052,2.127071,0.471185,18.000000,0,81.229574
17.170000,17.296264,0.099992,0.493596,-0.000336,0.001802,-0.000476,0.087722,-0.544462,-0.110173,4.478451,-0.252669,17.303595,1.634648,0.331096,-2.179110,0.658084,3.306465,-0.149410,0.010910,0.420217,-0.371603,0.024880,2.122543,0.471185,18.000000,0,81.056664
17.180000,17.294473,0.099927,0.493903,-0.000333,0.001802,-0.000478,0.087532,-0.543429,-0.110446,4.471843,-0.252022,17.301812,1.635833,0.330916,-2.179262,0.658062,3.307876,-0.149435,0.010949,0.420535,-0.370564,0.024710,2.118016,0.471185,18.000000,0,80.883773
17.190000,17.292682,0.099863,0.494210,-0.000329,0.001802,-0.000479,0.087344,-0.542396,-0.110720,4.465235,-0.251376,17.300031,1.637018,0.330736,-2.179413,0.658040,3.309287,-0.149461,0.010989,0.420853,-0.369526,0.024541,2.113489,0.471185,18.000000,0,80.710899
17.200000,17.290893,0.099799,0.494516,-0.000326,0.001802,-0.000481,0.087158,-0.541363,-0.110995,4.458627,-0.250731,17.298251,1.638202,0.330558,-2.179564,0.658017,3.310696,-0.149486,0.011027,0.421172,-0.368488,0.024375,2.108963,0.471185,18.000000,0,80.538043
17.210000,17.289105,0.099735,0.494822,-0.000323,0.001801,-0.000483,0.086973,-0.540330,-0.111272,4.452020,-0.250089,17.296472,1.639385,0.330380,-2.179715,0.657994,3.312105,-0.149511,0.011066,0.421490,-0.367451,0.024210,2.104437,0.471185,18.000000,0,80.365205
17.220000,17.287319,0.099671,0.495128,-0.000320,0.001801,-0.000484,0.086791,-0.539297,-0.111549,4.445412,-0.249447,17.294695,1.640568,0.330203,-2.179865,0.657972,3.313512,-0.149536,0.011104,0.421809,-0.366414,0.024047,2.099911,0.471185,18.000000,0,80.192384
17.230000,17.285533,0.099608,0.495434,-0.000316,0.001801,-0.000486,0.086610,-0.538265,-0.111827,4.438805,-0.248807,17.292919,1.641750,0.330027,-2.180015,0.657949,3.314918,-0.149560,0.011141,0.422128,-0.365378,0.023886,2.095386,0.471185,18.000000,0,80.019581
17.240000,17.283749,0.099545,0.495740,-0.000313,0.001800,-0.000488,0.086431,-0.537233,-0.112106,4.432199,-0.248169,17.291144,1.642931,0.329852,-2.180164,0.657926,3.316324,-0.149584,0.011179,0.422448,-0.364342,0.023727,2.090862,0.471185,18.000000,0,79.846796
17.250000,17.281966,0.099482,0.496045,-0.000310,0.001800,-0.000489,0.086254,-0.536201,-0.112386,4.425592,-0.247532,17.289370,1.644112,0.329677,-2.180313,0.657903,3.317728,-0.149608,0.011216,0.422767,-0.363307,0.023570,2.086338,0.471185,18.000000,0,79.674029
17.260000,17.280185,0.099419,0.496350,-0.000307,0.001800,-0.000491,0.086079,-0.535169,-0.112667,4.418986,-0.246896,17.287598,1.645293,0.329503,-2.180462,0.657880,3.319132,-0.149631,0.011252,0.423087,-0.362273,0.023414,2.081814,0.471185,18.000000,0,79.501279
17.270000,17.278405,0.099357,0.496655,-0.000304,0.001800,-0.000493,0.085906,-0.534137,-0.112948,4.412381,-0.246262,17.285827,1.646472,0.329330,-2.180609,0.657857,3.320534,-0.149654,0.011288,0.423407,-0.361239,0.023260,2.077291,0.471185,18.000000,0,79.328548
17.280000,17.276626,0.099294,0.496960,-0.000301,0.001799,-0.000494,0.085734,-0.533105,-0.113231,4.405775,-0.245630,17.284057,1.647651,0.329158,-2.180757,0.657834,3.321936,-0.149677,0.011324,0.423727,-0.360205,0.023108,2.072768,0.471185,18.000000,0,79.155834
17.290000,17.274848,0.099233,0.497264,-0.000297,0.001799,-0.000496,0.085564,-0.532074,-0.113515,4.399170,-0.244999,17.282289,1.648830,0.328986,-2.180904,0.657810,3.323336,-0.149700,0.011359,0.424047,-0.359172,0.022958,2.068246,0.471185,18.000000,0,78.983137
17.300000,17.273072,0.099171,0.497569,-0.000294,0.001799,-0.000497,0.085396,-0.531043,-0.113799,4.392565,-0.244369,17.280522,1.650008,0.328816,-2.181050,0.657787,3.324736,-0.149722,0.011394,0.424368,-0.358140,0.022810,2.063724,0.471185,18.000000,0,78.810458
17.310000,17.271297,0.099109,0.497873,-0.000291,0.001799,-0.000499,0.085230,-0.530012,-0.114084,4.385960,-0.243741,17.278756,1.651185,0.328646,-2.181197,0.657763,3.326134,-0.149743,0.011429,0.424689,-0.357108,0.022664,2.059203,0.471185,18.000000,0,78.637797
17.320000,17.269524,0.099048,0.498176,-0.000288,0.001798,-0.000500,0.085066,-0.528981,-0.114370,4.379356,-0.243115,17.276991,1.652361,0.328476,-2.181342,0.657740,3.327532,-0.149765,0.011463,0.425010,-0.356077,0.022519,2.054682,0.471185,18.000000,0,78.465154
17.330000,17.267751,0.098987,0.498480,-0.000285,0.001798,-0.000502,0.084903,-0.527950,-0.114657,4.372752,-0.242490,17.275228,1.653537,0.328308,-2.181487,0.657716,3.328928,-0.149786,0.011497,0.425331,-0.355047,0.022376,2.050162,0.471185,18.000000,0,78.292528
17.340000,17.265980,0.098927,0.498783,-0.000282,0.001798,-0.000503,0.084742,-0.526919,-0.114945,4.366148,-0.241866,17.273466,1.654713,0.328140,-2.181632,0.657692,3.330323,-0.149807,0.011531,0.425652,-0.354017,0.022235,2.045642,0.471185,18.000000,0,78.119920
17.350000,17.264210,0.098866,0.499086,-0.000279,0.001797,-0.000505,0.084583,-0.525889,-0.115234,4.359545,-0.241244,17.271706,1.655887,0.327973,-2.181776,0.657668,3.331718,-0.149828,0.011564,0.425974,-0.352987,0.022095,2.041123,0.471185,18.000000,0,77.947329
17.360000,17.262442,0.098806,0.499389,-0.000276,0.001797,-0.000506,0.084426,-0.524859,-0.115523,4.352942,-0.240624,17.269947,1.657061,0.327806,-2.181920,0.657644,3.333111,-0.149848,0.011597,0.426296,-0.351958,0.021958,2.036604,0.471185,18.000000,0,77.774756
17.370000,17.260675,0.098746,0.499692,-0.000273,0.001797,-0.000507,0.084270,-0.523829,-0.115814,4.346339,-0.240005,17.268189,1.658235,0.327641,-2.182063,0.657620,3.334503,-0.149868,0.011629,0.426618,-0.350930,0.021822,2.032085,0.471185,18.000000,0,77.602200
17.380000,17.258909,0.098686,0.499994,-0.000270,0.001796,-0.000509,0.084116,-0.522799,-0.116105,4.339736,-0.239387,17.266432,1.659407,0.327476,-2.182206,0.657596,3.335895,-0.149888,0.011661,0.426941,-0.349902,0.021688,2.027567,0.471185,18.000000,0,77.429663
17.390000,17.257145,0.098627,0.500297,-0.000267,0.001796,-0.000510,0.083964,-0.521769,-0.116397,4.333134,-0.238771,17.264677,1.660579,0.327312,-2.182348,0.657571,3.337285,-0.149907,0.011693,0.427263,-0.348875,0.021555,2.023049,0.471185,18.000000,0,77.257142
17.400000,17.255382,0.098567,0.500599,-0.000264,0.001796,-0.000512,0.083813,-0.520739,-0.116689,4.326532,-0.238157,17.262923,1.661751,0.327148,-2.182490,0.657547,3.338674,-0.149927,0.011724,0.427586,-0.347848,0.021424,2.018532,0.471185,18.000000,0,77.084639
17.410000,17.253620,0.098508,0.500900,-0.000261,0.001795,-0.000513,0.083665,-0.519710,-0.116983,4.319931,-0.237544,17.261171,1.662921,0.326985,-2.182631,0.657522,3.340062,-0.149946,0.011755,0.427909,-0.346822,0.021295,2.014016,0.471185,18.000000,0,76.912154
17.420000,17.251860,0.098450,0.501202,-0.000258,0.001795,-0.000514,0.083518,-0.518681,-0.117277,4.313329,-0.236932,17.259420,1.664091,0.326823,-2.182772,0.657498,3.341449,-0.149964,0.011786,0.428232,-0.345797,0.021168,2.009499,0.471185,18.000000,0,76.739686
17.430000,17.250101,0.098391,0.501503,-0.000255,0.001795,-0.000516,0.083372,-0.517652,-0.117572,4.306728,-0.236322,17.257670,1.665261,0.326662,-2.182913,0.657473,3.342836,-0.149982,0.011816,0.428556,-0.344772,0.021042,2.004984,0.471185,18.000000,0,76.567236
17.440000,17.248343,0.098333,0.501804,-0.000252,0.001794,-0.000517,0.083229,-0.516623,-0.117868,4.300128,-0.235714,17.255922,1.666430,0.326501,-2.183053,0.657448,3.344221,-0.150000,0.011846,0.428879,-0.343747,0.020918,2.000468,0.471185,18.000000,0,76.394803
17.450000,17.246587,0.098275,0.502105,-0.000249,0.001794,-0.000518,0.083087,-0.515595,-0.118165,4.293527,-0.235107,17.254174,1.667598,0.326342,-2.183192,0.657423,3.345604,-0.150018,0.011876,0.429203,-0.342724,0.020796,1.995953,0.471185,18.000000,0,76.222388
17.460000,17.244832,0.098217,0.502405,-0.000246,0.001794,-0.000519,0.082946,-0.514566,-0.118462,4.286927,-0.234502,17.252429,1.668765,0.326182,-2.183331,0.657398,3.346987,-0.150036,0.011905,0.429527,-0.341701,0.020675,1.991439,0.471185,18.000000,0,76.049990
17.470000,17.243079,0.098159,0.502706,-0.000243,0.001793,-0.000521,0.082808,-0.513538,-0.118760,4.280328,-0.233898,17.250684,1.669932,0.326024,-2.183470,0.657373,3.348369,-0.150053,0.011934,0.429852,-0.340678,0.020556,1.986925,0.471185,18.000000,0,75.877609
17.480000,17.241327,0.098102,0.503006,-0.000240,0.001793,-0.000522,0.082671,-0.512510,-0.119059,4.273728,-0.233295,17.248941,1.671098,0.325866,-2.183608,0.657348,3.349750,-0.150070,0.011962,0.430176,-0.339656,0.020439,1.982412,0.471185,18.000000,0,75.705246
17.490000,17.239576,0.098045,0.503306,-0.000238,0.001793,-0.000523,0.082535,-0.511482,-0.119358,4.267129,-0.232694,17.247200,1.672263,0.325709,-2.183745,0.657323,3.351130,-0.150086,0.011991,0.430501,-0.338635,0.020323,1.977899,0.471185,18.000000,0,75.532901
17.500000,17.237826,0.097988,0.503605,-0.000235,0.001792,-0.000524,0.082402,-0.510455,-0.119658,4.260530,-0.232095,17.245460,1.673428,0.325553,-2.183882,0.657297,3.352508,-0.150103,0.012019,0.430826,-0.337614,0.020209,1.973386,0.471185,18.000000,0,75.360573
17.510000,17.236078,0.097931,0.503905,-0.000232,0.001792,-0.000526,0.082270,-0.509427,-0.119959,4.253932,-0.231497,17.243721,1.674592,0.325397,-2.184019,0.657272,3.353886,-0.150119,0.012046,0.431151,-0.336594,0.020097,1.968874,0.471185,18.000000,0,75.188262
17.520000,17.234332,0.097874,0.504204,-0.000229,0.001792,-0.000527,0.082139,-0.508400,-0.120260,4.247334,-0.230900,17.241984,1.675755,0.325242,-2.184155,0.657246,3.355262,-0.150135,0.012073,0.431476,-0.335574,0.019986,1.964362,0.471185,18.000000,0,75.015968
17.530000,17.232587,0.097818,0.504503,-0.000226,0.001791,-0.000528,0.082010,-0.507373,-0.120563,4.240736,-0.230305,17.240248,1.676917,0.325088,-2.184291,0.657221,3.356638,-0.150150,0.012100,0.431802,-0.334555,0.019877,1.959851,0.471185,18.000000,0,74.843692
17.540000,17.230843,0.097762,0.504801,-0.000223,0.001791,-0.000529,0.081883,-0.506346,-0.120865,4.234139,-0.229712,17.238513,1.678079,0.324934,-2.184426,0.657195,3.358012,-0.150165,0.012127,0.432128,-0.333537,0.019770,1.955340,0.471185,18.000000,0,74.671434
17.550000,17.229100,0.097706,0.505100,-0.000221,0.001790,-0.000530,0.081758,-0.505320,-0.121169,4.227541,-0.229120,17.236780,1.679240,0.324782,-2.184560,0.657169,3.359385,-0.150180,0.012153,0.432453,-0.332519,0.019664,1.950830,0.471185,18.000000,0,74.499192
17.560000,17.227359,0.097651,0.505398,-0.000218,0.001790,-0.000531,0.081634,-0.504294,-0.121473,4.220945,-0.228530,17.235048,1.680401,0.324629,-2.184694,0.657143,3.360757,-0.150195,0.012179,0.432780,-0.331502,0.019559,1.946320,0.471185,18.000000,0,74.326968
17.570000,17.225620,0.097595,0.505696,-0.000215,0.001790,-0.000533,0.081511,-0.503267,-0.121778,4.214348,-0.227941,17.233317,1.681561,0.324478,-2.184828,0.657117,3.362128,-0.150209,0.012204,0.433106,-0.330485,0.019457,1.941811,0.471185,18.000000,0,74.154761
17.580000,17.223882,0.097540,0.505994,-0.000212,0.001789,-0.000534,0.081391,-0.502242,-0.122083,4.207752,-0.227353,17.231588,1.682720,0.324327,-2.184961,0.657091,3.363498,-0.150224,0.012230,0.433433,-0.329469,0.019355,1.937302,0.471185,18.000000,0,73.982572
17.590000,17.222145,0.097485,0.506291,-0.000210,0.001789,-0.000535,0.081271,-0.501216,-0.122389,4.201156,-0.226767,17.229861,1.683878,0.324177,-2.185094,0.657065,3.364867,-0.150237,0.012254,0.433759,-0.328454,0.019256,1.932793,0.471185,18.000000,0,73.810400
17.600000,17.220409,0.097431,0.506588,-0.000207,0.001789,-0.000536,0.081154,-0.500190,-0.122696,4.194561,-0.226183,17.228135,1.685036,0.324028,-2.185226,0.657038,3.366235,-0.150251,0.012279,0.434086,-0.327439,0.019158,1.928285,0.471185,18.000000,0,73.638245
17.610000,17.218676,0.097376,0.506885,-0.000204,0.001788,-0.000537,0.081038,-0.499165,-0.123003,4.187966,-0.225600,17.226410,1.686193,0.323879,-2.185358,0.657012,3.367602,-0.150264,0.012303,0.434414,-0.326425,0.019061,1.923778,0.471185,18.000000,0,73.466107
17.620000,17.216943,0.097322,0.507182,-0.000201,0.001788,-0.000538,0.080923,-0.498140,-0.123311,4.181371,-0.225019,17.224687,1.687349,0.323731,-2.185489,0.656985,3.368967,-0.150278,0.012327,0.434741,-0.325412,0.018967,1.919271,0.471185,18.000000,0,73.293986
17.630000,17.215212,0.097268,0.507478,-0.000199,0.001787,-0.000539,0.080810,-0.497116,-0.123620,4.174777,-0.224439,17.222965,1.688504,0.323583,-2.185620,0.656959,3.370332,-0.150290,0.012351,0.435069,-0.324399,0.018873,1.914764,0.471185,18.000000,0,73.121883
17.640000,17.213482,0.097214,0.507775,-0.000196,0.001787,-0.000540,0.080699,-0.496091,-0.123929,4.168183,-0.223860,17.221244,1.689659,0.323437,-2.185750,0.656932,3.371695,-0.150303,0.012374,0.435396,-0.323387,0.018781,1.910258,0.471185,18.000000,0,72.949797
17.650000,17.211754,0.097160,0.508071,-0.000193,0.001787,-0.000541,0.080589,-0.495067,-0.124238,4.161589,-0.223283,17.219525,1.690813,0.323290,-2.185880,0.656905,3.373057,-0.150315,0.012397,0.435724,-0.322375,0.018691,1.905752,0.471185,18.000000,0,72.777728
17.660000,17.210027,0.097107,0.508366,-0.000191,0.001786,-0.000542,0.080481,-0.494043,-0.124548,4.154996,-0.222708,17.217808,1.691966,0.323145,-2.186009,0.656878,3.374418,-0.150327,0.012419,0.436053,-0.321364,0.018602,1.901247,0.471185,18.000000,0,72.605676
17.670000,17.208302,0.097054,0.508662,-0.000188,0.001786,-0.000543,0.080374,-0.493019,-0.124859,4.148403,-0.222134,17.216092,1.693119,0.323000,-2.186137,0.656851,3.375778,-0.150339,0.012442,0.436381,-0.320354,0.018515,1.896742,0.471185,18.000000,0,72.433642
17.680000,17.206578,0.097001,0.508957,-0.000185,0.001785,-0.000544,0.080269,-0.491995,-0.125171,4.141810,-0.221562,17.214377,1.694270,0.322856,-2.186266,0.656824,3.377137,-0.150351,0.012464,0.436710,-0.319344,0.018429,1.892237,0.471185,18.000000,0,72.261624
17.690000,17.204856,0.096948,0.509252,-0.000183,0.001785,-0.000545,0.080165,-0.490972,-0.125482,4.135218,-0.220991,17.212664,1.695421,0.322713,-2.186393,0.656796,3.378495,-0.150362,0.012485,0.437038,-0.318335,0.018345,1.887733,0.471185,18.000000,0,72.089624
17.700000,17.203135,0.096896,0.509547,-0.000180,0.001784,-0.000546,0.080063,-0.489949,-0.125795,4.128626,-0.220421,17.210952,1.696572,0.322570,-2.186521,0.656769,3.379851,-0.150373,0.012507,0.437367,-0.317327,0.018262,1.883230,0.471185,18.000000,0,71.917641
17.710000,17.201415,0.096843,0.509841,-0.000177,0.001784,-0.000547,0.079962,-0.488926,-0.126108,4.122034,-0.219853,17.209242,1.697721,0.322428,-2.186647,0.656742,3.381207,-0.150384,0.012528,0.437696,-0.316319,0.018181,1.878727,0.471185,18.000000,0,71.745675
17.720000,17.199697,0.096791,0.510136,-0.000175,0.001784,-0.000548,0.079863,-0.487903,-0.126421,4.115443,-0.219287,17.207533,1.698870,0.322286,-2.186773,0.656714,3.382561,-0.150395,0.012548,0.438026,-0.315312,0.018101,1.874224,0.471185,18.000000,0,71.573726
17.730000,17.197981,0.096739,0.510430,-0.000172,0.001783,-0.000548,0.079765,-0.486881,-0.126735,4.108852,-0.218722,17.205826,1.700018,0.322146,-2.186899,0.656686,3.383914,-0.150405,0.012569,0.438355,-0.314305,0.018023,1.869722,0.471185,18.000000,0,71.401794
17.740000,17.196266,0.096688,0.510723,-0.000170,0.001783,-0.000549,0.079668,-0.485859,-0.127050,4.102262,-0.218159,17.204120,1.701165,0.322005,-2.187024,0.656659,3.385266,-0.150415,0.012589,0.438685,-0.313299,0.017946,1.865220,0.471185,18.000000,0,71.229879
17.750000,17.194552,0.096636,0.511017,-0.000167,0.001782,-0.000550,0.079574,-0.484837,-0.127365,4.095672,-0.217597,17.202415,1.702312,0.321866,-2.187149,0.656631,3.386617,-0.150425,0.012609,0.439015,-0.312294,0.017871,1.860719,0.471185,18.000000,0,71.057981
17.760000,17.192840,0.096585,0.511310,-0.000165,0.001782,-0.000551,0.079480,-0.483816,-0.127680,4.089082,-0.217036,17.200712,1.703457,0.321727,-2.187273,0.656603,3.387967,-0.150434,0.012628,0.439345,-0.311290,0.017797,1.856218,0.471185,18.000000,0,70.886101
17.770000,17.191129,0.096534,0.511603,-0.000162,0.001781,-0.000552,0.079388,-0.482794,-0.127996,4.082492,-0.216477,17.199011,1.704602,0.321589,-2.187397,0.656575,3.389315,-0.150444,0.012648,0.439676,-0.310286,0.017724,1.851717,0.471185,18.000000,0,70.714237
17.780000,17.189420,0.096483,0.511896,-0.000160,0.001781,-0.000553,0.079298,-0.481773,-0.128313,4.075903,-0.215920,17.197311,1.705747,0.321451,-2.187520,0.656547,3.390663,-0.150453,0.012666,0.440006,-0.309282,0.017653,1.847217,0.471185,18.000000,0,70.542390
17.790000,17.187712,0.096432,0.512188,-0.000157,0.001780,-0.000553,0.079209,-0.480752,-0.128629,4.069315,-0.215364,17.195612,1.706890,0.321314,-2.187642,0.656518,3.392009,-0.150462,0.012685,0.440337,-0.308280,0.017584,1.842718,0.471185,18.000000,0,70.370560
17.800000,17.186006,0.096382,0.512480,-0.000155,0.001780,-0.000554,0.079121,-0.479732,-0.128947,4.062727,-0.214810,17.193916,1.708033,0.321178,-2.187765,0.656490,3.393354,-0.150470,0.012703,0.440668,-0.307278,0.017515,1.838219,0.471185,18.000000,0,70.198747
17.810000,17.184301,0.096332,0.512772,-0.000152,0.001780,-0.000555,0.079035,-0.478712,-0.129265,4.056139,-0.214257,17.192220,1.709175,0.321042,-2.187886,0.656462,3.394698,-0.150479,0.012721,0.440999,-0.306276,0.017449,1.833720,0.471185,18.000000,0,70.026951
17.820000,17.182598,0.096282,0.513064,-0.000150,0.001779,-0.000556,0.078950,-0.477692,-0.129583,4.049551,-0.213705,17.190526,1.710316,0.320907,-2.188007,0.656433,3.396040,-0.150487,0.012739,0.441330,-0.305276,0.017383,1.829222,0.471185,18.000000,0,69.855172
17.830000,17.180897,0.096232,0.513355,-0.000147,0.001779,-0.000557,0.078867,-0.476672,-0.129902,4.042964,-0.213155,17.188834,1.711456,0.320773,-2.188128,0.656404,3.397382,-0.150495,0.012756,0.441662,-0.304276,0.017319,1.824724,0.471185,18.000000,0,69.683410
17.840000,17.179196,0.096182,0.513647,-0.000145,0.001778,-0.000557,0.078785,-0.475652,-0.130221,4.036377,-0.212607,17.187143,1.712596,0.320639,-2.188248,0.656375,3.398722,-0.150502,0.012773,0.441993,-0.303276,0.017257,1.820227,0.471185,18.000000,0,69.511665
17.850000,17.177498,0.096133,0.513937,-0.000142,0.001778,-0.000558,0.078704,-0.474633,-0.130540,4.029791,-0.212060,17.185453,1.713734,0.320506,-2.188367,0.656347,3.400062,-0.150510,0.012790,0.442325,-0.302278,0.017195,1.815730,0.471185,18.000000,0,69.339937
17.860000,17.175801,0.096084,0.514228,-0.000140,0.001777,-0.000559,0.078625,-0.473614,-0.130860,4.023205,-0.211514,17.183765,1.714872,0.320373,-2.188486,0.656318,3.401400,-0.150517,0.012807,0.442657,-0.301280,0.017136,1.811234,0.471185,18.000000,0,69.168226
17.870000,17.174105,0.096035,0.514518,-0.000137,0.001777,-0.000560,0.078547,-0.472596,-0.131181,4.016619,-0.210970,17.182079,1.716009,0.320241,-2.188605,0.656289,3.402736,-0.150524,0.012823,0.442989,-0.300282,0.017077,1.806738,0.471185,18.000000,0,68.996531
17.880000,17.172411,0.095986,0.514809,-0.000135,0.001776,-0.000560,0.078471,-0.471577,-0.131501,4.010034,-0.210428,17.180394,1.717146,0.320110,-2.188723,0.656259,3.404072,-0.150531,0.012839,0.443322,-0.299286,0.017020,1.802242,0.471185,18.000000,0,68.824854
17.890000,17.170718,0.095937,0.515098,-0.000133,0.001776,-0.000561,0.078396,-0.470559,-0.131823,4.003449,-0.209887,17.178711,1.718281,0.319979,-2.188840,0.656230,3.405407,-0.150537,0.012855,0.443654,-0.298290,0.016964,1.797747,0.471185,18.000000,0,68.653193
17.900000,17.169027,0.095889,0.515388,-0.000130,0.001775,-0.000562,0.078322,-0.469541,-0.132144,3.996865,-0.209347,17.177029,1.719416,0.319849,-2.188957,0.656201,3.406740,-0.150543,0.012870,0.443987,-0.297294,0.016910,1.793252,0.471185,18.000000,0,68.481549
17.910000,17.167338,0.095841,0.515677,-0.000128,0.001775,-0.000562,0.078250,-0.468524,-0.132466,3.990281,-0.208809,17.175348,1.720550,0.319719,-2.189074,0.656171,3.408072,-0.150549,0.012885,0.444320,-0.296300,0.016857,1.788758,0.471185,18.000000,0,68.309922
17.920000,17.165650,0.095793,0.515967,-0.000126,0.001774,-0.000563,0.078179,-0.467507,-0.132788,3.983697,-0.208273,17.173670,1.721683,0.319591,-2.189189,0.656142,3.409403,-0.150555,0.012900,0.444653,-0.295306,0.016805,1.784264,0.471185,18.000000,0,68.138311
17.930000,17.163963,0.095745,0.516255,-0.000123,0.001774,-0.000563,0.078109,-0.466490,-0.133111,3.977114,-0.207738,17.171992,1.722815,0.319462,-2.189305,0.656112,3.410732,-0.150561,0.012914,0.444987,-0.294313,0.016755,1.779771,0.471185,18.000000,0,67.966718
17.940000,17.162278,0.095697,0.516544,-0.000121,0.001773,-0.000564,0.078041,-0.465473,-0.133434,3.970531,-0.207204,17.170317,1.723947,0.319335,-2.189420,0.656082,3.412061,-0.150566,0.012929,0.445320,-0.293320,0.016706,1.775278,0.471185,18.000000,0,67.795141
17.950000,17.160595,0.095650,0.516832,-0.000119,0.001773,-0.000565,0.077974,-0.464457,-0.133757,3.963949,-0.206672,17.168643,1.725077,0.319208,-2.189534,0.656052,3.413388,-0.150571,0.012943,0.445654,-0.292328,0.016658,1.770786,0.471185,18.000000,0,67.623581
17.960000,17.158913,0.095603,0.517120,-0.000116,0.001772,-0.000565,0.077909,-0.463441,-0.134081,3.957366,-0.206142,17.166970,1.726207,0.319081,-2.189648,0.656022,3.414714,-0.150576,0.012956,0.445988,-0.291337,0.016612,1.766294,0.471185,18.000000,0,67.452037
17.970000,17.157233,0.095556,0.517408,-0.000114,0.001772,-0.000566,0.077845,-0.462425,-0.134405,3.950785,-0.205613,17.165299,1.727336,0.318955,-2.189761,0.655992,3.416039,-0.150581,0.012970,0.446322,-0.290346,0.016567,1.761802,0.471185,18.000000,0,67.280510
17.980000,17.155555,0.095509,0.517695,-0.000112,0.001771,-0.000566,0.077782,-0.461409,-0.134730,3.944204,-0.205085,17.163630,1.728464,0.318830,-2.189874,0.655962,3.417363,-0.150586,0.012983,0.446656,-0.289357,0.016523,1.757311,0.471185,18.000000,0,67.109000
17.990000,17.153877,0.095462,0.517983,-0.000109,0.001771,-0.000567,0.077720,-0.460394,-0.135054,3.937623,-0.204559,17.161962,1.729592,0.318705,-2.189986,0.655932,3.418685,-0.150590,0.012996,0.446990,-0.288367,0.016481,1.752820,0.471185,18.000000,0,66.937507
18.000000,17.152202,0.095416,0.518270,-0.000107,0.001770,-0.000568,0.077660,-0.459379,-0.135379,3.931042,-0.204034,17.160295,1.730718,0.318581,-2.190097,0.655901,3.420006,-0.150594,0.013008,0.447325,-0.287379,0.016440,1.748330,0.471185,18.000000,0,66.766030
18.010000,17.150528,0.095369,0.518556,-0.000105,0.001770,-0.000568,0.077601,-0.458365,-0.135705,3.924462,-0.203511,17.158631,1.731844,0.318458,-2.190209,0.655871,3.421326,-0.150598,0.013021,0.447660,-0.286391,0.016400,1.743840,0.471185,18.000000,0,66.594570
18.020000,17.148856,0.095323,0.518843,-0.000103,0.001769,-0.000569,0.077543,-0.457351,-0.136030,3.917883,-0.202989,17.156967,1.732969,0.318335,-2.190319,0.655840,3.422645,-0.150601,0.013033,0.447995,-0.285404,0.016361,1.739351,0.471185,18.000000,0,66.423127
18.030000,17.147185,0.095278,0.519129,-0.000100,0.001768,-0.000569,0.077486,-0.456337,-0.136356,3.911303,-0.202469,17.155306,1.734092,0.318212,-2.190429,0.655809,3.423962,-0.150605,0.013044,0.448330,-0.284418,0.016324,1.734862,0.471185,18.000000,0,66.251700
18.040000,17.145516,0.095232,0.519415,-0.000098,0.001768,-0.000570,0.077431,-0.455323,-0.136683,3.904725,-0.201950,17.153646,1.735216,0.318091,-2.190539,0.655778,3.425279,-0.150608,0.013056,0.448665,-0.283432,0.016288,1.730373,0.471185,18.000000,0,66.080290
18.050000,17.143848,0.095186,0.519700,-0.000096,0.001767,-0.000570,0.077377,-0.454310,-0.137009,3.898146,-0.201433,17.151987,1.736338,0.317969,-2.190648,0.655748,3.426594,-0.150611,0.013067,0.449000,-0.282447,0.016253,1.725885,0.471185,18.000000,0,65.908896
18.060000,17.142182,0.095141,0.519986,-0.000094,0.001767,-0.000571,0.077325,-0.453297,-0.137336,3.891568,-0.200917,17.150331,1.737459,0.317849,-2.190756,0.655717,3.427907,-0.150614,0.013078,0.449336,-0.281463,0.016219,1.721398,0.471185,18.000000,0,65.737519
18.070000,17.140518,0.095096,0.520271,-0.000092,0.001766,-0.000571,0.077273,-0.452284,-0.137663,3.884991,-0.200403,17.148675,1.738580,0.317729,-2.190864,0.655685,3.429220,-0.150617,0.013089,0.449672,-0.280479,0.016187,1.716910,0.471185,18.000000,0,65.566158
18.080000,17.138855,0.095051,0.520555,-0.000089,0.001766,-0.000572,0.077223,-0.451272,-0.137991,3.878414,-0.199890,17.147022,1.739700,0.317609,-2.190971,0.655654,3.430531,-0.150619,0.013099,0.450008,-0.279497,0.016156,1.712423,0.471185,18.000000,0,65.394814
18.090000,17.137193,0.095006,0.520840,-0.000087,0.001765,-0.000572,0.077174,-0.450260,-0.138318,3.871837,-0.199379,17.145370,1.740818,0.317490,-2.191078,0.655623,3.431841,-0.150621,0.013109,0.450344,-0.278514,0.016126,1.707937,0.471185,18.000000,0,65.223487
18.100000,17.135534,0.094962,0.521124,-0.000085,0.001765,-0.000572,0.077127,-0.449248,-0.138646,3.865261,-0.198869,17.143719,1.741936,0.317372,-2.191184,0.655591,3.433150,-0.150623,0.013119,0.450680,-0.277533,0.016097,1.703451,0.471185,18.000000,0,65.052176
18.110000,17.133876,0.094917,0.521408,-0.000083,0.001764,-0.000573,0.077080,-0.448237,-0.138974,3.858685,-0.198360,17.142070,1.743053,0.317254,-2.191290,0.655560,3.434457,-0.150625,0.013129,0.451017,-0.276552,0.016070,1.698966,0.471185,18.000000,0,64.880882
18.120000,17.132219,0.094873,0.521692,-0.000081,0.001763,-0.000573,0.077035,-0.447226,-0.139302,3.852109,-0.197854,17.140423,1.744170,0.317137,-2.191395,0.655528,3.435764,-0.150626,0.013138,0.451353,-0.275572,0.016044,1.694481,0.471185,18.000000,0,64.709603
18.130000,17.130565,0.094829,0.521975,-0.000079,0.001763,-0.000574,0.076991,-0.446215,-0.139631,3.845534,-0.197348,17.138778,1.745285,0.317021,-2.191500,0.655496,3.437069,-0.150628,0.013147,0.451690,-0.274593,0.016019,1.689996,0.471185,18.000000,0,64.538342
18.140000,17.128911,0.094785,0.522258,-0.000077,0.001762,-0.000574,0.076949,-0.445205,-0.139960,3.838960,-0.196844,17.137134,1.746399,0.316905,-2.191604,0.655464,3.438372,-0.150629,0.013156,0.452027,-0.273615,0.015995,1.685512,0.471185,18.000000,0,64.367097
18.150000,17.127260,0.094742,0.522541,-0.000074,0.001762,-0.000574,0.076907,-0.444195,-0.140289,3.832385,-0.196342,17.135491,1.747513,0.316789,-2.191708,0.655432,3.439675,-0.150630,0.013165,0.452364,-0.272637,0.015972,1.681028,0.471185,18.000000,0,64.195868
18.160000,17.125610,0.094698,0.522824,-0.000072,0.001761,-0.000575,0.076867,-0.443185,-0.140618,3.825812,-0.195840,17.133850,1.748626,0.316674,-2.191811,0.655400,3.440976,-0.150631,0.013173,0.452702,-0.271660,0.015951,1.676545,0.471185,18.000000,0,64.024656
18.170000,17.123962,0.094655,0.523106,-0.000070,0.001760,-0.000575,0.076828,-0.442175,-0.140948,3.819238,-0.195341,17.132211,1.749738,0.316560,-2.191913,0.655368,3.442276,-0.150631,0.013181,0.453039,-0.270683,0.015930,1.672062,0.471185,18.000000,0,63.853460
18.180000,17.122315,0.094612,0.523388,-0.000068,0.001760,-0.000575,0.076790,-0.441166,-0.141277,3.812666,-0.194843,17.130574,1.750849,0.316446,-2.192015,0.655336,3.443575,-0.150632,0.013189,0.453377,-0.269708,0.015911,1.667579,0.471185,18.000000,0,63.682280
18.190000,17.120670,0.094569,0.523670,-0.000066,0.001759,-0.000576,0.076753,-0.440158,-0.141607,3.806093,-0.194346,17.128938,1.751959,0.316333,-2.192116,0.655303,3.444872,-0.150632,0.013197,0.453714,-0.268733,0.015893,1.663097,0.471185,18.000000,0,63.511117
18.200000,17.119027,0.094526,0.523951,-0.000064,0.001759,-0.000576,0.076717,-0.439149,-0.141937,3.799521,-0.193851,17.127304,1.753068,0.316220,-2.192217,0.655271,3.446168,-0.150632,0.013204,0.454052,-0.267759,0.015877,1.658615,0.471185,18.000000,0,63.339970
18.210000,17.117385,0.094484,0.524232,-0.000062,0.001758,-0.000576,0.076683,-0.438141,-0.142267,3.792950,-0.193357,17.125671,1.754176,0.316108,-2.192317,0.655238,3.447463,-0.150632,0.013211,0.454391,-0.266785,0.015861,1.654134,0.471185,18.000000,0,63.168840
18.220000,17.115745,0.094442,0.524513,-0.000060,0.001757,-0.000577,0.076650,-0.437134,-0.142598,3.786379,-0.192865,17.124040,1.755283,0.315996,-2.192417,0.655206,3.448756,-0.150631,0.013218,0.454729,-0.265813,0.015847,1.649653,0.471185,18.000000,0,62.997725
18.230000,17.114106,0.094399,0.524794,-0.000058,0.001757,-0.000577,0.076618,-0.436126,-0.142928,3.779808,-0.192374,17.122411,1.756390,0.315885,-2.192516,0.655173,3.450049,-0.150631,0.013225,0.455067,-0.264841,0.015833,1.645173,0.471185,18.000000,0,62.826627
18.240000,17.112470,0.094357,0.525074,-0.000056,0.001756,-0.000577,0.076587,-0.435119,-0.143259,3.773238,-0.191884,17.120783,1.757495,0.315775,-2.192615,0.655140,3.451340,-0.150630,0.013231,0.455406,-0.263870,0.015821,1.640693,0.471185,18.000000,0,62.655546
18.250000,17.110835,0.094316,0.525354,-0.000054,0.001756,-0.000578,0.076557,-0.434113,-0.143590,3.766668,-0.191397,17.119157,1.758600,0.315665,-2.192713,0.655107,3.452629,-0.150629,0.013238,0.455745,-0.262899,0.015810,1.636214,0.471185,18.000000,0,62.484480
18.260000,17.109201,0.094274,0.525634,-0.000052,0.001755,-0.000578,0.076528,-0.433107,-0.143921,3.760099,-0.190910,17.117533,1.759704,0.315555,-2.192810,0.655074,3.453918,-0.150628,0.013243,0.456084,-0.261929,0.015800,1.631735,0.471185,18.000000,0,62.313431
18.270000,17.107569,0.094232,0.525913,-0.000050,0.001754,-0.000578,0.076501,-0.432101,-0.144252,3.753530,-0.190425,17.115910,1.760806,0.315446,-2.192907,0.655040,3.455205,-0.150627,0.013249,0.456423,-0.260960,0.015791,1.627256,0.471185,18.000000,0,62.142398
18.280000,17.105939,0.094191,0.526192,-0.000048,0.001754,-0.000578,0.076475,-0.431095,-0.144583,3.746962,-0.189942,17.114290,1.761908,0.315338,-2.193003,0.655007,3.456490,-0.150625,0.013255,0.456762,-0.259992,0.015783,1.622778,0.471185,18.000000,0,61.971381
18.290000,17.104311,0.094150,0.526471,-0.000046,0.001753,-0.000579,0.076449,-0.430090,-0.144915,3.740394,-0.189459,17.112670,1.763009,0.315230,-2.193099,0.654974,3.457775,-0.150623,0.013260,0.457101,-0.259025,0.015777,1.618300,0.471185,18.000000,0,61.800381
18.300000,17.102684,0.094109,0.526750,-0.000044,0.001752,-0.000579,0.076425,-0.429085,-0.145246,3.733826,-0.188979,17.111053,1.764109,0.315123,-2.193194,0.654940,3.459058,-0.150622,0.013265,0.457441,-0.258058,0.015771,1.613823,0.471185,18.000000,0,61.629396
18.310000,17.101059,0.094068,0.527028,-0.000042,0.001752,-0.000579,0.076402,-0.428081,-0.145578,3.727259,-0.188499,17.109437,1.765208,0.315016,-2.193289,0.654906,3.460340,-0.150619,0.013269,0.457781,-0.257092,0.015767,1.609346,0.471185,18.000000,0,61.458428
18.320000,17.099436,0.094028,0.527306,-0.000040,0.001751,-0.000579,0.076380,-0.427077,-0.145910,3.720693,-0.188022,17.107822,1.766306,0.314910,-2.193383,0.654873,3.461620,-0.150617,0.013274,0.458120,-0.256127,0.015764,1.604869,0.471185,18.000000,0,61.287476
18.330000,17.097814,0.093987,0.527584,-0.000038,0.001751,-0.000579,0.076360,-0.426073,-0.146242,3.714126,-0.187545,17.106210,1.767404,0.314804,-2.193477,0.654839,3.462899,-0.150615,0.013278,0.458460,-0.255162,0.015761,1.600393,0.471185,18.000000,0,61.116540
18.340000,17.096194,0.093947,0.527861,-0.000037,0.001750,-0.000580,0.076340,-0.425070,-0.146574,3.707561,-0.187071,17.104599,1.768500,0.314699,-2.193570,0.654805,3.464177,-0.150612,0.013282,0.458801,-0.254199,0.015760,1.595917,0.471185,18.000000,0,60.945620
18.350000,17.094575,0.093907,0.528138,-0.000035,0.001749,-0.000580,0.076321,-0.424067,-0.146906,3.700996,-0.186597,17.102990,1.769595,0.314594,-2.193662,0.654771,3.465454,-0.150609,0.013286,0.459141,-0.253236,0.015760,1.591442,0.471185,18.000000,0,60.774716
18.360000,17.092959,0.093867,0.528415,-0.000033,0.001749,-0.000580,0.076304,-0.423064,-0.147238,3.694431,-0.186125,17.101382,1.770690,0.314490,-2.193754,0.654736,3.466729,-0.150607,0.013290,0.459481,-0.252274,0.015761,1.586967,0.471185,18.000000,0,60.603829
18.370000,17.091344,0.093827,0.528692,-0.000031,0.001748,-0.000580,0.076287,-0.422062,-0.147570,3.687867,-0.185655,17.099776,1.771783,0.314386,-2.193845,0.654702,3.468003,-0.150603,0.013293,0.459822,-0.251312,0.015763,1.582493,0.471185,18.000000,0,60.432957
18.380000,17.089731,0.093788,0.528968,-0.000029,0.001747,-0.000580,0.076272,-0.421060,-0.147903,3.681303,-0.185185,17.098172,1.772876,0.314283,-2.193936,0.654668,3.469275,-0.150600,0.013296,0.460163,-0.250352,0.015766,1.578019,0.471185,18.000000,0,60.262101
18.390000,17.088119,0.093748,0.529244,-0.000027,0.001747,-0.000580,0.076258,-0.420059,-0.148235,3.674740,-0.184718,17.096570,1.773967,0.314180,-2.194026,0.654633,3.470546,-0.150597,0.013299,0.460504,-0.249392,0.015770,1.573545,0.471185,18.000000,0,60.091262
18.400000,17.086509,0.093709,0.529520,-0.000025,0.001746,-0.000580,0.076244,-0.419058,-0.148567,3.668177,-0.184251,17.094969,1.775058,0.314078,-2.194116,0.654598,3.471816,-0.150593,0.013302,0.460845,-0.248433,0.015775,1.569072,0.471185,18.000000,0,59.920438
18.410000,17.084901,0.093670,0.529795,-0.000023,0.001745,-0.000581,0.076232,-0.418057,-0.148900,3.661614,-0.183787,17.093370,1.776147,0.313976,-2.194205,0.654564,3.473085,-0.150589,0.013304,0.461186,-0.247474,0.015781,1.564599,0.471185,18.000000,0,59.749630
18.420000,17.083295,0.093631,0.530070,-0.000022,0.001745,-0.000581,0.076221,-0.417057,-0.149233,3.655053,-0.183323,17.091773,1.777236,0.313875,-2.194293,0.654529,3.474352,-0.150585,0.013306,0.461527,-0.246517,0.015788,1.560127,0.471185,18.000000,0,59.578839
18.430000,17.081690,0.093592,0.530345,-0.000020,0.001744,-0.000581,0.076211,-0.416057,-0.149565,3.648491,-0.182861,17.090178,1.778324,0.313775,-2.194381,0.654494,3.475617,-0.150581,0.013308,0.461869,-0.245560,0.015797,1.555655,0.471185,18.000000,0,59.408063
18.440000,17.080087,0.093554,0.530620,-0.000018,0.001743,-0.000581,0.076202,-0.415057,-0.149898,3.641930,-0.182401,17.088584,1.779411,0.313675,-2.194468,0.654459,3.476882,-0.150577,0.013310,0.462211,-0.244604,0.015806,1.551183,0.471185,18.000000,0,59.237303
18.450000,17.078486,0.093515,0.530894,-0.000016,0.001743,-0.000581,0.076194,-0.414058,-0.150231,3.635370,-0.181942,17.086992,1.780496,0.313575,-2.194555,0.654424,3.478145,-0.150572,0.013312,0.462552,-0.243649,0.015816,1.546712,0.471185,18.000000,0,59.066559
18.460000,17.076887,0.093477,0.531168,-0.000014,0.001742,-0.000581,0.076187,-0.413060,-0.150564,3.628810,-0.181484,17.085401,1.781581,0.313476,-2.194641,0.654388,3.479407,-0.150568,0.013313,0.462894,-0.242695,0.015827,1.542242,0.471185,18.000000,0,58.895831
18.470000,17.075289,0.093439,0.531441,-0.000013,0.001741,-0.000581,0.076181,-0.412061,-0.150897,3.622250,-0.181028,17.083813,1.782665,0.313377,-2.194726,0.654353,3.480667,-0.150563,0.013314,0.463236,-0.241741,0.015840,1.537771,0.471185,18.000000,0,58.725119
18.480000,17.073693,0.093401,0.531715,-0.000011,0.001740,-0.000581,0.076176,-0.411063,-0.151229,3.615691,-0.180573,17.082226,1.783748,0.313279,-2.194811,0.654317,3.481926,-0.150558,0.013315,0.463579,-0.240788,0.015853,1.533302,0.471185,18.000000,0,58.554423
18.490000,17.072099,0.093363,0.531988,-0.000009,0.001740,-0.000581,0.076172,-0.410066,-0.151562,3.609133,-0.180120,17.080641,1.784830,0.313182,-2.194896,0.654282,3.483184,-0.150553,0.013316,0.463921,-0.239836,0.015867,1.528832,0.471185,18.000000,0,58.383743
18.500000,17.070507,0.093326,0.532260,-0.000007,0.001739,-0.000581,0.076169,-0.409069,-0.151895,3.602575,-0.179668,17.079057,1.785911,0.313084,-2.194979,0.654246,3.484440,-0.150547,0.013316,0.464264,-0.238885,0.015882,1.524363,0.471185,18.000000,0,58.213078
18.510000,17.068916,0.093288,0.532533,-0.000006,0.001738,-0.000581,0.076167,-0.408072,-0.152228,3.596017,-0.179217,17.077476,1.786991,0.312988,-2.195063,0.654210,3.485695,-0.150542,0.013317,0.464606,-0.237935,0.015898,1.519895,0.471185,18.000000,0,58.042429
18.520000,17.067327,0.093251,0.532805,-0.000004,0.001738,-0.000581,0.076166,-0.407076,-0.152561,3.589460,-0.178768,17.075896,1.788069,0.312892,-2.195145,0.654174,3.486948,-0.150536,0.013317,0.464949,-0.236985,0.015915,1.515426,0.471185,18.000000,0,57.871796
18.530000,17.065740,0.093214,0.533077,-0.000002,0.001737,-0.000581,0.076166,-0.406080,-0.152894,3.582904,-0.178320,17.074318,1.789147,0.312796,-2.195227,0.654138,3.488201,-0.150531,0.013317,0.465292,-0.236036,0.015934,1.510959,0.471185,18.000000,0,57.701179
18.540000,17.064154,0.093177,0.533348,-0.000001,0.001736,-0.000581,0.076167,-0.405084,-0.153227,3.576348,-0.177874,17.072742,1.790224,0.312701,-2.195309,0.654102,3.489451,-0.150525,0.013316,0.465635,-0.235088,0.015953,1.506491,0.471185,18.000000,0,57.530578
18.550000,17.062571,0.093140,0.533620,0.000001,0.001735,-0.000581,0.076169,-0.404089,-0.153560,3.569792,-0.177429,17.071167,1.791300,0.312606,-2.195390,0.654066,3.490701,-0.150519,0.013316,0.465978,-0.234141,0.015973,1.502024,0.471185,18.000000,0,57.359992
18.560000,17.060989,0.093103,0.533890,0.000003,0.001735,-0.000581,0.076172,-0.403095,-0.153893,3.563237,-0.176986,17.069594,1.792375,0.312512,-2.195470,0.654029,3.491949,-0.150512,0.013315,0.466322,-0.233194,0.015993,1.497558,0.471185,18.000000,0,57.189422
18.570000,17.059409,0.093067,0.534161,0.000005,0.001734,-0.000581,0.076176,-0.402101,-0.154226,3.556683,-0.176544,17.068023,1.793449,0.312418,-2.195550,0.653993,3.493195,-0.150506,0.013314,0.466665,-0.232249,0.016015,1.493092,0.471185,18.000000,0,57.018868
18.580000,17.057830,0.093030,0.534431,0.000006,0.001733,-0.000581,0.076181,-0.401107,-0.154558,3.550128,-0.176103,17.066454,1.794522,0.312325,-2.195629,0.653956,3.494441,-0.150499,0.013313,0.467009,-0.231304,0.016038,1.488626,0.471185,18.000000,0,56.848329
18.590000,17.056254,0.092994,0.534701,0.000008,0.001733,-0.000581,0.076187,-0.400113,-0.154891,3.543575,-0.175664,17.064886,1.795594,0.312232,-2.195707,0.653919,3.495684,-0.150493,0.013311,0.467353,-0.230360,0.016062,1.484161,0.471185,18.000000,0,56.677806
18.600000,17.054679,0.092958,0.534971,0.000010,0.001732,-0.000581,0.076193,-0.399120,-0.155224,3.537022,-0.175226,17.063320,1.796665,0.312140,-2.195785,0.653883,3.496927,-0.150486,0.013310,0.467697,-0.229416,0.016087,1.479696,0.471185,18.000000,0,56.507299
18.610000,17.053106,0.092922,0.535241,0.000011,0.001731,-0.000581,0.076201,-0.398128,-0.155557,3.530469,-0.174790,17.061757,1.797735,0.312048,-2.195863,0.653846,3.498168,-0.150479,0.013308,0.468041,-0.228474,0.016112,1.475231,0.471185,18.000000,0,56.336808
18.620000,17.051535,0.092887,0.535510,0.000013,0.001730,-0.000581,0.076210,-0.397136,-0.155889,3.523917,-0.174355,17.060194,1.798803,0.311957,-2.195939,0.653809,3.499408,-0.150472,0.013306,0.468385,-0.227532,0.016139,1.470767,0.471185,18.000000,0,56.166332
18.630000,17.049965,0.092851,0.535778,0.000014,0.001730,-0.000580,0.076219,-0.396144,-0.156222,3.517366,-0.173921,17.058634,1.799871,0.311866,-2.196015,0.653772,3.500646,-0.150464,0.013304,0.468729,-0.226592,0.016166,1.466303,0.471185,18.000000,0,55.995871
18.640000,17.048398,0.092816,0.536047,0.000016,0.001729,-0.000580,0.076230,-0.395153,-0.156555,3.510815,-0.173489,17.057075,1.800938,0.311775,-2.196091,0.653734,3.501883,-0.150457,0.013302,0.469073,-0.225652,0.016194,1.461840,0.471185,18.000000,0,55.825426
18.650000,17.046832,0.092780,0.536315,0.000018,0.001728,-0.000580,0.076241,-0.394162,-0.156887,3.504264,-0.173058,17.055519,1.802004,0.311685,-2.196166,0.653697,3.503118,-0.150449,0.013299,0.469418,-0.224713,0.016224,1.457377,0.471185,18.000000,0,55.654997
18.660000,17.045268,0.092745,0.536583,0.000019,0.001727,-0.000580,0.076254,-0.393172,-0.157220,3.497714,-0.172629,17.053964,1.803069,0.311596,-2.196240,0.653659,3.504352,-0.150442,0.013296,0.469763,-0.223774,0.016254,1.452915,0.471185,18.000000,0,55.484583
18.670000,17.043706,0.092710,0.536850,0.000021,0.001726,-0.000580,0.076267,-0.392182,-0.157552,3.491165,-0.172201,17.052410,1.804132,0.311507,-2.196314,0.653622,3.505585,-0.150434,0.013293,0.470108,-0.222837,0.016285,1.448453,0.471185,18.000000,0,55.314185
18.680000,17.042145,0.092676,0.537118,0.000022,0.001726,-0.000580,0.076281,-0.391192,-0.157884,3.484616,-0.171774,17.050859,1.805195,0.311418,-2.196387,0.653584,3.506816,-0.150426,0.013290,0.470453,-0.221900,0.016317,1.443991,0.471185,18.000000,0,55.143802
18.690000,17.040587,0.092641,0.537385,0.000024,0.001725,-0.000580,0.076296,-0.390203,-0.158217,3.478067,-0.171349,17.049310,1.806257,0.311330,-2.196460,0.653546,3.508045,-0.150418,0.013287,0.470798,-0.220964,0.016349,1.439530,0.471185,18.000000,0,54.973435
18.700000,17.039030,0.092607,0.537651,0.000026,0.001724,-0.000580,0.076312,-0.389215,-0.158549,3.471520,-0.170925,17.047762,1.807317,0.311243,-2.196532,0.653508,3.509274,-0.150409,0.013284,0.471143,-0.220029,0.016383,1.435069,0.471185,18.000000,0,54.803084
18.710000,17.037475,0.092572,0.537918,0.000027,0.001723,-0.000579,0.076329,-0.388227,-0.158881,3.464972,-0.170502,17.046216,1.808377,0.311155,-2.196603,0.653470,3.510501,-0.150401,0.013280,0.471488,-0.219095,0.016417,1.430609,0.471185,18.000000,0,54.632747
18.720000,17.035922,0.092538,0.538184,0.000029,0.001723,-0.000579,0.076347,-0.387239,-0.159213,3.458425,-0.170081,17.044672,1.809435,0.311069,-2.196674,0.653432,3.511726,-0.150392,0.013276,0.471834,-0.218162,0.016453,1.426149,0.471185,18.000000,0,54.462426
18.730000,17.034371,0.092504,0.538449,0.000030,0.001722,-0.000579,0.076366,-0.386252,-0.159545,3.451879,-0.169662,17.043130,1.810493,0.310982,-2.196744,0.653394,3.512950,-0.150383,0.013272,0.472179,-0.217229,0.016489,1.421689,0.471185,18.000000,0,54.292121
18.740000,17.032821,0.092470,0.538715,0.000032,0.001721,-0.000579,0.076385,-0.385265,-0.159876,3.445333,-0.169243,17.041589,1.811549,0.310896,-2.196814,0.653355,3.514173,-0.150375,0.013268,0.472525,-0.216298,0.016526,1.417230,0.471185,18.000000,0,54.121831
18.750000,17.031273,0.092436,0.538980,0.000033,0.001720,-0.000579,0.076405,-0.384279,-0.160208,3.438788,-0.168827,17.040050,1.812604,0.310811,-2.196883,0.653317,3.515394,-0.150366,0.013263,0.472871,-0.215367,0.016564,1.412771,0.471185,18.000000,0,53.951556
18.760000,17.029728,0.092403,0.539244,0.000035,0.001719,-0.000579,0.076427,-0.383293,-0.160539,3.432243,-0.168411,17.038514,1.813658,0.310726,-2.196951,0.653278,3.516613,-0.150356,0.013259,0.473217,-0.214437,0.016603,1.408313,0.471185,18.000000,0,53.781297
18.770000,17.028184,0.092369,0.539509,0.000036,0.001719,-0.000578,0.076449,-0.382307,-0.160871,3.425699,-0.167997,17.036979,1.814712,0.310641,-2.197019,0.653240,3.517832,-0.150347,0.013254,0.473563,-0.213508,0.016642,1.403855,0.471185,18.000000,0,53.611053
18.780000,17.026642,0.092336,0.539773,0.000038,0.001718,-0.000578,0.076472,-0.381322,-0.161202,3.419155,-0.167584,17.035446,1.815764,0.310557,-2.197086,0.653201,3.519049,-0.150338,0.013249,0.473909,-0.212579,0.016682,1.399397,0.471185,18.000000,0,53.440824
18.790000,17.025101,0.092303,0.540037,0.000039,0.001717,-0.000578,0.076496,-0.380338,-0.161533,3.412612,-0.167173,17.033914,1.816815,0.310474,-2.197153,0.653162,3.520264,-0.150328,0.013244,0.474256,-0.211652,0.016724,1.394940,0.471185,18.000000,0,53.270611
18.800000,17.023563,0.092270,0.540300,0.000041,0.001716,-0.000578,0.076520,-0.379354,-0.161864,3.406070,-0.166763,17.032385,1.817865,0.310391,-2.197219,0.653123,3.521478,-0.150319,0.013238,0.474602,-0.210725,0.016766,1.390483,0.471185,18.000000,0,53.100413
18.810000,17.022026,0.092237,0.540563,0.000042,0.001715,-0.000577,0.076546,-0.378370,-0.162195,3.399527,-0.166354,17.030857,1.818914,0.310308,-2.197284,0.653084,3.522690,-0.150309,0.013233,0.474949,-0.209799,0.016808,1.386027,0.471185,18.000000,0,52.930230
18.820000,17.020492,0.092204,0.540826,0.000044,0.001715,-0.000577,0.076572,-0.377387,-0.162526,3.392986,-0.165947,17.029332,1.819961,0.310225,-2.197349,0.653044,3.523901,-0.150299,0.013227,0.475295,-0.208875,0.016852,1.381571,0.471185,18.000000,0,52.760063
18.830000,17.018959,0.092172,0.541089,0.000045,0.001714,-0.000577,0.076599,-0.376404,-0.162857,3.386445,-0.165541,17.027808,1.821008,0.310144,-2.197413,0.653005,3.525111,-0.150289,0.013221,0.475642,-0.207951,0.016897,1.377115,0.471185,18.000000,0,52.589911
18.840000,17.017428,0.092139,0.541351,0.000046,0.001713,-0.000577,0.076627,-0.375422,-0.163187,3.379905,-0.165136,17.026286,1.822054,0.310062,-2.197476,0.652966,3.526319,-0.150279,0.013215,0.475989,-0.207027,0.016942,1.372660,0.471185,18.000000,0,52.419774
18.850000,17.015899,0.092107,0.541613,0.000048,0.001712,-0.000576,0.076656,-0.374441,-0.163517,3.373365,-0.164733,17.024766,1.823098,0.309981,-2.197539,0.652926,3.527525,-0.150268,0.013209,0.476336,-0.206105,0.016988,1.368205,0.471185,18.000000,0,52.249652
18.860000,17.014372,0.092075,0.541874,0.000049,0.001711,-0.000576,0.076686,-0.373459,-0.163847,3.366825,-0.164331,17.023247,1.824142,0.309900,-2.197601,0.652886,3.528731,-0.150258,0.013203,0.476683,-0.205184,0.017035,1.363751,0.471185,18.000000,0,52.079545
18.870000,17.012846,0.092043,0.542136,0.000051,0.001710,-0.000576,0.076716,-0.372479,-0.164177,3.360286,-0.163931,17.021731,1.825184,0.309820,-2.197663,0.652846,3.529934,-0.150247,0.013196,0.477031,-0.204263,0.017082,1.359297,0.471185,18.000000,0,51.909453
18.880000,17.011323,0.092011,0.542397,0.000052,0.001710,-0.000575,0.076747,-0.371498,-0.164507,3.353748,-0.163531,17.020216,1.826226,0.309740,-2.197724,0.652806,3.531136,-0.150236,0.013189,0.477378,-0.203343,0.017131,1.354843,0.471185,18.000000,0,51.739377
18.890000,17.009801,0.091979,0.542657,0.000054,0.001709,-0.000575,0.076779,-0.370519,-0.164837,3.347211,-0.163134,17.018704,1.827266,0.309661,-2.197784,0.652766,3.532337,-0.150226,0.013182,0.477726,-0.202424,0.017180,1.350390,0.471185,18.000000,0,51.569316
18.900000,17.008282,0.091947,0.542918,0.000055,0.001708,-0.000575,0.076812,-0.369539,-0.165166,3.340673,-0.162737,17.017193,1.828305,0.309582,-2.197844,0.652726,3.533536,-0.150215,0.013175,0.478073,-0.201506,0.017230,1.345937,0.471185,18.000000,0,51.399270
18.910000,17.006764,0.091916,0.543177,0.000056,0.001707,-0.000575,0.076846,-0.368561,-0.165496,3.334137,-0.162342,17.015684,1.829343,0.309504,-2.197903,0.652686,3.534734,-0.150204,0.013168,0.478421,-0.200589,0.017280,1.341485,0.471185,18.000000,0,51.229238
18.920000,17.005248,0.091885,0.543437,0.000058,0.001706,-0.000574,0.076880,-0.367582,-0.165825,3.327601,-0.161948,17.014177,1.830380,0.309426,-2.197962,0.652646,3.535930,-0.150192,0.013161,0.478769,-0.199673,0.017332,1.337033,0.471185,18.000000,0,51.059222
18.930000,17.003734,0.091853,0.543696,0.000059,0.001705,-0.000574,0.076915,-0.366604,-0.166154,3.321065,-0.161556,17.012672,1.831415,0.309348,-2.198020,0.652605,3.537125,-0.150181,0.013153,0.479117,-0.198757,0.017384,1.332581,0.471185,18.000000,0,50.889221
18.940000,17.002222,0.091822,0.543955,0.000060,0.001704,-0.000574,0.076951,-0.365627,-0.166482,3.314530,-0.161165,17.011169,1.832450,0.309271,-2.198077,0.652564,3.538318,-0.150170,0.013145,0.479465,-0.197843,0.017437,1.328130,0.471185,18.000000,0,50.719235
18.950000,17.000712,0.091791,0.544214,0.000062,0.001704,-0.000573,0.076988,-0.364650,-0.166811,3.307996,-0.160775,17.009668,1.833484,0.309194,-2.198134,0.652524,3.539510,-0.150158,0.013137,0.479813,-0.196929,0.017490,1.323679,0.471185,18.000000,0,50.549265
18.960000,16.999203,0.091761,0.544472,0.000063,0.001703,-0.000573,0.077026,-0.363674,-0.167139,3.301462,-0.160387,17.008168,1.834516,0.309117,-2.198190,0.652483,3.540701,-0.150146,0.013129,0.480161,-0.196016,0.017545,1.319229,0.471185,18.000000,0,50.379309
18.970000,16.997697,0.091730,0.544730,0.000064,0.001702,-0.000573,0.077064,-0.362698,-0.167468,3.294929,-0.160000,17.006671,1.835547,0.309041,-2.198245,0.652442,3.541889,-0.150135,0.013121,0.480510,-0.195105,0.017600,1.314779,0.471185,18.000000,0,50.209368
18.980000,16.996193,0.091699,0.544988,0.000066,0.001701,-0.000572,0.077103,-0.361723,-0.167795,3.288396,-0.159614,17.005175,1.836578,0.308966,-2.198300,0.652401,3.543077,-0.150123,0.013113,0.480858,-0.194194,0.017656,1.310329,0.471185,18.000000,0,50.039441
18.990000,16.994690,0.091669,0.545246,0.000067,0.001700,-0.000572,0.077143,-0.360748,-0.168123,3.281864,-0.159230,17.003681,1.837607,0.308891,-2.198354,0.652360,3.544262,-0.150111,0.013104,0.481207,-0.193283,0.017712,1.305880,0.471185,18.000000,0,49.869530
19.000000,16.993189,0.091639,0.545503,0.000068,0.001699,-0.000571,0.077183,-0.359774,-0.168451,3.275333,-0.158847,17.002190,1.838634,0.308816,-2.198408,0.652318,3.545447,-0.150099,0.013095,0.481556,-0.192374,0.017769,1.301431,0.471185,18.000000,0,49.699634
19.010000,16.991691,0.091609,0.545759,0.000070,0.001698,-0.000571,0.077224,-0.358800,-0.168778,3.268802,-0.158465,17.000700,1.839661,0.308742,-2.198461,0.652277,3.546630,-0.150086,0.013087,0.481904,-0.191466,0.017827,1.296982,0.471185,18.000000,0,49.529753
19.020000,16.990194,0.091579,0.546016,0.000071,0.001697,-0.000571,0.077266,-0.357826,-0.169105,3.262271,-0.158085,16.999212,1.840687,0.308668,-2.198513,0.652235,3.547811,-0.150074,0.013078,0.482253,-0.190558,0.017886,1.292534,0.471185,18.000000,0,49.359886
19.030000,16.988699,0.091549,0.546272,0.000072,0.001697,-0.000570,0.077309,-0.356854,-0.169432,3.255742,-0.157706,16.997726,1.841711,0.308594,-2.198565,0.652194,3.548991,-0.150061,0.013068,0.482602,-0.189652,0.017946,1.288086,0.471185,18.000000,0,49.190035
19.040000,16.987206,0.091519,0.546527,0.000073,0.001696,-0.000570,0.077352,-0.355881,-0.169758,3.249212,-0.157329,16.996242,1.842735,0.308521,-2.198616,0.652152,3.550169,-0.150049,0.013059,0.482952,-0.188746,0.018006,1.283639,0.471185,18.000000,0,49.020198
19.050000,16.985715,0.091490,0.546783,0.000075,0.001695,-0.000569,0.077397,-0.354909,-0.170085,3.242684,-0.156952,16.994760,1.843757,0.308448,-2.198666,0.652110,3.551345,-0.150036,0.013050,0.483301,-0.187841,0.018066,1.279192,0.471185,18.000000,0,48.850376
19.060000,16.984226,0.091460,0.547038,0.000076,0.001694,-0.000569,0.077441,-0.353938,-0.170411,3.236156,-0.156577,16.993280,1.844778,0.308376,-2.198716,0.652068,3.552521,-0.150023,0.013040,0.483650,-0.186937,0.018128,1.274746,0.471185,18.000000,0,48.680569
19.070000,16.982739,0.091431,0.547293,0.000077,0.001693,-0.000569,0.077487,-0.352967,-0.170737,3.229628,-0.156203,16.991801,1.845798,0.308304,-2.198765,0.652026,3.553694,-0.150010,0.013030,0.484000,-0.186034,0.018190,1.270299,0.471185,18.000000,0,48.510776
19.080000,16.981254,0.091402,0.547547,0.000078,0.001692,-0.000568,0.077533,-0.351997,-0.171062,3.223101,-0.155831,16.990325,1.846817,0.308232,-2.198814,0.651984,3.554866,-0.149997,0.013020,0.484349,-0.185132,0.018253,1.265854,0.471185,18.000000,0,48.340999
19.090000,16.979771,0.091373,0.547801,0.000080,0.001691,-0.000568,0.077580,-0.351028,-0.171388,3.216575,-0.155460,16.988851,1.847834,0.308161,-2.198862,0.651941,3.556037,-0.149984,0.013010,0.484699,-0.184231,0.018316,1.261408,0.471185,18.000000,0,48.171236
19.100000,16.978289,0.091344,0.548055,0.000081,0.001690,-0.000567,0.077628,-0.350058,-0.171713,3.210049,-0.155090,16.987378,1.848851,0.308090,-2.198909,0.651899,3.557206,-0.149971,0.013000,0.485049,-0.183331,0.018380,1.256963,0.471185,18.000000,0,48.001488
19.110000,16.976810,0.091315,0.548308,0.000082,0.001689,-0.000567,0.077676,-0.349090,-0.172038,3.203524,-0.154722,16.985908,1.849866,0.308019,-2.198956,0.651856,3.558374,-0.149958,0.012990,0.485399,-0.182432,0.018445,1.252519,0.471185,18.000000,0,47.831754
19.120000,16.975333,0.091286,0.548561,0.000083,0.001688,-0.000566,0.077726,-0.348122,-0.172362,3.196999,-0.154355,16.984439,1.850880,0.307949,-2.199002,0.651814,3.559540,-0.149944,0.012979,0.485749,-0.181533,0.018511,1.248074,0.471185,18.000000,0,47.662035
19.130000,16.973857,0.091258,0.548814,0.000084,0.001687,-0.000566,0.077775,-0.347154,-0.172687,3.190475,-0.153989,16.982973,1.851893,0.307880,-2.199047,0.651771,3.560704,-0.149931,0.012968,0.486099,-0.180636,0.018577,1.243630,0.471185,18.000000,0,47.492331
19.140000,16.972384,0.091229,0.549066,0.000086,0.001687,-0.000565,0.077826,-0.346187,-0.173011,3.183952,-0.153624,16.981508,1.852905,0.307810,-2.199092,0.651728,3.561867,-0.149917,0.012958,0.486449,-0.179739,0.018644,1.239187,0.471185,18.000000,0,47.322642
19.150000,16.970912,0.091201,0.549318,0.000087,0.001686,-0.000565,0.077877,-0.345220,-0.173335,3.177429,-0.153261,16.980045,1.853915,0.307742,-2.199136,0.651685,3.563028,-0.149903,0.012947,0.486799,-0.178843,0.018711,1.234744,0.471185,18.000000,0,47.152967
19.160000,16.969443,0.091173,0.549570,0.000088,0.001685,-0.000564,0.077929,-0.344254,-0.173658,3.170907,-0.152899,16.978585,1.854925,0.307673,-2.199179,0.651642,3.564188,-0.149889,0.012935,0.487149,-0.177948,0.018779,1.230301,0.471185,18.000000,0,46.983307
19.170000,16.967975,0.091145,0.549821,0.000089,0.001684,-0.000564,0.077981,-0.343289,-0.173981,3.164385,-0.152539,16.977126,1.855933,0.307605,-2.199222,0.651598,3.565346,-0.149875,0.012924,0.487500,-0.177054,0.018848,1.225859,0.471185,18.000000,0,46.813661
19.180000,16.966510,0.091117,0.550072,0.000090,0.001683,-0.000563,0.078034,-0.342324,-0.174304,3.157864,-0.152179,16.975669,1.856940,0.307537,-2.199264,0.651555,3.566503,-0.149861,0.012913,0.487850,-0.176161,0.018917,1.221417,0.471185,18.000000,0,46.644030
19.190000,16.965046,0.091089,0.550323,0.000091,0.001682,-0.000563,0.078088,-0.341360,-0.174627,3.151344,-0.151821,16.974214,1.857946,0.307470,-2.199306,0.651512,3.567658,-0.149847,0.012901,0.488201,-0.175269,0.018987,1.216975,0.471185,18.000000,0,46.474413
19.200000,16.963585,0.091062,0.550573,0.000093,0.001681,-0.000562,0.078143,-0.340396,-0.174950,3.144824,-0.151465,16.972762,1.858951,0.307403,-2.199346,0.651468,3.568812,-0.149833,0.012890,0.488552,-0.174378,0.019058,1.212534,0.471185,18.000000,0,46.304811
19.210000,16.962125,0.091034,0.550823,0.000094,0.001680,-0.000562,0.078198,-0.339432,-0.175272,3.138305,-0.151109,16.971311,1.859954,0.307336,-2.199387,0.651424,3.569964,-0.149819,0.012878,0.488903,-0.173488,0.019129,1.208093,0.471185,18.000000,0,46.135223
19.220000,16.960668,0.091007,0.551073,0.000095,0.001679,-0.000561,0.078253,-0.338470,-0.175593,3.131786,-0.150755,16.969862,1.860956,0.307270,-2.199426,0.651380,3.571114,-0.149804,0.012866,0.489253,-0.172599,0.019201,1.203653,0.471185,18.000000,0,45.965650
19.230000,16.959212,0.090979,0.551323,0.000096,0.001678,-0.000561,0.078310,-0.337508,-0.175915,3.125268,-0.150402,16.968415,1.861957,0.307204,-2.199465,0.651336,3.572263,-0.149790,0.012854,0.489604,-0.171710,0.019273,1.199213,0.471185,18.000000,0,45.796092
19.240000,16.957759,0.090952,0.551572,0.000097,0.001677,-0.000560,0.078367,-0.336546,-0.176236,3.118751,-0.150051,16.966970,1.862957,0.307138,-2.199503,0.651292,3.573411,-0.149775,0.012842,0.489956,-0.170823,0.019346,1.194773,0.471185,18.000000,0,45.626547
19.250000,16.956307,0.090925,0.551820,0.000098,0.001676,-0.000560,0.078424,-0.335585,-0.176557,3.112234,-0.149700,16.965527,1.863956,0.307073,-2.199541,0.651248,3.574556,-0.149760,0.012829,0.490307,-0.169937,0.019420,1.190334,0.471185,18.000000,0,45.457017
19.260000,16.954857,0.090898,0.552068,0.000099,0.001675,-0.000559,0.078483,-0.334624,-0.176878,3.105718,-0.149351,16.964087,1.864954,0.307008,-2.199578,0.651204,3.575701,-0.149745,0.012817,0.490658,-0.169051,0.019494,1.185895,0.471185,18.000000,0,45.287502
19.270000,16.953410,0.090872,0.552316,0.000100,0.001674,-0.000559,0.078542,-0.333664,-0.177198,3.099203,-0.149004,16.962648,1.865950,0.306944,-2.199614,0.651159,3.576843,-0.149730,0.012804,0.491009,-0.168166,0.019569,1.181456,0.471185,18.000000,0,45.118001
19.280000,16.951964,0.090845,0.552564,0.000101,0.001673,-0.000558,0.078601,-0.332705,-0.177518,3.092688,-0.148657,16.961211,1.866945,0.306880,-2.199650,0.651115,3.577984,-0.149715,0.012791,0.491361,-0.167283,0.019644,1.177018,0.471185,18.000000,0,44.948514
19.290000,16.950521,0.090818,0.552811,0.000102,0.001672,-0.000558,0.078661,-0.331746,-0.177837,3.086173,-0.148312,16.959776,1.867939,0.306816,-2.199685,0.651070,3.579124,-0.149700,0.012779,0.491712,-0.166400,0.019720,1.172580,0.471185,18.000000,0,44.779042
19.300000,16.949079,0.090792,0.553058,0.000104,0.001671,-0.000557,0.078722,-0.330788,-0.178157,3.079660,-0.147968,16.958343,1.868931,0.306753,-2.199719,0.651025,3.580261,-0.149685,0.012766,0.492064,-0.165518,0.019797,1.168143,0.471185,18.000000,0,44.609584
19.310000,16.947640,0.090766,0.553305,0.000105,0.001670,-0.000556,0.078783,-0.329830,-0.178476,3.073146,-0.147625,16.956912,1.869923,0.306690,-2.199753,0.650981,3.581398,-0.149670,0.012753,0.492416,-0.164637,0.019874,1.163706,0.471185,18.000000,0,44.440140
19.320000,16.946202,0.090739,0.553551,0.000106,0.001669,-0.000556,0.078845,-0.328873,-0.178794,3.066634,-0.147284,16.955484,1.870913,0.306627,-2.199786,0.650936,3.582532,-0.149654,0.012739,0.492767,-0.163757,0.019952,1.159269,0.471185,18.000000,0,44.270711
19.330000,16.944767,0.090713,0.553797,0.000107,0.001668,-0.000555,0.078908,-0.327916,-0.179113,3.060122,-0.146944,16.954057,1.871902,0.306565,-2.199818,0.650890,3.583665,-0.149639,0.012726,0.493119,-0.162878,0.020030,1.154833,0.471185,18.000000,0,44.101296
19.340000,16.943334,0.090687,0.554043,0.000108,0.001667,-0.000555,0.078971,-0.326960,-0.179431,3.053611,-0.146605,16.952632,1.872890,0.306503,-2.199850,0.650845,3.584797,-0.149623,0.012712,0.493471,-0.162000,0.020109,1.150397,0.471185,18.000000,0,43.931895
19.350000,16.941902,0.090662,0.554288,0.000109,0.001666,-0.000554,0.079035,-0.326005,-0.179748,3.047100,-0.146268,16.951209,1.873876,0.306441,-2.199881,0.650800,3.585927,-0.149608,0.012699,0.493823,-0.161123,0.020188,1.145962,0.471185,18.000000,0,43.762508
19.360000,16.940473,0.090636,0.554533,0.000110,0.001665,-0.000553,0.079099,-0.325050,-0.180066,3.040590,-0.145931,16.949789,1.874861,0.306380,-2.199912,0.650754,3.587055,-0.149592,0.012685,0.494175,-0.160247,0.020268,1.141526,0.471185,18.000000,0,43.593136
19.370000,16.939045,0.090610,0.554777,0.000111,0.001664,-0.000553,0.079164,-0.324096,-0.180383,3.034081,-0.145596,16.948370,1.875845,0.306319,-2.199941,0.650709,3.588182,-0.149576,0.012671,0.494528,-0.159372,0.020349,1.137092,0.471185,18.000000,0,43.423777
19.380000,16.937620,0.090585,0.555021,0.000112,0.001663,-0.000552,0.079229,-0.323142,-0.180699,3.027572,-0.145262,16.946954,1.876828,0.306259,-2.199970,0.650663,3.589307,-0.149560,0.012657,0.494880,-0.158498,0.020430,1.132657,0.471185,18.000000,0,43.254433
19.390000,16.936197,0.090559,0.555265,0.000113,0.001662,-0.000552,0.079295,-0.322189,-0.181016,3.021064,-0.144930,16.945539,1.877810,0.306198,-2.199999,0.650617,3.590430,-0.149544,0.012643,0.495232,-0.157625,0.020511,1.128223,0.471185,18.000000,0,43.085103
19.400000,16.934776,0.090534,0.555509,0.000114,0.001661,-0.000551,0.079362,-0.321236,-0.181331,3.014557,-0.144599,16.944126,1.878790,0.306138,-2.200027,0.650571,3.591552,-0.149528,0.012629,0.495585,-0.156752,0.020593,1.123789,0.471185,18.000000,0,42.915787
19.410000,16.933357,0.090509,0.555752,0.000115,0.001660,-0.000550,0.079429,-0.320284,-0.181647,3.008050,-0.144269,16.942716,1.879769,0.306079,-2.200054,0.650525,3.592672,-0.149512,0.012614,0.495937,-0.155881,0.020676,1.119356,0.471185,18.000000,0,42.746485
19.420000,16.931940,0.090484,0.555994,0.000116,0.001659,-0.000550,0.079497,-0.319333,-0.181962,3.001544,-0.143940,16.941307,1.880747,0.306020,-2.200080,0.650479,3.593791,-0.149496,0.012600,0.496290,-0.155011,0.020759,1.114923,0.471185,18.000000,0,42.577197
19.430000,16.930525,0.090459,0.556237,0.000117,0.001658,-0.000549,0.079565,-0.318382,-0.182277,2.995038,-0.143612,16.939901,1.881724,0.305961,-2.200106,0.650433,3.594908,-0.149480,0.012585,0.496642,-0.154141,0.020843,1.110491,0.471185,18.000000,0,42.407924
19.440000,16.929112,0.090434,0.556479,0.000118,0.001657,-0.000548,0.079634,-0.317432,-0.182591,2.988533,-0.143286,16.938497,1.882699,0.305902,-2.200131,0.650386,3.596023,-0.149463,0.012571,0.496995,-0.153273,0.020927,1.106058,0.471185,18.000000,0,42.238664
19.450000,16.927701,0.090410,0.556721,0.000119,0.001656,-0.000548,0.079703,-0.316483,-0.182906,2.982029,-0.142961,16.937095,1.883673,0.305844,-2.200155,0.650340,3.597137,-0.149447,0.012556,0.497348,-0.152405,0.021012,1.101626,0.471185,18.000000,0,42.069418
19.460000,16.926292,0.090385,0.556962,0.000120,0.001655,-0.000547,0.079773,-0.315534,-0.183219,2.975525,-0.142637,16.935694,1.884646,0.305786,-2.200179,0.650293,3.598249,-0.149430,0.012541,0.497701,-0.151539,0.021097,1.097195,0.471185,18.000000,0,41.900187
19.470000,16.924885,0.090361,0.557203,0.000120,0.001654,-0.000547,0.079844,-0.314585,-0.183533,2.969022,-0.142314,16.934296,1.885617,0.305729,-2.200202,0.650246,3.599360,-0.149414,0.012526,0.498054,-0.150673,0.021183,1.092764,0.471185,18.000000,0,41.730969
19.480000,16.923481,0.090336,0.557444,0.000121,0.001653,-0.000546,0.079915,-0.313637,-0.183846,2.962520,-0.141993,16.932900,1.886587,0.305672,-2.200225,0.650200,3.600469,-0.149397,0.012511,0.498407,-0.149809,0.021269,1.088333,0.471185,18.000000,0,41.561765
19.490000,16.922078,0.090312,0.557684,0.000122,0.001652,-0.000545,0.079986,-0.312690,-0.184158,2.956018,-0.141673,16.931506,1.887556,0.305615,-2.200247,0.650153,3.601576,-0.149380,0.012495,0.498760,-0.148945,0.021356,1.083903,0.471185,18.000000,0,41.392575
19.500000,16.920678,0.090288,0.557924,0.000123,0.001651,-0.000545,0.080058,-0.311744,-0.184470,2.949517,-0.141354,16.930114,1.888524,0.305558,-2.200268,0.650105,3.602681,-0.149364,0.012480,0.499113,-0.148083,0.021443,1.079473,0.471185,18.000000,0,41.223399
19.510000,16.919279,0.090264,0.558163,0.000124,0.001650,-0.000544,0.080131,-0.310798,-0.184782,2.943017,-0.141036,16.928724,1.889490,0.305502,-2.200288,0.650058,3.603785,-0.149347,0.012464,0.499466,-0.147221,0.021531,1.075043,0.471185,18.000000,0,41.054237
19.520000,16.917883,0.090240,0.558403,0.000125,0.001649,-0.000543,0.080204,-0.309852,-0.185094,2.936517,-0.140720,16.927337,1.890456,0.305446,-2.200308,0.650011,3.604888,-0.149330,0.012449,0.499820,-0.146360,0.021619,1.070614,0.471185,18.000000,0,40.885089
19.530000,16.916489,0.090216,0.558642,0.000126,0.001648,-0.000542,0.080278,-0.308907,-0.185405,2.930018,-0.140404,16.925951,1.891419,0.305391,-2.200327,0.649963,3.605988,-0.149313,0.012433,0.500173,-0.145501,0.021708,1.066185,0.471185,18.000000,0,40.715955
19.540000,16.915097,0.090193,0.558880,0.000127,0.001647,-0.000542,0.080352,-0.307963,-0.185715,2.923519,-0.140090,16.924567,1.892382,0.305336,-2.200345,0.649916,3.607087,-0.149295,0.012417,0.500526,-0.144642,0.021797,1.061756,0.471185,18.000000,0,40.546834
19.550000,16.913707,0.090169,0.559118,0.000128,0.001645,-0.000541,0.080426,-0.307020,-0.186025,2.917022,-0.139778,16.923186,1.893343,0.305281,-2.200363,0.649868,3.608185,-0.149278,0.012401,0.500880,-0.143784,0.021886,1.057328,0.471185,18.000000,0,40.377728
19.560000,16.912319,0.090146,0.559356,0.000129,0.001644,-0.000540,0.080501,-0.306077,-0.186335,2.910525,-0.139466,16.921806,1.894303,0.305226,-2.200380,0.649820,3.609280,-0.149261,0.012385,0.501234,-0.142928,0.021976,1.052900,0.471185,18.000000,0,40.208635
19.570000,16.910933,0.090122,0.559593,0.000130,0.001643,-0.000540,0.080577,-0.305135,-0.186645,2.904028,-0.139156,16.920429,1.895262,0.305172,-2.200396,0.649772,3.610374,-0.149244,0.012369,0.501587,-0.142072,0.022067,1.048473,0.471185,18.000000,0,40.039556
19.580000,16.909549,0.090099,0.559831,0.000130,0.001642,-0.000539,0.080653,-0.304193,-0.186954,2.897532,-0.138846,16.919054,1.896219,0.305118,-2.200412,0.649724,3.611467,-0.149226,0.012353,0.501941,-0.141217,0.022158,1.044046,0.471185,18.000000,0,39.870490
19.590000,16.908168,0.090076,0.560067,0.000131,0.001641,-0.000538,0.080730,-0.303252,-0.187262,2.891037,-0.138538,16.917681,1.897175,0.305065,-2.200427,0.649676,3.612558,-0.149209,0.012337,0.502295,-0.140363,0.022249,1.039619,0.471185,18.000000,0,39.701439
19.600000,16.906788,0.090053,0.560304,0.000132,0.001640,-0.000538,0.080807,-0.302311,-0.187571,2.884543,-0.138232,16.916310,1.898130,0.305011,-2.200442,0.649628,3.613647,-0.149191,0.012320,0.502648,-0.139511,0.022341,1.035192,0.471185,18.000000,0,39.532401
19.610000,16.905411,0.090030,0.560540,0.000133,0.001639,-0.000537,0.080884,-0.301371,-0.187878,2.878049,-0.137926,16.914941,1.899084,0.304958,-2.200455,0.649579,3.614734,-0.149174,0.012304,0.503002,-0.138659,0.022434,1.030766,0.471185,18.000000,0,39.363376
19.620000,16.904035,0.090007,0.560775,0.000134,0.001638,-0.000536,0.080963,-0.300432,-0.188186,2.871556,-0.137622,16.913574,1.900036,0.304906,-2.200468,0.649531,3.615820,-0.149156,0.012287,0.503356,-0.137808,0.022527,1.026341,0.471185,18.000000,0,39.194366
19.630000,16.902662,0.089984,0.561011,0.000135,0.001637,-0.000535,0.081041,-0.299494,-0.188493,2.865063,-0.137319,16.912209,1.900987,0.304853,-2.200481,0.649482,3.616904,-0.149138,0.012270,0.503710,-0.136959,0.022620,1.021915,0.471185,18.000000,0,39.025369
19.640000,16.901291,0.089962,0.561245,0.000135,0.001636,-0.000535,0.081120,-0.298556,-0.188799,2.858571,-0.137017,16.910847,1.901936,0.304801,-2.200492,0.649433,3.617986,-0.149120,0.012253,0.504064,-0.136110,0.022713,1.017490,0.471185,18.000000,0,38.856385
19.650000,16.899922,0.089939,0.561480,0.000136,0.001635,-0.000534,0.081200,-0.297618,-0.189105,2.852080,-0.136716,16.909486,1.902885,0.304750,-2.200503,0.649384,3.619067,-0.149102,0.012236,0.504419,-0.135262,0.022808,1.013066,0.471185,18.000000,0,38.687416
19.660000,16.898556,0.089917,0.561714,0.000137,0.001633,-0.000533,0.081280,-0.296682,-0.189411,2.845590,-0.136416,16.908128,1.903832,0.304698,-2.200513,0.649335,3.620146,-0.149085,0.012219,0.504773,-0.134415,0.022902,1.008641,0.471185,18.000000,0,38.518459
19.670000,16.897191,0.089895,0.561948,0.000138,0.001632,-0.000532,0.081360,-0.295746,-0.189716,2.839100,-0.136118,16.906772,1.904777,0.304647,-2.200523,0.649286,3.621224,-0.149067,0.012202,0.505127,-0.133570,0.022997,1.004217,0.471185,18.000000,0,38.349517
19.680000,16.895828,0.089872,0.562181,0.000139,0.001631,-0.000532,0.081441,-0.294810,-0.190021,2.832611,-0.135821,16.905418,1.905721,0.304596,-2.200532,0.649237,3.622299,-0.149048,0.012185,0.505481,-0.132725,0.023093,0.999794,0.471185,18.000000,0,38.180588
19.690000,16.894468,0.089850,0.562415,0.000139,0.001630,-0.000531,0.081522,-0.293876,-0.190326,2.826122,-0.135524,16.904066,1.906664,0.304546,-2.200540,0.649187,3.623373,-0.149030,0.012167,0.505836,-0.131881,0.023188,0.995371,0.471185,18.000000,0,38.011672
19.700000,16.893110,0.089828,0.562647,0.000140,0.001629,-0.000530,0.081604,-0.292941,-0.190630,2.819634,-0.135230,16.902716,1.907606,0.304496,-2.200548,0.649138,3.624446,-0.149012,0.012150,0.506190,-0.131039,0.023285,0.990948,0.471185,18.000000,0,37.842770
19.710000,16.891754,0.089806,0.562880,0.000141,0.001628,-0.000529,0.081686,-0.292008,-0.190933,2.813147,-0.134936,16.901368,1.908546,0.304446,-2.200554,0.649088,3.625516,-0.148994,0.012132,0.506545,-0.130197,0.023381,0.986525,0.471185,18.000000,0,37.673881
19.720000,16.890400,0.089785,0.563112,0.000142,0.001627,-0.000529,0.081769,-0.291075,-0.191236,2.806661,-0.134643,16.900023,1.909485,0.304396,-2.200560,0.649038,3.626585,-0.148976,0.012115,0.506899,-0.129356,0.023478,0.982103,0.471185,18.000000,0,37.505006
19.730000,16.889048,0.089763,0.563343,0.000143,0.001626,-0.000528,0.081852,-0.290143,-0.191539,2.800175,-0.134352,16.898679,1.910423,0.304347,-2.200566,0.648989,3.627652,-0.148957,0.012097,0.507254,-0.128517,0.023576,0.977681,0.471185,18.000000,0,37.336144
19.740000,16.887699,0.089741,0.563574,0.000143,0.001624,-0.000527,0.081935,-0.289211,-0.191841,2.793690,-0.134062,16.897338,1.911359,0.304298,-2.200571,0.648939,3.628718,-0.148939,0.012079,0.507609,-0.127678,0.023674,0.973260,0.471185,18.000000,0,37.167296
19.750000,16.886351,0.089720,0.563805,0.000144,0.001623,-0.000526,0.082019,-0.288281,-0.192143,2.787206,-0.133773,16.895999,1.912294,0.304249,-2.200575,0.648888,3.629782,-0.148920,0.012061,0.507963,-0.126840,0.023772,0.968839,0.471185,18.000000,0,36.998461
19.760000,16.885006,0.089699,0.564036,0.000145,0.001622,-0.000525,0.082104,-0.287350,-0.192444,2.780722,-0.133485,16.894662,1.913228,0.304201,-2.200578,0.648838,3.630844,-0.148902,0.012043,0.508318,-0.126004,0.023871,0.964418,0.471185,18.000000,0,36.829639
19.770000,16.883663,0.089677,0.564266,0.000146,0.001621,-0.000525,0.082189,-0.286421,-0.192745,2.774239,-0.133198,16.893327,1.914160,0.304153,-2.200581,0.648788,3.631904,-0.148883,0.012025,0.508673,-0.125168,0.023970,0.959998,0.471185,18.000000,0,36.660831
19.780000,16.882322,0.089656,0.564496,0.000146,0.001620,-0.000524,0.082274,-0.285492,-0.193046,2.767757,-0.132913,16.891995,1.915091,0.304105,-2.200583,0.648737,3.632963,-0.148864,0.012007,0.509028,-0.124334,0.024069,0.955578,0.471185,18.000000,0,36.492036
19.790000,16.880983,0.089635,0.564725,0.000147,0.001619,-0.000523,0.082359,-0.284564,-0.193345,2.761275,-0.132629,16.890664,1.916020,0.304058,-2.200584,0.648687,3.634020,-0.148846,0.011989,0.509383,-0.123500,0.024169,0.951158,0.471185,18.000000,0,36.323254
19.800000,16.879646,0.089614,0.564954,0.000148,0.001618,-0.000522,0.082445,-0.283636,-0.193645,2.754794,-0.132345,16.889336,1.916949,0.304010,-2.200585,0.648636,3.635076,-0.148827,0.011971,0.509738,-0.122668,0.024269,0.946739,0.471185,18.000000,0,36.154485
19.810000,16.878312,0.089593,0.565183,0.000148,0.001616,-0.000522,0.082532,-0.282709,-0.193944,2.748314,-0.132063,16.888010,1.917875,0.303963,-2.200585,0.648585,3.636129,-0.148808,0.011952,0.510093,-0.121837,0.024370,0.942320,0.471185,18.000000,0,35.985730
19.820000,16.876980,0.089572,0.565411,0.000149,0.001615,-0.000521,0.082619,-0.281783,-0.194243,2.741835,-0.131783,16.886686,1.918801,0.303917,-2.200584,0.648534,3.637181,-0.148789,0.011934,0.510448,-0.121006,0.024470,0.937901,0.471185,18.000000,0,35.816988
19.830000,16.875650,0.089552,0.565639,0.000150,0.001614,-0.000520,0.082706,-0.280857,-0.194541,2.735356,-0.131503,16.885364,1.919725,0.303870,-2.200582,0.648483,3.638231,-0.148770,0.011915,0.510803,-0.120177,0.024572,0.933483,0.471185,18.000000,0,35.648259
19.840000,16.874322,0.089531,0.565867,0.000151,0.001613,-0.000519,0.082794,-0.279932,-0.194838,2.728878,-0.131224,16.884044,1.920648,0.303824,-2.200580,0.648432,3.639280,-0.148751,0.011896,0.511158,-0.119348,0.024673,0.929065,0.471185,18.000000,0,35.479544
19.850000,16.872996,0.089511,0.566094,0.000151,0.001612,-0.000518,0.082882,-0.279008,-0.195136,2.722400,-0.130947,16.882727,1.921569,0.303779,-2.200577,0.648381,3.640326,-0.148732,0.011878,0.511513,-0.118521,0.024775,0.924647,0.471185,18.000000,0,35.310841
19.860000,16.871673,0.089490,0.566321,0.000152,0.001611,-0.000517,0.082970,-0.278085,-0.195432,2.715924,-0.130671,16.881412,1.922489,0.303733,-2.200574,0.648329,3.641371,-0.148713,0.011859,0.511868,-0.117695,0.024878,0.920230,0.471185,18.000000,0,35.142152
19.870000,16.870351,0.089470,0.566547,0.000153,0.001609,-0.000517,0.083059,-0.277162,-0.195729,2.709448,-0.130395,16.880099,1.923408,0.303688,-2.200569,0.648278,3.642415,-0.148694,0.011840,0.512224,-0.116870,0.024980,0.915813,0.471185,18.000000,0,34.973476
19.880000,16.869032,0.089450,0.566773,0.000153,0.001608,-0.000516,0.083148,-0.276239,-0.196024,2.702972,-0.130121,16.878788,1.924325,0.303643,-2.200564,0.648226,3.643456,-0.148675,0.011821,0.512579,-0.116046,0.025084,0.911396,0.471185,18.000000,0,34.804813
19.890000,16.867715,0.089430,0.566999,0.000154,0.001607,-0.000515,0.083238,-0.275318,-0.196320,2.696498,-0.129849,16.877479,1.925241,0.303598,-2.200559,0.648174,3.644496,-0.148656,0.011802,0.512934,-0.115223,0.025187,0.906980,0.471185,18.000000,0,34.636163
19.900000,16.866400,0.089410,0.567224,0.000155,0.001606,-0.000514,0.083328,-0.274397,-0.196614,2.690024,-0.129577,16.876173,1.926155,0.303554,-2.200552,0.648122,3.645534,-0.148636,0.011783,0.513290,-0.114400,0.025291,0.902564,0.471185,18.000000,0,34.467526
19.910000,16.865088,0.089390,0.567449,0.000155,0.001605,-0.000513,0.083418,-0.273477,-0.196909,2.683551,-0.129306,16.874868,1.927068,0.303510,-2.200545,0.648070,3.646570,-0.148617,0.011763,0.513645,-0.113579,0.025395,0.898148,0.471185,18.000000,0,34.298902
19.920000,16.863778,0.089370,0.567674,0.000156,0.001603,-0.000512,0.083509,-0.272557,-0.197203,2.677078,-0.129037,16.873566,1.927980,0.303466,-2.200537,0.648018,3.647605,-0.148598,0.011744,0.514001,-0.112760,0.025499,0.893733,0.471185,18.000000,0,34.130291
19.930000,16.862470,0.089350,0.567898,0.000157,0.001602,-0.000512,0.083600,-0.271639,-0.197496,2.670606,-0.128768,16.872266,1.928890,0.303422,-2.200529,0.647966,3.648638,-0.148578,0.011725,0.514356,-0.111941,0.025604,0.889318,0.471185,18.000000,0,33.961693
19.940000,16.861164,0.089331,0.568122,0.000157,0.001601,-0.000511,0.083692,-0.270721,-0.197789,2.664135,-0.128501,16.870969,1.929799,0.303379,-2.200520,0.647913,3.649669,-0.148559,0.011705,0.514712,-0.111123,0.025709,0.884904,0.471185,18.000000,0,33.793108
19.950000,16.859860,0.089311,0.568345,0.000158,0.001600,-0.000510,0.083783,-0.269803,-0.198081,2.657665,-0.128235,16.869673,1.930707,0.303336,-2.200510,0.647861,3.650698,-0.148539,0.011686,0.515067,-0.110306,0.025815,0.880489,0.471185,18.000000,0,33.624536
19.960000,16.858559,0.089292,0.568568,0.000158,0.001599,-0.000509,0.083876,-0.268886,-0.198373,2.651195,-0.127970,16.868380,1.931613,0.303293,-2.200499,0.647808,3.651726,-0.148520,0.011666,0.515423,-0.109490,0.025920,0.876076,0.471185,18.000000,0,33.455977
19.970000,16.857259,0.089272,0.568791,0.000159,0.001597,-0.000508,0.083968,-0.267970,-0.198665,2.644726,-0.127706,16.867089,1.932517,0.303251,-2.200488,0.647755,3.652752,-0.148500,0.011646,0.515779,-0.108676,0.026026,0.871662,0.471185,18.000000,0,33.287431
19.980000,16.855962,0.089253,0.569013,0.000160,0.001596,-0.000507,0.084061,-0.267055,-0.198955,2.638258,-0.127443,16.865800,1.933421,0.303209,-2.200476,0.647702,3.653776,-0.148481,0.011626,0.516134,-0.107862,0.026133,0.867249,0.471185,18.000000,0,33.118898
19.990000,16.854668,0.089234,0.569235,0.000160,0.001595,-0.000506,0.084154,-0.266140,-0.199246,2.631791,-0.127182,16.864514,1.934323,0.303167,-2.200463,0.647649,3.654798,-0.148461,0.011607,0.516490,-0.107049,0.026239,0.862836,0.471185,18.000000,0,32.950377
20.000000,16.853375,0.089215,0.569456,0.000161,0.001594,-0.000506,0.084248,-0.265226,-0.199536,2.625324,-0.126921,16.863229,1.935223,0.303125,-2.200449,0.647596,3.655819,-0.148441,0.011587,0.516846,-0.106238,0.026346,0.858423,0.471185,18.000000,0,32.781870
20.010000,16.852085,0.089196,0.569678,0.000161,0.001593,-0.000505,0.084342,-0.264313,-0.199825,2.618858,-0.126662,16.861947,1.936122,0.303084,-2.200435,0.647543,3.656838,-0.148421,0.011567,0.517202,-0.105428,0.026454,0.854011,0.471185,18.000000,0,32.613375
20.020000,16.850797,0.089177,0.569898,0.000162,0.001591,-0.000504,0.084436,-0.263401,-0.200114,2.612393,-0.126403,16.860667,1.937020,0.303043,-2.200420,0.647489,3.657855,-0.148402,0.011547,0.517558,-0.104618,0.026561,0.849599,0.471185,18.000000,0,32.444893
20.030000,16.849511,0.089158,0.570119,0.000163,0.001590,-0.000503,0.084531,-0.262489,-0.200403,2.605928,-0.126146,16.859389,1.937916,0.303002,-2.200405,0.647436,3.658870,-0.148382,0.011527,0.517914,-0.103810,0.026669,0.845188,0.471185,18.000000,0,32.276423
20.040000,16.848228,0.089140,0.570339,0.000163,0.001589,-0.000502,0.084626,-0.261578,-0.200690,2.599464,-0.125890,16.858114,1.938811,0.302961,-2.200388,0.647382,3.659884,-0.148362,0.011506,0.518269,-0.103003,0.026777,0.840777,0.471185,18.000000,0,32.107967
20.050000,16.846946,0.089121,0.570558,0.000164,0.001588,-0.000501,0.084721,-0.260667,-0.200978,2.593001,-0.125635,16.856841,1.939704,0.302921,-2.200371,0.647328,3.660896,-0.148342,0.011486,0.518625,-0.102197,0.026886,0.836366,0.471185,18.000000,0,31.939523
20.060000,16.845667,0.089103,0.570778,0.000164,0.001586,-0.000500,0.084816,-0.259758,-0.201265,2.586539,-0.125381,16.855570,1.940596,0.302881,-2.200354,0.647275,3.661906,-0.148322,0.011466,0.518981,-0.101391,0.026995,0.831955,0.471185,18.000000,0,31.771092
20.070000,16.844390,0.089084,0.570996,0.000165,0.001585,-0.000499,0.084912,-0.258849,-0.201551,2.580077,-0.125128,16.854301,1.941487,0.302841,-2.200335,0.647221,3.662914,-0.148302,0.011445,0.519337,-0.100587,0.027104,0.827545,0.471185,18.000000,0,31.602673
20.080000,16.843116,0.089066,0.571215,0.000166,0.001584,-0.000499,0.085009,-0.257940,-0.201837,2.573617,-0.124876,16.853034,1.942376,0.302801,-2.200316,0.647166,3.663920,-0.148282,0.011425,0.519693,-0.099785,0.027213,0.823135,0.471185,18.000000,0,31.434268
20.090000,16.841844,0.089048,0.571433,0.000166,0.001583,-0.000498,0.085105,-0.257033,-0.202122,2.567156,-0.124626,16.851770,1.943263,0.302762,-2.200296,0.647112,3.664925,-0.148262,0.011404,0.520050,-0.098983,0.027323,0.818726,0.471185,18.000000,0,31.265875
20.100000,16.840574,0.089029,0.571651,0.000167,0.001581,-0.000497,0.085202,-0.256126,-0.202407,2.560697,-0.124376,16.850508,1.944150,0.302723,-2.200275,0.647058,3.665928,-0.148242,0.011384,0.520406,-0.098182,0.027433,0.814317,0.471185,18.000000,0,31.097494
20.110000,16.839306,0.089011,0.571868,0.000167,0.001580,-0.000496,0.085299,-0.255220,-0.202692,2.554238,-0.124128,16.849249,1.945034,0.302684,-2.200254,0.647003,3.666929,-0.148222,0.011363,0.520762,-0.097382,0.027543,0.809908,0.471185,18.000000,0,30.929126
20.120000,16.838040,0.088993,0.572085,0.000168,0.001579,-0.000495,0.085397,-0.254314,-0.202975,2.547780,-0.123880,16.847991,1.945918,0.302646,-2.200232,0.646949,3.667928,-0.148201,0.011342,0.521118,-0.096584,0.027653,0.805499,0.471185,18.000000,0,30.760771
20.130000,16.836777,0.088975,0.572301,0.000168,0.001578,-0.000494,0.085494,-0.253410,-0.203259,2.541323,-0.123634,16.846736,1.946799,0.302607,-2.200209,0.646894,3.668926,-0.148181,0.011322,0.521474,-0.095786,0.027764,0.801091,0.471185,18.000000,0,30.592428
20.140000,16.835516,0.088958,0.572517,0.000169,0.001576,-0.000493,0.085592,-0.252506,-0.203542,2.534867,-0.123388,16.845483,1.947680,0.302569,-2.200186,0.646839,3.669921,-0.148161,0.011301,0.521830,-0.094990,0.027875,0.796683,0.471185,18.000000,0,30.424097
20.150000,16.834257,0.088940,0.572733,0.000169,0.001575,-0.000492,0.085691,-0.251603,-0.203824,2.528411,-0.123144,16.844232,1.948559,0.302531,-2.200162,0.646784,3.670915,-0.148141,0.011280,0.522187,-0.094195,0.027986,0.792275,0.471185,18.000000,0,30.255779
20.160000,16.833001,0.088922,0.572949,0.000170,0.001574,-0.000491,0.085789,-0.250700,-0.204106,2.521956,-0.122901,16.842984,1.949436,0.302494,-2.200137,0.646729,3.671907,-0.148120,0.011259,0.522543,-0.093400,0.028097,0.787868,0.471185,18.000000,0,30.087474
20.170000,16.831747,0.088905,0.573164,0.000170,0.001572,-0.000490,0.085888,-0.249798,-0.204387,2.515502,-0.122659,16.841738,1.950312,0.302457,-2.200111,0.646674,3.672898,-0.148100,0.011238,0.522899,-0.092607,0.028209,0.783461,0.471185,18.000000,0,29.919181
20.180000,16.830495,0.088887,0.573378,0.000171,0.001571,-0.000489,0.085987,-0.248897,-0.204668,2.509048,-0.122418,16.840494,1.951187,0.302419,-2.200085,0.646618,3.673886,-0.148080,0.011217,0.523255,-0.091815,0.028321,0.779055,0.471185,18.000000,0,29.750901
20.190000,16.829246,0.088870,0.573592,0.000171,0.001570,-0.000489,0.086087,-0.247997,-0.204948,2.502596,-0.122178,16.839252,1.952060,0.302383,-2.200057,0.646563,3.674873,-0.148059,0.011196,0.523612,-0.091024,0.028433,0.774648,0.471185,18.000000,0,29.582632
20.200000,16.827998,0.088853,0.573806,0.000172,0.001569,-0.000488,0.086187,-0.247098,-0.205227,2.496144,-0.121939,16.838013,1.952932,0.302346,-2.200030,0.646507,3.675858,-0.148039,0.011175,0.523968,-0.090234,0.028546,0.770243,0.471185,18.000000,0,29.414377
20.210000,16.826753,0.088835,0.574020,0.000172,0.001567,-0.000487,0.086287,-0.246199,-0.205506,2.489693,-0.121701,16.836776,1.953802,0.302310,-2.200001,0.646451,3.676841,-0.148018,0.011153,0.524324,-0.089446,0.028659,0.765837,0.471185,18.000000,0,29.246133
20.220000,16.825511,0.088818,0.574233,0.000173,0.001566,-0.000486,0.086387,-0.245301,-0.205785,2.483242,-0.121465,16.835541,1.954671,0.302274,-2.199972,0.646395,3.677823,-0.147998,0.011132,0.524681,-0.088658,0.028771,0.761432,0.471185,18.000000,0,29.077902
20.230000,16.824270,0.088801,0.574445,0.000173,0.001565,-0.000485,0.086488,-0.244404,-0.206063,2.476793,-0.121229,16.834309,1.955538,0.302238,-2.199942,0.646339,3.678802,-0.147977,0.011111,0.525037,-0.087872,0.028885,0.757027,0.471185,18.000000,0,28.909684
20.240000,16.823032,0.088784,0.574657,0.000174,0.001563,-0.000484,0.086589,-0.243507,-0.206341,2.470344,-0.120994,16.833078,1.956404,0.302202,-2.199911,0.646283,3.679780,-0.147957,0.011089,0.525393,-0.087086,0.028998,0.752622,0.471185,18.000000,0,28.741477
20.250000,16.821797,0.088768,0.574869,0.000174,0.001562,-0.000483,0.086690,-0.242611,-0.206618,2.463895,-0.120760,16.831851,1.957268,0.302167,-2.199879,0.646227,3.680756,-0.147936,0.011068,0.525750,-0.086302,0.029112,0.748218,0.471185,18.000000,0,28.573283
20.260000,16.820563,0.088751,0.575081,0.000175,0.001561,-0.000482,0.086791,-0.241716,-0.206894,2.457448,-0.120528,16.830625,1.958131,0.302132,-2.199847,0.646171,3.681730,-0.147915,0.011046,0.526106,-0.085519,0.029226,0.743814,0.471185,18.000000,0,28.405101
20.270000,16.819332,0.088734,0.575292,0.000175,0.001560,-0.000481,0.086893,-0.240822,-0.207170,2.451001,-0.120296,16.829402,1.958992,0.302097,-2.199814,0.646114,3.682702,-0.147895,0.011025,0.526463,-0.084736,0.029340,0.739410,0.471185,18.000000,0,28.236931
20.280000,16.818103,0.088717,0.575502,0.000175,0.001558,-0.000480,0.086995,-0.239928,-0.207445,2.444556,-0.120066,16.828181,1.959852,0.302062,-2.199781,0.646058,3.683672,-0.147874,0.011003,0.526819,-0.083955,0.029454,0.735007,0.471185,18.000000,0,28.068774
20.290000,16.816877,0.088701,0.575713,0.000176,0.001557,-0.000479,0.087097,-0.239035,-0.207720,2.438110,-0.119836,16.826962,1.960711,0.302028,-2.199746,0.646001,3.684641,-0.147853,0.010981,0.527176,-0.083176,0.029569,0.730604,0.471185,18.000000,0,27.900628
20.300000,16.815652,0.088684,0.575923,0.000176,0.001556,-0.000478,0.087199,-0.238143,-0.207994,2.431666,-0.119608,16.825746,1.961568,0.301994,-2.199711,0.645944,3.685608,-0.147833,0.010960,0.527532,-0.082397,0.029683,0.726201,0.471185,18.000000,0,27.732495
20.310000,16.814431,0.088668,0.576132,0.000177,0.001554,-0.000477,0.087302,-0.237252,-0.208268,2.425223,-0.119380,16.824532,1.962423,0.301960,-2.199675,0.645887,3.686573,-0.147812,0.010938,0.527889,-0.081619,0.029798,0.721799,0.471185,18.000000,0,27.564374
20.320000,16.813211,0.088652,0.576341,0.000177,0.001553,-0.000476,0.087405,-0.236362,-0.208541,2.418780,-0.119154,16.823320,1.963277,0.301926,-2.199638,0.645830,3.687536,-0.147791,0.010916,0.528245,-0.080843,0.029913,0.717396,0.471185,18.000000,0,27.396265
20.330000,16.811994,0.088636,0.576550,0.000178,0.001552,-0.000475,0.087508,-0.235472,-0.208814,2.412338,-0.118929,16.822111,1.964129,0.301892,-2.199601,0.645773,3.688497,-0.147770,0.010894,0.528602,-0.080067,0.030029,0.712995,0.471185,18.000000,0,27.228168
20.340000,16.810779,0.088619,0.576758,0.000178,0.001550,-0.000474,0.087612,-0.234583,-0.209086,2.405897,-0.118704,16.820903,1.964980,0.301859,-2.199563,0.645715,3.689456,-0.147749,0.010872,0.528958,-0.079293,0.030144,0.708593,0.471185,18.000000,0,27.060083
20.350000,16.809566,0.088603,0.576966,0.000179,0.001549,-0.000473,0.087715,-0.233695,-0.209357,2.399456,-0.118481,16.819699,1.965830,0.301826,-2.199524,0.645658,3.690414,-0.147729,0.010850,0.529315,-0.078520,0.030260,0.704192,0.471185,18.000000,0,26.892011
20.360000,16.808356,0.088587,0.577173,0.000179,0.001548,-0.000472,0.087819,-0.232807,-0.209628,2.393016,-0.118259,16.818496,1.966677,0.301793,-2.199485,0.645600,3.691370,-0.147708,0.010828,0.529671,-0.077748,0.030376,0.699791,0.471185,18.000000,0,26.723950
20.370000,16.807148,0.088572,0.577381,0.000179,0.001546,-0.000472,0.087923,-0.231921,-0.209899,2.386577,-0.118037,16.817296,1.967524,0.301761,-2.199444,0.645542,3.692324,-0.147687,0.010806,0.530028,-0.076977,0.030492,0.695391,0.471185,18.000000,0,26.555901
20.380000,16.805943,0.088556,0.577587,0.000180,0.001545,-0.000471,0.088027,-0.231035,-0.210169,2.380139,-0.117817,16.816098,1.968369,0.301728,-2.199403,0.645485,3.693276,-0.147666,0.010784,0.530384,-0.076207,0.030609,0.690991,0.471185,18.000000,0,26.387864
20.390000,16.804740,0.088540,0.577794,0.000180,0.001544,-0.000470,0.088132,-0.230149,-0.210438,2.373702,-0.117598,16.814903,1.969212,0.301696,-2.199362,0.645427,3.694226,-0.147645,0.010762,0.530741,-0.075438,0.030725,0.686591,0.471185,18.000000,0,26.219839
20.400000,16.803539,0.088524,0.577999,0.000181,0.001542,-0.000469,0.088237,-0.229265,-0.210707,2.367265,-0.117380,16.813710,1.970054,0.301664,-2.199319,0.645368,3.695174,-0.147624,0.010740,0.531098,-0.074671,0.030842,0.682191,0.471185,18.000000,0,26.051826
20.410000,16.802340,0.088509,0.578205,0.000181,0.001541,-0.000468,0.088342,-0.228382,-0.210975,2.360830,-0.117162,16.812519,1.970894,0.301633,-2.199276,0.645310,3.696121,-0.147603,0.010718,0.531454,-0.073905,0.030959,0.677792,0.471185,18.000000,0,25.883825
20.420000,16.801144,0.088493,0.578410,0.000181,0.001539,-0.000467,0.088447,-0.227499,-0.211243,2.354395,-0.116946,16.811330,1.971733,0.301601,-2.199232,0.645252,3.697066,-0.147582,0.010695,0.531811,-0.073139,0.031076,0.673393,0.471185,18.000000,0,25.715836
20.430000,16.799950,0.088478,0.578615,0.000182,0.001538,-0.000466,0.088552,-0.226617,-0.211510,2.347960,-0.116731,16.810144,1.972570,0.301570,-2.199187,0.645193,3.698008,-0.147561,0.010673,0.532167,-0.072375,0.031193,0.668994,0.471185,18.000000,0,25.547858
20.440000,16.798759,0.088463,0.578819,0.000182,0.001537,-0.000465,0.088658,-0.225735,-0.211776,2.341527,-0.116517,16.808961,1.973406,0.301539,-2.199142,0.645135,3.698949,-0.147540,0.010651,0.532524,-0.071612,0.031311,0.664596,0.471185,18.000000,0,25.379893
20.450000,16.797570,0.088447,0.579023,0.000182,0.001535,-0.000464,0.088764,-0.224855,-0.212042,2.335094,-0.116304,16.807779,1.974240,0.301508,-2.199095,0.645076,3.699888,-0.147519,0.010628,0.532880,-0.070850,0.031428,0.660198,0.471185,18.000000,0,25.211939
20.460000,16.796383,0.088432,0.579226,0.000183,0.001534,-0.000463,0.088870,-0.223975,-0.212308,2.328662,-0.116091,16.806600,1.975073,0.301478,-2.199048,0.645017,3.700826,-0.147498,0.010606,0.533237,-0.070090,0.031546,0.655800,0.471185,18.000000,0,25.043997
20.470000,16.795199,0.088417,0.579429,0.000183,0.001533,-0.000462,0.088976,-0.223097,-0.212573,2.322231,-0.115880,16.805423,1.975904,0.301447,-2.199001,0.644958,3.701761,-0.147477,0.010583,0.533594,-0.069330,0.031664,0.651403,0.471185,18.000000,0,24.876067
20.480000,16.794017,0.088402,0.579632,0.000183,0.001531,-0.000461,0.089083,-0.222218,-0.212837,2.315801,-0.115670,16.804249,1.976734,0.301417,-2.198952,0.644899,3.702694,-0.147456,0.010561,0.533950,-0.068572,0.031782,0.647006,0.471185,18.000000,0,24.708148
20.490000,16.792837,0.088387,0.579834,0.000184,0.001530,-0.000460,0.089189,-0.221341,-0.213101,2.309372,-0.115460,16.803077,1.977562,0.301387,-2.198903,0.644840,3.703626,-0.147435,0.010538,0.534307,-0.067814,0.031900,0.642609,0.471185,18.000000,0,24.540242
20.500000,16.791660,0.088372,0.580036,0.000184,0.001528,-0.000459,0.089296,-0.220465,-0.213364,2.302943,-0.115252,16.801907,1.978388,0.301357,-2.198853,0.644780,3.704556,-0.147414,0.010516,0.534663,-0.067058,0.032019,0.638212,0.471185,18.000000,0,24.372346
20.510000,16.790485,0.088357,0.580238,0.000184,0.001527,-0.000458,0.089403,-0.219589,-0.213627,2.296515,-0.115045,16.800740,1.979213,0.301328,-2.198802,0.644721,3.705484,-0.147392,0.010493,0.535020,-0.066303,0.032137,0.633816,0.471185,18.000000,0,24.204463
20.520000,16.789313,0.088343,0.580439,0.000185,0.001526,-0.000457,0.089510,-0.218714,-0.213889,2.290088,-0.114839,16.799575,1.980037,0.301299,-2.198751,0.644661,3.706410,-0.147371,0.010470,0.535377,-0.065549,0.032256,0.629420,0.471185,18.000000,0,24.036591
20.530000,16.788142,0.088328,0.580639,0.000185,0.001524,-0.000456,0.089618,-0.217840,-0.214150,2.283662,-0.114633,16.798413,1.980859,0.301269,-2.198699,0.644602,3.707334,-0.147350,0.010448,0.535733,-0.064797,0.032375,0.625025,0.471185,18.000000,0,23.868731
20.540000,16.786975,0.088314,0.580840,0.000185,0.001523,-0.000455,0.089725,-0.216967,-0.214411,2.277236,-0.114429,16.797253,1.981679,0.301241,-2.198646,0.644542,3.708256,-0.147329,0.010425,0.536090,-0.064045,0.032494,0.620629,0.471185,18.000000,0,23.700882
20.550000,16.785809,0.088299,0.581040,0.000186,0.001521,-0.000454,0.089833,-0.216094,-0.214671,2.270812,-0.114225,16.796095,1.982498,0.301212,-2.198592,0.644482,3.709177,-0.147308,0.010402,0.536446,-0.063295,0.032613,0.616234,0.471185,18.000000,0,23.533045
20.560000,16.784646,0.088285,0.581239,0.000186,0.001520,-0.000453,0.089941,-0.215223,-0.214931,2.264388,-0.114023,16.794939,1.983315,0.301183,-2.198537,0.644421,3.710095,-0.147286,0.010379,0.536803,-0.062546,0.032732,0.611840,0.471185,18.000000,0,23.365220
20.570000,16.783486,0.088270,0.581438,0.000186,0.001519,-0.000452,0.090049,-0.214352,-0.215190,2.257965,-0.113821,16.793786,1.984131,0.301155,-2.198482,0.644361,3.711012,-0.147265,0.010357,0.537159,-0.061798,0.032852,0.607445,0.471185,18.000000,0,23.197406
20.580000,16.782328,0.088256,0.581637,0.000187,0.001517,-0.000451,0.090157,-0.213482,-0.215449,2.251542,-0.113621,16.792636,1.984945,0.301127,-2.198426,0.644301,3.711926,-0.147244,0.010334,0.537516,-0.061051,0.032971,0.603051,0.471185,18.000000,0,23.029603
20.590000,16.781172,0.088242,0.581835,0.000187,0.001516,-0.000450,0.090266,-0.212612,-0.215707,2.245121,-0.113421,16.791487,1.985757,0.301099,-2.198370,0.644240,3.712839,-0.147223,0.010311,0.537872,-0.060305,0.033091,0.598658,0.471185,18.000000,0,22.861812
20.600000,16.780019,0.088228,0.582033,0.000187,0.001514,-0.000449,0.090374,-0.211744,-0.215965,2.238700,-0.113223,16.790342,1.986568,0.301072,-2.198312,0.644180,3.713750,-0.147201,0.010288,0.538229,-0.059560,0.033211,0.594264,0.471185,18.000000,0,22.694032
20.610000,16.778868,0.088214,0.582230,0.000188,0.001513,-0.000448,0.090483,-0.210876,-0.216222,2.232280,-0.113025,16.789198,1.987378,0.301044,-2.198254,0.644119,3.714659,-0.147180,0.010265,0.538585,-0.058817,0.033331,0.589871,0.471185,18.000000,0,22.526264
20.620000,16.777719,0.088200,0.582427,0.000188,0.001512,-0.000447,0.090592,-0.210009,-0.216478,2.225861,-0.112828,16.788057,1.988185,0.301017,-2.198195,0.644058,3.715566,-0.147159,0.010242,0.538942,-0.058075,0.033451,0.585478,0.471185,18.000000,0,22.358507
20.630000,16.776573,0.088186,0.582624,0.000188,0.001510,-0.000446,0.090701,-0.209143,-0.216734,2.219443,-0.112633,16.786918,1.988992,0.300990,-2.198135,0.643997,3.716471,-0.147138,0.010219,0.539298,-0.057334,0.033571,0.581086,0.471185,18.000000,0,22.190762
20.640000,16.775429,0.088172,0.582820,0.000188,0.001509,-0.000445,0.090811,-0.208278,-0.216989,2.213026,-0.112438,16.785782,1.989796,0.300963,-2.198075,0.643936,3.717375,-0.147116,0.010196,0.539655,-0.056594,0.033692,0.576693,0.471185,18.000000,0,22.023028
20.650000,16.774288,0.088158,0.583016,0.000189,0.001507,-0.000444,0.090920,-0.207414,-0.217243,2.206609,-0.112244,16.784648,1.990599,0.300937,-2.198013,0.643875,3.718276,-0.147095,0.010173,0.540011,-0.055855,0.033812,0.572301,0.471185,18.000000,0,21.855305
20.660000,16.773149,0.088144,0.583211,0.000189,0.001506,-0.000443,0.091030,-0.206550,-0.217498,2.200194,-0.112051,16.783517,1.991401,0.300910,-2.197951,0.643813,3.719176,-0.147074,0.010150,0.540368,-0.055118,0.033933,0.567910,0.471185,18.000000,0,21.687594
20.670000,16.772012,0.088131,0.583406,0.000189,0.001504,-0.000442,0.091139,-0.205688,-0.217751,2.193779,-0.111859,16.782388,1.992201,0.300884,-2.197889,0.643752,3.720073,-0.147052,0.010127,0.540724,-0.054381,0.034054,0.563518,0.471185,18.000000,0,21.519893
20.680000,16.770878,0.088117,0.583600,0.000190,0.001503,-0.000441,0.091249,-0.204826,-0.218004,2.187365,-0.111668,16.781261,1.992999,0.300858,-2.197825,0.643690,3.720969,-0.147031,0.010103,0.541081,-0.053646,0.034174,0.559127,0.471185,18.000000,0,21.352204
20.690000,16.769747,0.088104,0.583794,0.000190,0.001501,-0.000440,0.091359,-0.203965,-0.218256,2.180951,-0.111478,16.780137,1.993796,0.300832,-2.197761,0.643628,3.721863,-0.147010,0.010080,0.541437,-0.052912,0.034295,0.554736,0.471185,18.000000,0,21.184527
20.700000,16.768618,0.088090,0.583988,0.000190,0.001500,-0.000439,0.091470,-0.203105,-0.218508,2.174539,-0.111289,16.779015,1.994591,0.300806,-2.197696,0.643566,3.722755,-0.146988,0.010057,0.541793,-0.052179,0.034416,0.550346,0.471185,18.000000,0,21.016860
20.710000,16.767491,0.088077,0.584181,0.000190,0.001499,-0.000438,0.091580,-0.202245,-0.218759,2.168127,-0.111101,16.777895,1.995385,0.300781,-2.197630,0.643504,3.723645,-0.146967,0.010034,0.542150,-0.051448,0.034538,0.545956,0.471185,18.000000,0,20.849205
20.720000,16.766366,0.088064,0.584374,0.000191,0.001497,-0.000437,0.091690,-0.201387,-0.219010,2.161716,-0.110913,16.776778,1.996177,0.300756,-2.197563,0.643442,3.724533,-0.146946,0.010010,0.542506,-0.050717,0.034659,0.541566,0.471185,18.000000,0,20.681561
20.730000,16.765245,0.088051,0.584567,0.000191,0.001496,-0.000436,0.091801,-0.200529,-0.219260,2.155306,-0.110727,16.775664,1.996967,0.300731,-2.197496,0.643380,3.725419,-0.146924,0.009987,0.542862,-0.049988,0.034780,0.537176,0.471185,18.000000,0,20.513928
20.740000,16.764125,0.088038,0.584759,0.000191,0.001494,-0.000435,0.091912,-0.199672,-0.219509,2.148897,-0.110542,16.774552,1.997756,0.300706,-2.197428,0.643317,3.726303,-0.146903,0.009964,0.543219,-0.049260,0.034902,0.532787,0.471185,18.000000,0,20.346306
20.750000,16.763008,0.088025,0.584950,0.000191,0.001493,-0.000434,0.092023,-0.198816,-0.219758,2.142489,-0.110357,16.773442,1.998543,0.300681,-2.197359,0.643255,3.727185,-0.146882,0.009941,0.543575,-0.048533,0.035023,0.528398,0.471185,18.000000,0,20.178695
20.760000,16.761893,0.088012,0.585142,0.000191,0.001491,-0.000433,0.092134,-0.197961,-0.220006,2.136081,-0.110173,16.772335,1.999328,0.300657,-2.197289,0.643192,3.728066,-0.146860,0.009917,0.543931,-0.047807,0.035145,0.524009,0.471185,18.000000,0,20.011095
20.770000,16.760781,0.087999,0.585332,0.000192,0.001490,-0.000432,0.092245,-0.197107,-0.220254,2.129675,-0.109991,16.771230,2.000112,0.300632,-2.197219,0.643129,3.728944,-0.146839,0.009894,0.544288,-0.047082,0.035266,0.519620,0.471185,18.000000,0,19.843506
20.780000,16.759671,0.087986,0.585523,0.000192,0.001488,-0.000431,0.092356,-0.196253,-0.220501,2.123269,-0.109809,16.770127,2.000895,0.300608,-2.197148,0.643066,3.729821,-0.146818,0.009870,0.544644,-0.046359,0.035388,0.515232,0.471185,18.000000,0,19.675928
20.790000,16.758564,0.087973,0.585713,0.000192,0.001487,-0.000430,0.092467,-0.195401,-0.220747,2.116864,-0.109628,16.769027,2.001675,0.300584,-2.197076,0.643003,3.730695,-0.146796,0.009847,0.545000,-0.045637,0.035510,0.510844,0.471185,18.000000,0,19.508362
20.800000,16.757459,0.087960,0.585902,0.000192,0.001485,-0.000429,0.092579,-0.194549,-0.220993,2.110460,-0.109448,16.767930,2.002455,0.300561,-2.197003,0.642940,3.731568,-0.146775,0.009823,0.545356,-0.044916,0.035632,0.506457,0.471185,18.000000,0,19.340806
20.810000,16.756357,0.087948,0.586091,0.000193,0.001484,-0.000428,0.092690,-0.193698,-0.221238,2.104057,-0.109269,16.766835,2.003232,0.300537,-2.196930,0.642877,3.732439,-0.146753,0.009800,0.545712,-0.044196,0.035754,0.502070,0.471185,18.000000,0,19.173261
20.820000,16.755257,0.087935,0.586280,0.000193,0.001482,-0.000427,0.092802,-0.192848,-0.221483,2.097654,-0.109091,16.765742,2.004008,0.300514,-2.196856,0.642813,3.733307,-0.146732,0.009777,0.546068,-0.043478,0.035876,0.497682,0.471185,18.000000,0,19.005727
20.830000,16.754160,0.087923,0.586468,0.000193,0.001481,-0.000426,0.092914,-0.191998,-0.221727,2.091252,-0.108914,16.764652,2.004782,0.300490,-2.196781,0.642750,3.734174,-0.146711,0.009753,0.546424,-0.042760,0.035999,0.493296,0.471185,18.000000,0,18.838204
20.840000,16.753065,0.087910,0.586656,0.000193,0.001479,-0.000425,0.093026,-0.191150,-0.221971,2.084852,-0.108737,16.763564,2.005555,0.300467,-2.196705,0.642686,3.735039,-0.146689,0.009730,0.546781,-0.042044,0.036121,0.488909,0.471185,18.000000,0,18.670692
20.850000,16.751972,0.087898,0.586844,0.000193,0.001478,-0.000424,0.093138,-0.190303,-0.222214,2.078452,-0.108562,16.762478,2.006326,0.300445,-2.196628,0.642622,3.735902,-0.146668,0.009706,0.547137,-0.041329,0.036243,0.484523,0.471185,18.000000,0,18.503190
20.860000,16.750882,0.087886,0.587031,0.000194,0.001476,-0.000422,0.093250,-0.189456,-0.222456,2.072053,-0.108387,16.761396,2.007095,0.300422,-2.196551,0.642558,3.736763,-0.146646,0.009682,0.547493,-0.040615,0.036366,0.480137,0.471185,18.000000,0,18.335700
20.870000,16.749795,0.087873,0.587217,0.000194,0.001475,-0.000421,0.093362,-0.188610,-0.222698,2.065654,-0.108213,16.760315,2.007863,0.300400,-2.196473,0.642494,3.737622,-0.146625,0.009659,0.547849,-0.039903,0.036488,0.475752,0.471185,18.000000,0,18.168220
20.880000,16.748710,0.087861,0.587403,0.000194,0.001473,-0.000420,0.093475,-0.187765,-0.222939,2.059257,-0.108041,16.759237,2.008629,0.300377,-2.196394,0.642430,3.738479,-0.146604,0.009635,0.548205,-0.039191,0.036611,0.471366,0.471185,18.000000,0,18.000751
20.890000,16.747627,0.087849,0.587589,0.000194,0.001472,-0.000419,0.093587,-0.186921,-0.223180,2.052861,-0.107869,16.758162,2.009393,0.300355,-2.196314,0.642366,3.739334,-0.146582,0.009612,0.548560,-0.038481,0.036733,0.466981,0.471185,18.000000,0,17.833292
20.900000,16.746547,0.087837,0.587774,0.000194,0.001470,-0.000418,0.093700,-0.186078,-0.223420,2.046465,-0.107698,16.757089,2.010156,0.300333,-2.196234,0.642301,3.740188,-0.146561,0.009588,0.548916,-0.037772,0.036856,0.462596,0.471185,18.000000,0,17.665845
20.910000,16.745469,0.087825,0.587959,0.000194,0.001469,-0.000417,0.093812,-0.185236,-0.223659,2.040070,-0.107528,16.756018,2.010917,0.300312,-2.196153,0.642237,3.741039,-0.146540,0.009564,0.549272,-0.037064,0.036979,0.458212,0.471185,18.000000,0,17.498408
20.920000,16.744394,0.087813,0.588144,0.000195,0.001467,-0.000416,0.093925,-0.184394,-0.223898,2.033676,-0.107358,16.754950,2.011677,0.300290,-2.196071,0.642172,3.741888,-0.146518,0.009541,0.549628,-0.036358,0.037102,0.453828,0.471185,18.000000,0,17.330982
20.930000,16.743321,0.087801,0.588328,0.000195,0.001466,-0.000415,0.094038,-0.183554,-0.224136,2.027283,-0.107190,16.753884,2.012435,0.300269,-2.195988,0.642107,3.742735,-0.146497,0.009517,0.549984,-0.035653,0.037225,0.449444,0.471185,18.000000,0,17.163566
20.940000,16.742251,0.087790,0.588511,0.000195,0.001464,-0.000414,0.094151,-0.182714,-0.224374,2.020891,-0.107022,16.752821,2.013191,0.300248,-2.195905,0.642042,3.743581,-0.146475,0.009493,0.550340,-0.034949,0.037348,0.445060,0.471185,18.000000,0,16.996161
20.950000,16.741183,0.087778,0.588695,0.000195,0.001463,-0.000413,0.094264,-0.181875,-0.224611,2.014499,-0.106856,16.751761,2.013945,0.300226,-2.195821,0.641977,3.744424,-0.146454,0.009470,0.550695,-0.034246,0.037470,0.440677,0.471185,18.000000,0,16.828767
20.960000,16.740118,0.087766,0.588877,0.000195,0.001461,-0.000412,0.094377,-0.181037,-0.224847,2.008109,-0.106690,16.750702,2.014698,0.300206,-2.195736,0.641912,3.745266,-0.146433,0.009446,0.551051,-0.033544,0.037593,0.436294,0.471185,18.000000,0,16.661383
20.970000,16.739055,0.087755,0.589060,0.000195,0.001460,-0.000411,0.094490,-0.180200,-0.225083,2.001719,-0.106525,16.749647,2.015449,0.300185,-2.195650,0.641847,3.746105,-0.146411,0.009422,0.551407,-0.032844,0.037717,0.431911,0.471185,18.000000,0,16.494009
20.980000,16.737995,0.087743,0.589242,0.000196,0.001458,-0.000410,0.094603,-0.179364,-0.225318,1.995330,-0.106361,16.748593,2.016199,0.300164,-2.195563,0.641781,2.920804,-0.146390,0.009399,0.551762,-0.306791,0.037840,0.427528,0.641781,18.000000,1,16.326647
20.990000,16.736955,0.087732,0.587480,0.000209,-0.005457,-0.000405,0.094720,-0.180518,-0.225551,1.988949,-0.106198,16.747492,2.010300,0.300147,-2.190818,0.640353,3.243913,-0.146733,0.009278,0.552123,-0.305563,0.037945,0.423146,0.640175,18.000000,1,16.159294
21.000000,16.735965,0.087724,0.585437,0.000227,-0.009478,-0.000414,0.094846,-0.184803,-0.225785,1.982578,-0.106035,16.746431,2.003433,0.300137,-2.188236,0.639559,3.456686,-0.147201,0.009483,0.552480,-0.300054,0.038044,0.418764,0.638579,18.000000,1,15.991952
21.010000,16.735021,0.087718,0.583359,0.000240,-0.011574,-0.000431,0.094981,-0.190839,-0.226027,1.976212,-0.105874,16.745415,1.996440,0.300136,-2.187279,0.639241,3.596196,-0.147605,0.009871,0.552832,-0.291342,0.038140,0.414382,0.636993,18.000000,1,15.824620
21.020000,16.734116,0.087716,0.581400,0.000247,-0.012393,-0.000451,0.095121,-0.197709,-0.226280,1.969846,-0.105713,16.744443,1.989850,0.300147,-2.187559,0.639285,3.687100,-0.147880,0.010346,0.553180,-0.280207,0.038236,0.410001,0.635419,18.000000,1,15.657298
21.030000,16.733246,0.087718,0.579654,0.000248,-0.012371,-0.000473,0.095265,-0.204806,-0.226545,1.963476,-0.105553,16.743512,1.983980,0.300170,-2.188787,0.639609,3.745793,-0.148017,0.010845,0.553525,-0.267230,0.038335,0.405620,0.633855,18.000000,1,15.489985
21.040000,16.732404,0.087723,0.578171,0.000245,-0.011799,-0.000494,0.095408,-0.211732,-0.226822,1.957101,-0.105394,16.742620,1.979010,0.300204,-2.190743,0.640146,3.783179,-0.148032,0.011327,0.553866,-0.252852,0.038437,0.401239,0.632301,18.000000,1,15.322682
21.050000,16.731586,0.087732,0.576978,0.000237,-0.010876,-0.000513,0.095547,-0.218230,-0.227111,1.950718,-0.105236,16.741761,1.975026,0.300248,-2.193255,0.640847,3.806511,-0.147949,0.011766,0.554203,-0.237419,0.038544,0.396858,0.630757,18.000000,1,15.155387
21.060000,16.730788,0.087743,0.576081,0.000228,-0.009736,-0.000530,0.095682,-0.224135,-0.227410,1.944325,-0.105079,16.740933,1.972051,0.300301,-2.196187,0.641671,3.820611,-0.147793,0.012148,0.554538,-0.221209,0.038655,0.392477,0.629224,18.000000,1,14.988101
21.070000,16.730005,0.087756,0.575475,0.000217,-0.008470,-0.000544,0.095812,-0.229351,-0.227717,1.937923,-0.104922,16.740129,1.970072,0.300360,-2.199423,0.642586,3.828686,-0.147584,0.012463,0.554870,-0.204451,0.038771,0.388097,0.627701,18.000000,1,14.820823
21.080000,16.729233,0.087771,0.575149,0.000206,-0.007140,-0.000555,0.095935,-0.233822,-0.228032,1.931511,-0.104766,16.739347,1.969047,0.300425,-2.202869,0.643562,3.832866,-0.147340,0.012709,0.555200,-0.187337,0.038892,0.383717,0.626188,18.000000,1,14.653553
21.090000,16.728469,0.087787,0.575086,0.000196,-0.005790,-0.000562,0.096052,-0.237525,-0.228352,1.925087,-0.104611,16.738581,1.968919,0.300493,-2.206445,0.644576,3.834567,-0.147075,0.012886,0.555529,-0.170028,0.039017,0.379337,0.624685,18.000000,1,14.486292
21.100000,16.727709,0.087803,0.575265,0.000186,-0.004450,-0.000567,0.096163,-0.240457,-0.228676,1.918653,-0.104457,16.737828,1.969622,0.300563,-2.210079,0.645608,3.834728,-0.146799,0.012994,0.555857,-0.152667,0.039146,0.374957,0.623192,18.000000,1,14.319038
21.110000,16.726950,0.087820,0.575666,0.000177,-0.003141,-0.000569,0.096269,-0.242630,-0.229001,1.912207,-0.104304,16.737084,1.971082,0.300634,-2.213713,0.646641,3.833969,-0.146521,0.013037,0.556184,-0.135375,0.039279,0.370578,0.621709,18.000000,1,14.151792
21.120000,16.726190,0.087836,0.576266,0.000168,-0.001877,-0.000568,0.096370,-0.244066,-0.229327,1.905751,-0.104152,16.736345,1.973227,0.300703,-2.217292,0.647657,3.832701,-0.146246,0.013019,0.556511,-0.118258,0.039416,0.366198,0.620236,18.000000,1,13.984554
21.130000,16.725426,0.087852,0.577045,0.000162,-0.000668,-0.000565,0.096466,-0.244793,-0.229652,1.899285,-0.104001,16.735608,1.975980,0.300771,-2.220773,0.648644,3.831193,-0.145978,0.012945,0.556837,-0.101407,0.039556,0.361819,0.618773,18.000000,1,13.817324
21.140000,16.724655,0.087867,0.577979,0.000156,0.000477,-0.000559,0.096559,-0.244845,-0.229974,1.892809,-0.103850,16.734870,1.979269,0.300835,-2.224114,0.649591,3.829618,-0.145722,0.012819,0.557164,-0.084903,0.039698,0.357440,0.617319,18.000000,1,13.650102
21.150000,16.723876,0.087880,0.579049,0.000151,0.001556,-0.000552,0.096649,-0.244260,-0.230292,1.886324,-0.103700,16.734128,1.983023,0.300894,-2.227283,0.650487,3.828089,-0.145479,0.012647,0.557491,-0.068814,0.039844,0.353062,0.615875,18.000000,1,13.482887
21.160000,16.723087,0.087892,0.580235,0.000148,0.002565,-0.000543,0.096736,-0.243076,-0.230606,1.879830,-0.103552,16.733381,1.987174,0.300948,-2.230250,0.651324,3.826676,-0.145251,0.012434,0.557819,-0.053197,0.039991,0.348683,0.614441,18.000000,1,13.315680
21.170000,16.722286,0.087902,0.581517,0.000146,0.003502,-0.000532,0.096822,-0.241335,-0.230914,1.873329,-0.103404,16.732625,1.991656,0.300997,-2.232992,0.652095,3.825420,-0.145038,0.012184,0.558149,-0.038101,0.040141,0.344305,0.613016,18.000000,1,13.148481
21.180000,16.721472,0.087911,0.582877,0.000144,0.004366,-0.000519,0.096907,-0.239078,-0.231215,1.866821,-0.103257,16.731859,1.996409,0.301038,-2.235487,0.652794,3.824345,-0.144843,0.011904,0.558479,-0.023566,0.040292,0.339927,0.611600,18.000000,1,12.981290
21.190000,16.720645,0.087917,0.584300,0.000144,0.005159,-0.000506,0.096991,-0.236346,-0.231509,1.860307,-0.103110,16.731082,2.001375,0.301073,-2.237722,0.653415,3.823460,-0.144665,0.011597,0.558810,-0.009625,0.040445,0.335549,0.610194,18.000000,1,12.814107
21.200000,16.719803,0.087920,0.585768,0.000145,0.005880,-0.000492,0.097075,-0.233181,-0.231795,1.853787,-0.102965,16.730292,2.006501,0.301099,-2.239682,0.653957,3.822768,-0.144504,0.011267,0.559143,0.003700,0.040599,0.331172,0.608798,18.000000,1,12.646932
21.210000,16.718945,0.087921,0.587268,0.000146,0.006532,-0.000477,0.097160,-0.229622,-0.232072,1.847264,-0.102821,16.729487,2.011738,0.301118,-2.241360,0.654415,3.822266,-0.144360,0.010921,0.559478,0.016389,0.040753,0.326794,0.607410,18.000000,1,12.479765
21.220000,16.718071,0.087920,0.588786,0.000148,0.007115,-0.000461,0.097246,-0.225709,-0.232341,1.840737,-0.102677,16.728667,2.017040,0.301129,-2.242750,0.654789,3.821946,-0.144234,0.010560,0.559814,0.028432,0.040908,0.322417,0.606032,18.000000,1,12.312607
21.230000,16.717181,0.087917,0.590311,0.000150,0.007633,-0.000445,0.097333,-0.221481,-0.232600,1.834207,-0.102534,16.727832,2.022367,0.301131,-2.243848,0.655076,3.821799,-0.144124,0.010190,0.560152,0.039824,0.041063,0.318040,0.604663,18.000000,1,12.145457
21.240000,16.716275,0.087910,0.591831,0.000154,0.008087,-0.000428,0.097421,-0.216975,-0.232850,1.827676,-0.102392,16.726979,2.027680,0.301125,-2.244655,0.655278,3.821813,-0.144030,0.009814,0.560492,0.050562,0.041218,0.313663,0.603303,18.000000,1,11.978316
21.250000,16.715352,0.087902,0.593336,0.000157,0.008481,-0.000412,0.097512,-0.212226,-0.233091,1.821145,-0.102251,16.726110,2.032945,0.301111,-2.245171,0.655395,3.821978,-0.143952,0.009434,0.560834,0.060653,0.041373,0.309287,0.601952,18.000000,1,11.811183
21.260000,16.714412,0.087890,0.594818,0.000161,0.008817,-0.000395,0.097604,-0.207268,-0.233322,1.814614,-0.102111,16.725224,2.038134,0.301088,-2.245402,0.655428,3.822281,-0.143889,0.009055,0.561177,0.070103,0.041527,0.304910,0.600611,18.000000,1,11.644060
21.270000,16.713456,0.087877,0.596270,0.000166,0.009098,-0.000379,0.097699,-0.202133,-0.233544,1.808084,-0.101972,16.724320,2.043219,0.301058,-2.245352,0.655378,3.822710,-0.143841,0.008678,0.561523,0.078926,0.041681,0.300534,0.599278,18.000000,1,11.476945
21.280000,16.712484,0.087861,0.597683,0.000170,0.009327,-0.000362,0.097797,-0.196852,-0.233756,1.801557,-0.101833,16.723399,2.048177,0.301019,-2.245029,0.655248,3.823252,-0.143806,0.008306,0.561870,0.087135,0.041833,0.296159,0.597954,18.000000,1,11.309839
21.290000,16.711497,0.087842,0.599053,0.000175,0.009508,-0.000347,0.097897,-0.191454,-0.233959,1.795032,-0.101696,16.722461,2.052989,0.300973,-2.244442,0.655040,3.823896,-0.143784,0.007942,0.562219,0.094749,0.041985,0.291783,0.596638,18.000000,1,11.142743
21.300000,16.710493,0.087822,0.600374,0.000180,0.009644,-0.000331,0.097999,-0.185965,-0.234153,1.788511,-0.101559,16.721506,2.057636,0.300920,-2.243601,0.654757,3.824629,-0.143774,0.007587,0.562571,0.101789,0.042136,0.287408,0.595332,18.000000,1,10.975657
21.310000,16.709476,0.087799,0.601643,0.000184,0.009738,-0.000316,0.098105,-0.180410,-0.234339,1.781994,-0.101423,16.720534,2.062106,0.300859,-2.242516,0.654403,3.825442,-0.143775,0.007243,0.562924,0.108277,0.042286,0.283033,0.594034,18.000000,1,10.808579
21.320000,16.708443,0.087774,0.602856,0.000189,0.009792,-0.000302,0.098213,-0.174813,-0.234516,1.775483,-0.101287,16.719546,2.066386,0.300792,-2.241199,0.653981,3.826322,-0.143786,0.006911,0.563279,0.114237,0.042434,0.278658,0.592745,18.000000,1,10.641512
21.330000,16.707397,0.087747,0.604010,0.000194,0.009812,-0.000288,0.098323,-0.169195,-0.234685,1.768977,-0.101153,16.718542,2.070469,0.300719,-2.239663,0.653494,3.827261,-0.143807,0.006593,0.563635,0.119694,0.042581,0.274283,0.591464,18.000000,1,10.474454
21.340000,16.706338,0.087719,0.605104,0.000199,0.009799,-0.000274,0.098437,-0.163575,-0.234846,1.762478,-0.101019,16.717523,2.074346,0.300639,-2.237921,0.652946,3.828249,-0.143837,0.006290,0.563994,0.124676,0.042726,0.269909,0.590192,18.000000,1,10.307407
21.350000,16.705267,0.087689,0.606136,0.000204,0.009756,-0.000262,0.098553,-0.157971,-0.234999,1.755986,-0.100887,16.716490,2.078014,0.300555,-2.235985,0.652341,3.829276,-0.143875,0.006003,0.564354,0.129208,0.042870,0.265535,0.588928,18.000000,1,10.140369
21.360000,16.704184,0.087657,0.607105,0.000208,0.009688,-0.000250,0.098672,-0.152399,-0.235146,1.749501,-0.100755,16.715442,2.081471,0.300465,-2.233870,0.651684,3.830335,-0.143920,0.005732,0.564715,0.133318,0.043012,0.261161,0.587673,18.000000,1,9.973342
21.370000,16.703089,0.087624,0.608012,0.000212,0.009595,-0.000239,0.098793,-0.146873,-0.235286,1.743025,-0.100623,16.714381,2.084714,0.300371,-2.231588,0.650978,3.831417,-0.143971,0.005478,0.565079,0.137035,0.043153,0.256788,0.586426,18.000000,1,9.806325
21.380000,16.701985,0.087590,0.608857,0.000217,0.009482,-0.000229,0.098917,-0.141407,-0.235420,1.736557,-0.100493,16.713308,2.087746,0.300272,-2.229153,0.650226,3.832517,-0.144027,0.005240,0.565443,0.140387,0.043292,0.252414,0.585187,18.000000,1,9.639319
21.390000,16.700870,0.087554,0.609640,0.000220,0.009350,-0.000219,0.099043,-0.136011,-0.235548,1.730098,-0.100363,16.712223,2.090569,0.300170,-2.226579,0.649434,3.833626,-0.144089,0.005020,0.565809,0.143400,0.043428,0.248042,0.583956,18.000000,1,9.472323
21.400000,16.699747,0.087518,0.610363,0.000224,0.009203,-0.000210,0.099171,-0.130694,-0.235671,1.723649,-0.100234,16.711127,2.093186,0.300065,-2.223880,0.648605,3.834740,-0.144155,0.004818,0.566177,0.146102,0.043564,0.243669,0.582734,18.000000,1,9.305338
21.410000,16.698615,0.087480,0.611027,0.000228,0.009043,-0.000202,0.099301,-0.125466,-0.235789,1.717209,-0.100106,16.710020,2.095601,0.299957,-2.221067,0.647742,3.835853,-0.144224,0.004632,0.566545,0.148520,0.043697,0.239296,0.581520,18.000000,1,9.138363
21.420000,16.697476,0.087442,0.611633,0.000231,0.008872,-0.000195,0.099433,-0.120333,-0.235903,1.710779,-0.099979,16.708904,2.097821,0.299846,-2.218154,0.646850,3.836960,-0.144296,0.004464,0.566915,0.150680,0.043829,0.234924,0.580314,18.000000,1,8.971400
21.430000,16.696330,0.087404,0.612184,0.000233,0.008691,-0.000188,0.099566,-0.115301,-0.236013,1.704360,-0.099852,16.707778,2.099852,0.299734,-2.215153,0.645933,3.838056,-0.144370,0.004312,0.567286,0.152607,0.043959,0.230553,0.579116,18.000000,1,8.804447
21.440000,16.695178,0.087364,0.612681,0.000236,0.008504,-0.000182,0.099701,-0.110374,-0.236119,1.697951,-0.099726,16.706645,2.101702,0.299619,-2.212076,0.644992,3.839139,-0.144445,0.004177,0.567658,0.154325,0.044087,0.226181,0.577926,18.000000,1,8.637505
21.450000,16.694020,0.087325,0.613128,0.000238,0.008311,-0.000177,0.099838,-0.105556,-0.236222,1.691552,-0.099601,16.705504,2.103378,0.299504,-2.208934,0.644033,3.840205,-0.144522,0.004057,0.568031,0.155859,0.044213,0.221810,0.576743,18.000000,1,8.470574
21.460000,16.692858,0.087285,0.613526,0.000240,0.008115,-0.000172,0.099975,-0.100850,-0.236322,1.685164,-0.099476,16.704357,2.104889,0.299388,-2.205739,0.643058,3.841251,-0.144600,0.003953,0.568405,0.157229,0.044338,0.217439,0.575569,18.000000,1,8.303655
21.470000,16.691690,0.087245,0.613878,0.000242,0.007917,-0.000169,0.100114,-0.096257,-0.236420,1.678788,-0.099352,16.703203,2.106243,0.299271,-2.202499,0.642070,3.842275,-0.144677,0.003864,0.568780,0.158458,0.044461,0.213068,0.574402,18.000000,1,8.136746
21.480000,16.690519,0.087205,0.614187,0.000243,0.007718,-0.000165,0.100253,-0.091777,-0.236515,1.672422,-0.099229,16.702044,2.107449,0.299154,-2.199226,0.641072,3.843275,-0.144754,0.003789,0.569155,0.159565,0.044582,0.208698,0.573244,18.000000,1,7.969849
21.490000,16.689345,0.087165,0.614455,0.000244,0.007520,-0.000163,0.100393,-0.087411,-0.236609,1.666067,-0.099107,16.700880,2.108518,0.299037,-2.195929,0.640067,3.844249,-0.144831,0.003727,0.569531,0.160569,0.044702,0.204328,0.572093,18.000000,1,7.802963
21.500000,16.688168,0.087125,0.614685,0.000245,0.007324,-0.000160,0.100534,-0.083158,-0.236702,1.659724,-0.098985,16.699712,2.109457,0.298921,-2.192615,0.639058,3.845196,-0.144906,0.003678,0.569908,0.161489,0.044820,0.199958,0.570949,18.000000,1,7.636088
21.510000,16.686989,0.087085,0.614881,0.000246,0.007131,-0.000159,0.100675,-0.079017,-0.236793,1.653391,-0.098864,16.698540,2.110276,0.298805,-2.189293,0.638046,3.846116,-0.144980,0.003641,0.570286,0.162340,0.044936,0.195589,0.569813,18.000000,1,7.469225
21.520000,16.685807,0.087045,0.615044,0.000246,0.006941,-0.000158,0.100817,-0.074986,-0.236884,1.647070,-0.098744,16.697366,2.110985,0.298691,-2.185971,0.637033,3.847007,-0.145052,0.003615,0.570664,0.163138,0.045051,0.191219,0.568685,18.000000,1,7.302373
21.530000,16.684625,0.087006,0.615178,0.000246,0.006756,-0.000157,0.100958,-0.071061,-0.236974,1.640760,-0.098625,16.696189,2.111593,0.298577,-2.182654,0.636023,3.847870,-0.145122,0.003600,0.571042,0.163897,0.045165,0.186850,0.567564,18.000000,1,7.135532
21.540000,16.683441,0.086967,0.615285,0.000246,0.006577,-0.000157,0.101099,-0.067242,-0.237064,1.634460,-0.098506,16.695009,2.112109,0.298465,-2.179350,0.635016,3.848704,-0.145190,0.003594,0.571421,0.164630,0.045277,0.182482,0.566451,18.000000,1,6.968703
21.550000,16.682257,0.086929,0.615367,0.000245,0.006403,-0.000157,0.101241,-0.063523,-0.237154,1.628172,-0.098387,16.693829,2.112541,0.298355,-2.176064,0.634015,3.849509,-0.145256,0.003598,0.571800,0.165348,0.045388,0.178114,0.565345,18.000000,1,6.801885
21.560000,16.681072,0.086891,0.615427,0.000245,0.006235,-0.000157,0.101381,-0.059903,-0.237244,1.621895,-0.098270,16.692647,2.112898,0.298246,-2.172801,0.633020,3.850287,-0.145319,0.003609,0.572180,0.166062,0.045498,0.173746,0.564246,18.000000,1,6.635079
21.570000,16.679887,0.086854,0.615468,0.000244,0.006074,-0.000158,0.101522,-0.056377,-0.237334,1.615628,-0.098153,16.691464,2.113189,0.298139,-2.169566,0.632033,3.851037,-0.145380,0.003629,0.572560,0.166783,0.045606,0.169378,0.563155,18.000000,1,6.468284
21.580000,16.678702,0.086817,0.615492,0.000243,0.005920,-0.000159,0.101662,-0.052941,-0.237425,1.609372,-0.098037,16.690281,2.113421,0.298034,-2.166362,0.631056,3.851761,-0.145438,0.003655,0.572940,0.167518,0.045714,0.165011,0.562071,18.000000,1,6.301501
21.590000,16.677518,0.086781,0.615501,0.000242,0.005773,-0.000161,0.101801,-0.049591,-0.237517,1.603127,-0.097921,16.689098,2.113602,0.297932,-2.163193,0.630089,3.852459,-0.145493,0.003687,0.573321,0.168274,0.045820,0.160644,0.560994,18.000000,1,6.134729
21.600000,16.676335,0.086746,0.615498,0.000240,0.005633,-0.000162,0.101940,-0.046324,-0.237610,1.596892,-0.097806,16.687915,2.113739,0.297832,-2.160063,0.629134,3.853132,-0.145545,0.003724,0.573702,0.169059,0.045925,0.156277,0.559924,18.000000,1,5.967968
21.610000,16.675152,0.086711,0.615483,0.000239,0.005501,-0.000164,0.102077,-0.043134,-0.237703,1.590667,-0.097692,16.686732,2.113840,0.297734,-2.156974,0.628190,3.853782,-0.145594,0.003766,0.574083,0.169878,0.046029,0.151910,0.558861,18.000000,1,5.801219
21.620000,16.673970,0.086677,0.615460,0.000237,0.005376,-0.000166,0.102214,-0.040018,-0.237798,1.584452,-0.097579,16.685550,2.113909,0.297639,-2.153927,0.627259,3.854409,-0.145640,0.003812,0.574464,0.170736,0.046132,0.147544,0.557806,18.000000,1,5.634482
21.630000,16.672790,0.086644,0.615430,0.000235,0.005259,-0.000169,0.102350,-0.036971,-0.237894,1.578248,-0.097466,16.684370,2.113955,0.297546,-2.150926,0.626342,3.855015,-0.145682,0.003862,0.574845,0.171636,0.046234,0.143178,0.556757,18.000000,1,5.467756
21.640000,16.671611,0.086612,0.615394,0.000233,0.005149,-0.000171,0.102485,-0.033990,-0.237991,1.572053,-0.097353,16.683190,2.113981,0.297455,-2.147971,0.625438,3.855601,-0.145722,0.003915,0.575226,0.172583,0.046335,0.138813,0.555716,18.000000,1,5.301041
21.650000,16.670434,0.086580,0.615354,0.000231,0.005046,-0.000173,0.102618,-0.031069,-0.238090,1.565868,-0.097242,16.682012,2.113995,0.297368,-2.145064,0.624548,3.856168,-0.145759,0.003970,0.575608,0.173577,0.046435,0.134447,0.554681,18.000000,1,5.134338
21.660000,16.669258,0.086549,0.615312,0.000229,0.004951,-0.000176,0.102751,-0.028205,-0.238190,1.559693,-0.097131,16.680835,2.113999,0.297283,-2.142204,0.623672,3.856718,-0.145793,0.004027,0.575989,0.174622,0.046535,0.130082,0.553653,18.000000,1,4.967646
21.670000,16.668083,0.086519,0.615269,0.000227,0.004862,-0.000178,0.102882,-0.025394,-0.238291,1.553527,-0.097020,16.679660,2.113999,0.297200,-2.139393,0.622811,3.857253,-0.145824,0.004085,0.576371,0.175719,0.046634,0.125718,0.552632,18.000000,1,4.800966
21.680000,16.666911,0.086490,0.615226,0.000225,0.004780,-0.000181,0.103012,-0.022632,-0.238394,1.547370,-0.096910,16.678486,2.113999,0.297120,-2.136631,0.621964,3.857772,-0.145852,0.004144,0.576752,0.176867,0.046732,0.121353,0.551618,18.000000,1,4.634297
21.690000,16.665740,0.086461,0.615183,0.000223,0.004704,-0.000183,0.103141,-0.019915,-0.238498,1.541222,-0.096801,16.677314,2.114003,0.297043,-2.133918,0.621131,3.858278,-0.145878,0.004204,0.577134,0.178068,0.046829,0.116989,0.550611,18.000000,1,4.467640
21.700000,16.664571,0.086433,0.615143,0.000220,0.004635,-0.000186,0.103268,-0.017240,-0.238604,1.535084,-0.096693,16.676145,2.114013,0.296968,-2.131253,0.620312,3.858773,-0.145900,0.004264,0.577516,0.179321,0.046926,0.112625,0.549610,18.000000,1,4.300994
21.710000,16.663404,0.086406,0.615106,0.000218,0.004571,-0.000189,0.103394,-0.014603,-0.238712,1.528954,-0.096585,16.674977,2.114033,0.296896,-2.128636,0.619508,3.859257,-0.145920,0.004323,0.577898,0.180625,0.047023,0.108262,0.548616,18.000000,1,4.134360
21.720000,16.662238,0.086380,0.615072,0.000215,0.004513,-0.000191,0.103519,-0.012000,-0.238820,1.522832,-0.096477,16.673811,2.114065,0.296826,-2.126066,0.618717,3.859731,-0.145938,0.004382,0.578279,0.181979,0.047118,0.103899,0.547629,18.000000,1,3.967736
21.730000,16.661075,0.086354,0.615043,0.000213,0.004460,-0.000194,0.103642,-0.009430,-0.238931,1.516720,-0.096371,16.672647,2.114112,0.296759,-2.123542,0.617940,3.860197,-0.145953,0.004440,0.578661,0.183382,0.047213,0.099536,0.546648,18.000000,1,3.801125
21.740000,16.659913,0.086329,0.615019,0.000211,0.004412,-0.000196,0.103764,-0.006889,-0.239042,1.510615,-0.096265,16.671485,2.114176,0.296694,-2.121064,0.617177,3.860657,-0.145965,0.004498,0.579043,0.184832,0.047308,0.095173,0.545673,18.000000,1,3.634524
21.750000,16.658753,0.086305,0.615000,0.000208,0.004368,-0.000199,0.103884,-0.004373,-0.239155,1.504519,-0.096159,16.670325,2.114257,0.296632,-2.118630,0.616427,3.861110,-0.145975,0.004554,0.579425,0.186328,0.047402,0.090811,0.544705,18.000000,1,3.467935
21.760000,16.657595,0.086282,0.614986,0.000206,0.004329,-0.000201,0.104004,-0.001882,-0.239270,1.498431,-0.096054,16.669167,2.114358,0.296571,-2.116240,0.615689,3.861559,-0.264723,0.449465,0.579807,0.187867,0.000000,0.086449,0.543744,18.000000,1,3.301357
21.770000,16.656437,0.085704,0.614957,-0.002699,0.004223,0.001092,0.103274,0.000570,-0.239015,1.492351,-0.095952,16.668006,2.114405,0.294607,-2.113835,0.614945,3.864954,-0.196331,0.416885,0.580190,0.189318,0.000000,0.082087,0.542789,18.000000,1,3.134791
21.780000,16.655281,0.084923,0.614906,-0.004187,0.004128,0.002310,0.101288,0.002964,-0.238041,1.486279,-0.095855,16.666844,2.114376,0.291943,-2.111413,0.614194,3.867687,-0.157254,0.384979,0.580572,0.190677,0.000000,0.077726,0.541840,18.000000,1,2.968235
21.790000,16.654125,0.083958,0.614837,-0.004839,0.004037,0.003442,0.098690,0.005304,-0.236393,1.480215,-0.095762,16.665682,2.114286,0.288643,-2.108982,0.613439,3.870191,-0.135834,0.354071,0.580955,0.191968,0.000000,0.073365,0.540897,18.000000,1,2.801692
21.800000,16.652972,0.082825,0.614753,-0.004999,0.003948,0.004485,0.095857,0.007593,-0.234122,1.474159,-0.095673,16.664521,2.114144,0.284770,-2.106551,0.612684,3.872640,-0.125079,0.324356,0.581339,0.193213,0.000000,0.069004,0.539961,18.000000,1,2.635159
21.810000,16.651820,0.081543,0.614657,-0.004876,0.003861,0.005438,0.093012,0.009831,-0.231279,1.468111,-0.095588,16.663360,2.113961,0.280382,-2.104130,0.611932,3.875076,-0.120786,0.295950,0.581722,0.194435,0.000000,0.064644,0.539031,18.000000,1,2.468638
21.820000,16.650671,0.080129,0.614553,-0.004594,0.003776,0.006300,0.090281,0.012020,-0.227915,1.462071,-0.095507,16.662200,2.113746,0.275538,-2.101726,0.611185,3.877489,-0.120426,0.268920,0.582106,0.195651,0.000000,0.060283,0.538108,18.000000,1,2.302128
21.830000,16.649523,0.078598,0.614441,-0.004227,0.003697,0.007075,0.087733,0.014162,-0.224083,1.456040,-0.095429,16.661043,2.113509,0.270294,-2.099348,0.610446,3.879848,-0.122467,0.243299,0.582489,0.196878,0.000000,0.055923,0.537190,18.000000,1,2.135630
21.840000,16.648379,0.076967,0.614326,-0.003819,0.003624,0.007765,0.085405,0.016260,-0.219832,1.450016,-0.095354,16.659887,2.113260,0.264702,-2.097000,0.609716,3.882122,-0.125983,0.219099,0.582873,0.198128,0.000000,0.051564,0.536278,18.000000,1,1.969142
21.850000,16.647237,0.075249,0.614211,-0.003398,0.003558,0.008373,0.083312,0.018318,-0.215208,1.443999,-0.095281,16.658734,2.113007,0.258812,-2.094689,0.608997,3.884282,-0.130404,0.196318,0.583256,0.199413,0.000000,0.047204,0.535373,18.000000,1,1.802666
21.860000,16.646098,0.073459,0.614097,-0.002979,0.003499,0.008904,0.081458,0.020340,-0.210258,1.437991,-0.095211,16.657583,2.112759,0.252672,-2.092419,0.608291,3.886308,-0.135379,0.174945,0.583640,0.200742,0.000000,0.042845,0.534473,18.000000,1,1.636202
21.870000,16.644961,0.071609,0.613986,-0.002571,0.003450,0.009361,0.079840,0.022331,-0.205025,1.431990,-0.095143,16.656435,2.112524,0.246327,-2.090193,0.607598,3.888188,-0.140687,0.154960,0.584023,0.202121,0.000000,0.038487,0.533580,18.000000,1,1.469748
21.880000,16.643828,0.069713,0.613882,-0.002179,0.003409,0.009747,0.078449,0.024296,-0.199550,1.425996,-0.095077,16.655291,2.112310,0.239818,-2.088014,0.606919,3.889914,-0.146185,0.136336,0.584407,0.203557,0.000000,0.034128,0.532692,18.000000,1,1.303306
21.890000,16.642698,0.067780,0.613786,-0.001807,0.003376,0.010068,0.077275,0.026240,-0.193873,1.420009,-0.095013,16.654150,2.112124,0.233186,-2.085884,0.606255,3.891485,-0.151780,0.119044,0.584790,0.205052,0.000000,0.029770,0.531811,18.000000,1,1.136875
21.900000,16.641570,0.065822,0.613700,-0.001456,0.003352,0.010326,0.076308,0.028168,-0.188030,1.414030,-0.094949,16.653012,2.111971,0.226467,-2.083803,0.605606,3.892900,-0.157407,0.103050,0.585173,0.206610,0.000000,0.025412,0.530935,18.000000,1,0.970455
21.910000,16.640446,0.063850,0.613626,-0.001127,0.003336,0.010525,0.075535,0.030084,-0.182056,1.408057,-0.094887,16.651878,2.111857,0.219695,-2.081772,0.604972,3.894165,-0.163019,0.088317,0.585556,0.208231,0.000000,0.021055,0.530065,18.000000,1,0.804046
21.920000,16.639324,0.061871,0.613564,-0.000819,0.003328,0.010670,0.074943,0.031994,-0.175984,1.402091,-0.094826,16.650747,2.111786,0.212902,-2.079792,0.604353,3.895285,-0.168583,0.074806,0.585939,0.209915,0.000000,0.016697,0.529201,18.000000,1,0.637648
21.930000,16.638205,0.059896,0.613515,-0.000534,0.003328,0.010764,0.074521,0.033901,-0.169842,1.396132,-0.094765,16.649620,2.111762,0.206118,-2.077861,0.603748,3.896267,-0.174072,0.062475,0.586322,0.211663,0.000000,0.012340,0.528342,18.000000,1,0.471262
21.940000,16.637089,0.057931,0.613482,-0.000269,0.003333,0.010811,0.074256,0.035809,-0.163661,1.390179,-0.094704,16.648497,2.111788,0.199369,-2.075979,0.603158,3.897120,-0.179465,0.051281,0.586705,0.213471,0.000000,0.007984,0.527489,18.000000,1,0.304886
21.950000,16.635975,0.055984,0.613464,-0.000026,0.003345,0.010814,0.074136,0.037723,-0.157465,1.384233,-0.094644,16.647376,2.111867,0.192681,-2.074145,0.602583,3.897852,-0.184744,0.041181,0.587087,0.215338,0.000000,0.003627,0.526642,18.000000,1,0.138522
21.960000,16.634864,0.054061,0.613462,0.000197,0.003363,0.010777,0.074150,0.039644,-0.151279,1.378292,-0.094583,16.646260,2.112001,0.186075,-2.072357,0.602021,2.651321,-0.189895,0.032129,0.587470,-0.197350,0.000000,-0.000729,0.471185,18.000000,1,-0.027832
21.970000,16.633781,0.052169,0.610542,0.000422,-0.007051,0.010709,0.074292,0.038575,-0.145123,1.372368,-0.094522,16.645064,2.102096,0.179577,-2.063521,0.599410,3.078712,-0.195390,0.023938,0.587860,-0.214401,0.000000,-0.005085,0.471185,18.000000,1,-0.194175
21.980000,16.632776,0.050316,0.607075,0.000635,-0.013592,0.010586,0.074559,0.032650,-0.139021,1.366465,-0.094461,16.643927,2.090294,0.173210,-2.057644,0.597661,3.360788,-0.200943,0.017203,0.588245,-0.225540,0.000000,-0.009440,0.471185,18.000000,1,-0.360507
21.990000,16.631841,0.048508,0.603407,0.000826,-0.017528,0.010420,0.074943,0.023726,-0.133003,1.360575,-0.094399,16.642854,2.077792,0.166998,-2.054066,0.596583,3.546336,-0.206288,0.011691,0.588624,-0.232078,0.000000,-0.013795,0.471185,18.000000,1,-0.526828
22.000000,16.630972,0.046751,0.599763,0.000992,-0.019711,0.010219,0.075430,0.013049,-0.127089,1.354690,-0.094336,16.641849,2.065364,0.160957,-2.052314,0.596036,3.667782,-0.211319,0.007229,0.588996,-0.234957,0.000000,-0.018151,0.471185,18.000000,1,-0.693140
22.010000,16.630164,0.045048,0.596287,0.001134,-0.020709,0.009991,0.076006,0.001463,-0.121299,1.348806,-0.094272,16.640911,2.053504,0.155102,-2.052041,0.595922,3.746679,-0.216010,0.003681,0.589361,-0.234868,0.000000,-0.022505,0.471185,18.000000,1,-0.859442
22.020000,16.629410,0.043402,0.593068,0.001253,-0.020907,0.009740,0.076657,-0.010465,-0.115646,1.342918,-0.094207,16.640039,2.042519,0.149444,-2.052983,0.596162,3.797354,-0.220368,0.000940,0.589721,-0.232335,0.000000,-0.026860,0.471185,18.000000,1,-1.025736
22.030000,16.628707,0.041816,0.590156,0.001352,-0.020564,0.009471,0.077372,-0.022350,-0.110142,1.337024,-0.094140,16.639228,2.032586,0.143990,-2.054936,0.596699,3.829335,-0.224415,-0.001080,0.590074,-0.227767,0.000000,-0.031214,0.471185,18.000000,1,-1.192021
22.040000,16.628048,0.040292,0.587580,0.001432,-0.019856,0.009188,0.078139,-0.033933,-0.104796,1.331120,-0.094072,16.638475,2.023799,0.138747,-2.057733,0.597482,3.848961,-0.228175,-0.002454,0.590422,-0.221493,0.000000,-0.035568,0.471185,18.000000,1,-1.358299
22.050000,16.627429,0.038830,0.585349,0.001497,-0.018905,0.008894,0.078949,-0.045041,-0.099616,1.325205,-0.094003,16.637775,2.016196,0.133720,-2.061237,0.598472,3.860447,-0.231672,-0.003245,0.590764,-0.213790,0.000000,-0.039922,0.471185,18.000000,1,-1.524569
22.060000,16.626846,0.037432,0.583462,0.001547,-0.017794,0.008590,0.079792,-0.055557,-0.094607,1.319276,-0.093932,16.637122,2.009773,0.128911,-2.065330,0.599635,3.866601,-0.234926,-0.003511,0.591102,-0.204890,0.000000,-0.044276,0.471185,18.000000,1,-1.690832
22.070000,16.626294,0.036098,0.581911,0.001584,-0.016583,0.008281,0.080661,-0.065407,-0.089773,1.313333,-0.093859,16.636513,2.004503,0.124322,-2.069910,0.600941,3.869291,-0.237955,-0.003302,0.591435,-0.195000,0.000000,-0.048630,0.471185,18.000000,1,-1.857088
22.080000,16.625769,0.034829,0.580684,0.001610,-0.015314,0.007967,0.081549,-0.074547,-0.085118,1.307373,-0.093784,16.635943,2.000341,0.119954,-2.074887,0.602364,3.869761,-0.240772,-0.002665,0.591765,-0.184301,0.000000,-0.052983,0.471185,18.000000,1,-2.023339
22.090000,16.625266,0.033624,0.579762,0.001626,-0.014017,0.007651,0.082450,-0.082950,-0.080643,1.301397,-0.093707,16.635406,1.997229,0.115807,-2.080179,0.603879,3.868841,-0.243390,-0.001643,0.592092,-0.172955,0.000000,-0.057336,0.471185,18.000000,1,-2.189583
22.100000,16.624783,0.032482,0.579128,0.001633,-0.012715,0.007334,0.083359,-0.090609,-0.076350,1.295404,-0.093629,16.634899,1.995104,0.111877,-2.085713,0.605465,3.867083,-0.245820,-0.000276,0.592416,-0.161110,0.000000,-0.061689,0.471185,18.000000,1,-2.355822
22.110000,16.624315,0.031403,0.578761,0.001632,-0.011423,0.007018,0.084271,-0.097524,-0.072238,1.289392,-0.093548,16.634416,1.993897,0.108164,-2.091421,0.607102,3.864853,-0.248070,0.001399,0.592737,-0.148900,0.000000,-0.066042,0.471185,18.000000,1,-2.522055
22.120000,16.623860,0.030386,0.578641,0.001623,-0.010156,0.006704,0.085181,-0.103706,-0.068307,1.283363,-0.093466,16.633955,1.993539,0.104664,-2.097245,0.608774,3.862397,-0.250149,0.003347,0.593056,-0.136446,0.000000,-0.070395,0.471185,18.000000,1,-2.688283
22.130000,16.623414,0.029430,0.578747,0.001608,-0.008922,0.006393,0.086085,-0.109171,-0.064555,1.277315,-0.093381,16.633512,1.993957,0.101373,-2.103127,0.610463,3.859875,-0.252065,0.005536,0.593374,-0.123858,0.000000,-0.074748,0.471185,18.000000,1,-2.854506
22.140000,16.622975,0.028533,0.579058,0.001587,-0.007729,0.006087,0.086979,-0.113940,-0.060979,1.271249,-0.093294,16.633082,1.995081,0.098288,-2.109021,0.612157,3.857394,-0.253826,0.007935,0.593690,-0.111236,0.000000,-0.079100,0.471185,18.000000,1,-3.020724
22.150000,16.622540,0.027695,0.579554,0.001561,-0.006583,0.005785,0.087862,-0.118039,-0.057578,1.265165,-0.093204,16.632663,1.996841,0.095403,-2.114880,0.613840,3.855023,-0.255438,0.010516,0.594006,-0.098670,0.000000,-0.083453,0.471185,18.000000,1,-3.186937
22.160000,16.622107,0.026913,0.580215,0.001531,-0.005489,0.005490,0.088729,-0.121495,-0.054348,1.259064,-0.093113,16.632252,1.999169,0.092713,-2.120664,0.615502,3.852806,-0.256908,0.013252,0.594320,-0.086240,0.000000,-0.087805,0.471185,18.000000,1,-3.353146
22.170000,16.621673,0.026187,0.581022,0.001496,-0.004449,0.005201,0.089579,-0.124341,-0.051285,1.252945,-0.093019,16.631845,2.001999,0.090212,-2.126340,0.617133,3.850768,-0.258243,0.016119,0.594635,-0.074017,0.000000,-0.092157,0.471185,18.000000,1,-3.519350
22.180000,16.621237,0.025514,0.581956,0.001459,-0.003467,0.004920,0.090409,-0.126607,-0.048386,1.246809,-0.092923,16.631442,2.005267,0.087895,-2.131874,0.618722,3.848925,-0.259449,0.019094,0.594949,-0.062065,0.000000,-0.096510,0.471185,18.000000,1,-3.685549
22.190000,16.620798,0.024892,0.583000,0.001418,-0.002544,0.004646,0.091217,-0.128327,-0.045645,1.240658,-0.092825,16.631038,2.008914,0.085756,-2.137241,0.620263,3.847285,-0.260533,0.022156,0.595263,-0.050438,0.000000,-0.100861,0.471185,18.000000,1,-3.851744
22.200000,16.620353,0.024320,0.584137,0.001374,-0.001682,0.004381,0.092002,-0.129535,-0.043059,1.234491,-0.092724,16.630633,2.012881,0.083788,-2.142416,0.621749,3.845847,-0.261500,0.025284,0.595577,-0.039185,0.000000,-0.105213,0.471185,18.000000,1,-4.017934
22.210000,16.619902,0.023796,0.585350,0.001329,-0.000880,0.004124,0.092762,-0.130267,-0.040623,1.228309,-0.092621,16.630223,2.017114,0.081984,-2.147381,0.623173,3.844611,-0.262358,0.028460,0.595892,-0.028344,0.000000,-0.109565,0.471185,18.000000,1,-4.184119
22.220000,16.619443,0.023318,0.586626,0.001282,-0.000138,0.003876,0.093497,-0.130556,-0.038331,1.222113,-0.092515,16.629809,2.021562,0.080339,-2.152118,0.624531,3.843570,-0.263113,0.031668,0.596208,-0.017951,0.000000,-0.113917,0.471185,18.000000,1,-4.350300
22.230000,16.618976,0.022884,0.587950,0.001233,0.000543,0.003638,0.094205,-0.130437,-0.036178,1.215904,-0.092407,16.629388,2.026177,0.078845,-2.156615,0.625819,3.842718,-0.263769,0.034893,0.596524,-0.008031,0.000000,-0.118268,0.471185,18.000000,1,-4.516476
22.240000,16.618499,0.022492,0.589309,0.001183,0.001166,0.003409,0.094885,-0.129945,-0.034159,1.209683,-0.092297,16.628960,2.030916,0.077496,-2.160861,0.627034,3.842046,-0.264333,0.038120,0.596841,0.001394,0.000000,-0.122619,0.471185,18.000000,1,-4.682647
22.250000,16.618013,0.022140,0.590691,0.001133,0.001730,0.003189,0.095538,-0.129113,-0.032269,1.203450,-0.092185,16.628523,2.035735,0.076285,-2.164849,0.628174,3.841546,-0.264810,0.041336,0.597159,0.010309,0.000000,-0.126971,0.471185,18.000000,1,-4.848814
22.260000,16.617517,0.021825,0.592086,0.001082,0.002238,0.002979,0.096162,-0.127974,-0.030502,1.197206,-0.092070,16.628076,2.040599,0.075205,-2.168573,0.629237,3.841208,-0.265206,0.044529,0.597478,0.018702,0.000000,-0.131322,0.471185,18.000000,1,-5.014975
22.270000,16.617010,0.021548,0.593483,0.001031,0.002691,0.002779,0.096758,-0.126560,-0.028852,1.190952,-0.091952,16.627619,2.045472,0.074249,-2.172032,0.630222,3.841021,-0.265525,0.047690,0.597798,0.026568,0.000000,-0.135673,0.471185,18.000000,1,-5.181132
22.280000,16.616492,0.021304,0.594873,0.000980,0.003091,0.002588,0.097325,-0.124901,-0.027315,1.184689,-0.091832,16.627151,2.050323,0.073412,-2.175225,0.631130,3.840975,-0.265774,0.050809,0.598120,0.033905,0.000000,-0.140024,0.471185,18.000000,1,-5.347284
22.290000,16.615964,0.021093,0.596249,0.000929,0.003441,0.002406,0.097864,-0.123027,-0.025884,1.178418,-0.091710,16.626672,2.055125,0.072685,-2.178152,0.631961,3.841060,-0.265957,0.053877,0.598442,0.040716,0.000000,-0.144374,0.471185,18.000000,1,-5.513430
22.300000,16.615425,0.020912,0.597602,0.000879,0.003743,0.002234,0.098374,-0.120967,-0.024555,1.172139,-0.091586,16.626181,2.059851,0.072064,-2.180818,0.632715,3.841265,-0.266079,0.056887,0.598766,0.047006,0.000000,-0.148725,0.471185,18.000000,1,-5.679572
22.310000,16.614875,0.020760,0.598926,0.000829,0.003999,0.002072,0.098857,-0.118747,-0.023321,1.165854,-0.091459,16.625680,2.064479,0.071542,-2.183226,0.633394,3.841581,-0.266144,0.059831,0.599091,0.052785,0.000000,-0.153075,0.471185,18.000000,1,-5.845708
22.320000,16.614315,0.020634,0.600215,0.000780,0.004211,0.001918,0.099311,-0.116393,-0.022178,1.159563,-0.091330,16.625166,2.068990,0.071112,-2.185383,0.634000,3.841997,-0.266156,0.062705,0.599417,0.058062,0.000000,-0.157426,0.471185,18.000000,1,-6.011838
22.330000,16.613745,0.020534,0.601466,0.000732,0.004383,0.001774,0.099738,-0.113929,-0.021120,1.153267,-0.091199,16.624641,2.073367,0.070769,-2.187296,0.634535,3.842504,-0.266121,0.065503,0.599745,0.062853,0.000000,-0.161776,0.471185,18.000000,1,-6.177964
22.340000,16.613165,0.020457,0.602672,0.000685,0.004517,0.001638,0.100139,-0.111377,-0.020143,1.146966,-0.091065,16.624105,2.077597,0.070507,-2.188974,0.635000,3.843093,-0.266041,0.068221,0.600074,0.067174,0.000000,-0.166126,0.471185,18.000000,1,-6.344083
22.350000,16.612576,0.020402,0.603832,0.000639,0.004616,0.001511,0.100513,-0.108759,-0.019241,1.140662,-0.090929,16.623558,2.081665,0.070320,-2.190424,0.635400,3.843753,-0.265922,0.070855,0.600404,0.071041,0.000000,-0.170476,0.471185,18.000000,1,-6.510197
22.360000,16.611977,0.020368,0.604943,0.000594,0.004682,0.001392,0.100861,-0.106093,-0.018409,1.134355,-0.090791,16.623001,2.085564,0.070203,-2.191657,0.635736,3.844478,-0.265765,0.073402,0.600735,0.074475,0.000000,-0.174825,0.471185,18.000000,1,-6.676306
22.370000,16.611370,0.020352,0.606001,0.000550,0.004718,0.001281,0.101185,-0.103398,-0.017643,1.128045,-0.090651,16.622433,2.089286,0.070150,-2.192684,0.636012,3.845257,-0.265576,0.075860,0.601067,0.077496,0.000000,-0.179175,0.471185,18.000000,1,-6.842408
22.380000,16.610756,0.020353,0.607006,0.000508,0.004726,0.001178,0.101484,-0.100691,-0.016939,1.121734,-0.090508,16.621855,2.092824,0.070157,-2.193515,0.636231,3.846085,-0.265356,0.078226,0.601400,0.080125,0.000000,-0.183524,0.471185,18.000000,1,-7.008505
22.390000,16.610133,0.020370,0.607956,0.000467,0.004710,0.001083,0.101760,-0.097986,-0.016291,1.115421,-0.090363,16.621268,2.096175,0.070217,-2.194161,0.636396,3.846953,-0.265111,0.080500,0.601735,0.082384,0.000000,-0.187873,0.471185,18.000000,1,-7.174596
22.400000,16.609504,0.020401,0.608850,0.000428,0.004671,0.000995,0.102013,-0.095298,-0.015695,1.109108,-0.090217,16.620672,2.099337,0.070328,-2.194634,0.636511,3.847854,-0.264841,0.082680,0.602070,0.084297,0.000000,-0.192222,0.471185,18.000000,1,-7.340680
22.410000,16.608869,0.020446,0.609690,0.000390,0.004611,0.000915,0.102244,-0.092637,-0.015148,1.102794,-0.090067,16.620068,2.102308,0.070484,-2.194945,0.636578,3.848782,-0.264551,0.084766,0.602407,0.085884,0.000000,-0.196571,0.471185,18.000000,1,-7.506759
22.420000,16.608228,0.020502,0.610474,0.000354,0.004534,0.000841,0.102455,-0.090016,-0.014646,1.096481,-0.089916,16.619456,2.105090,0.070681,-2.195106,0.636601,3.849731,-0.264242,0.086758,0.602744,0.087170,0.000000,-0.200920,0.471185,18.000000,1,-7.672831
22.430000,16.607581,0.020569,0.611203,0.000319,0.004441,0.000773,0.102645,-0.087444,-0.014183,1.090168,-0.089763,16.618837,2.107685,0.070914,-2.195128,0.636584,3.850695,-0.263918,0.088656,0.603082,0.088178,0.000000,-0.205269,0.471185,18.000000,1,-7.838898
22.440000,16.606931,0.020646,0.611878,0.000285,0.004335,0.000712,0.102815,-0.084928,-0.013758,1.083856,-0.089607,16.618212,2.110094,0.071181,-2.195023,0.636530,3.851670,-0.263581,0.090460,0.603421,0.088929,0.000000,-0.209617,0.471185,18.000000,1,-8.004958
22.450000,16.606276,0.020730,0.612501,0.000254,0.004217,0.000656,0.102968,-0.082477,-0.013366,1.077546,-0.089450,16.617581,2.112323,0.071477,-2.194801,0.636441,3.852650,-0.263232,0.092172,0.603761,0.089446,0.000000,-0.213965,0.471185,18.000000,1,-8.171012
22.460000,16.605618,0.020823,0.613073,0.000223,0.004090,0.000607,0.103102,-0.080097,-0.013004,1.071237,-0.089290,16.616944,2.114377,0.071798,-2.194474,0.636322,3.853632,-0.262875,0.093792,0.604101,0.089751,0.000000,-0.218314,0.471185,18.000000,1,-8.337059
22.470000,16.604957,0.020922,0.613595,0.000195,0.003954,0.000562,0.103220,-0.077792,-0.012669,1.064930,-0.089128,16.616303,2.116260,0.072142,-2.194051,0.636176,3.854612,-0.262510,0.095322,0.604442,0.089865,0.000000,-0.222662,0.471185,18.000000,1,-8.503100
22.480000,16.604294,0.021026,0.614069,0.000167,0.003812,0.000523,0.103322,-0.075566,-0.012358,1.058626,-0.088965,16.615658,2.117978,0.072505,-2.193545,0.636004,3.855585,-0.262140,0.096763,0.604783,0.089809,0.000000,-0.227009,0.471185,18.000000,1,-8.669135
22.490000,16.603629,0.021135,0.614498,0.000142,0.003666,0.000489,0.103409,-0.073423,-0.012068,1.052323,-0.088799,16.615010,2.119540,0.072884,-2.192963,0.635811,3.856550,-0.261767,0.098117,0.605125,0.089601,0.000000,-0.231357,0.471185,18.000000,1,-8.835163
22.500000,16.602963,0.021248,0.614882,0.000117,0.003516,0.000459,0.103482,-0.071365,-0.011797,1.046024,-0.088631,16.614358,2.120951,0.073277,-2.192316,0.635599,3.857503,-0.261392,0.099386,0.605467,0.089261,0.000000,-0.235704,0.471185,18.000000,1,-9.001185
22.510000,16.602296,0.021365,0.615226,0.000094,0.003364,0.000434,0.103541,-0.069394,-0.011541,1.039727,-0.088462,16.613705,2.122219,0.073680,-2.191613,0.635371,3.858442,-0.261016,0.100572,0.605810,0.088807,0.000000,-0.240052,0.471185,18.000000,1,-9.167201
22.520000,16.601628,0.021483,0.615530,0.000073,0.003212,0.000413,0.103588,-0.067509,-0.011298,1.033432,-0.088290,16.613049,2.123353,0.074092,-2.190862,0.635128,3.859365,-0.260641,0.101677,0.606153,0.088256,0.000000,-0.244399,0.471185,18.000000,1,-9.333210
22.530000,16.600961,0.021603,0.615797,0.000053,0.003060,0.000395,0.103623,-0.065712,-0.011067,1.027141,-0.088117,16.612393,2.124359,0.074510,-2.190071,0.634874,3.860271,-0.260268,0.102704,0.606496,0.087623,0.000000,-0.248746,0.471185,18.000000,1,-9.499212
22.540000,16.600295,0.021725,0.616030,0.000034,0.002909,0.000381,0.103647,-0.064002,-0.010844,1.020853,-0.087941,16.611736,2.125247,0.074932,-2.189248,0.634611,3.861158,-0.259898,0.103654,0.606839,0.086925,0.000000,-0.253092,0.471185,18.000000,1,-9.665208
22.550000,16.599630,0.021847,0.616230,0.000017,0.002761,0.000371,0.103660,-0.062377,-0.010628,1.014568,-0.087764,16.611078,2.126023,0.075355,-2.188400,0.634340,3.862025,-0.259532,0.104531,0.607183,0.086175,0.000000,-0.257439,0.471185,18.000000,1,-9.831198
22.560000,16.598965,0.021969,0.616401,0.000000,0.002616,0.000364,0.103664,-0.060837,-0.010418,1.008286,-0.087585,16.610421,2.126697,0.075780,-2.187533,0.634064,3.862871,-0.259171,0.105337,0.607526,0.085387,0.000000,-0.261785,0.471185,18.000000,1,-9.997181
22.570000,16.598303,0.022091,0.616545,-0.000014,0.002474,0.000359,0.103659,-0.059378,-0.010211,1.002007,-0.087403,16.609765,2.127276,0.076202,-2.186654,0.633785,3.863695,-0.258817,0.106073,0.607870,0.084571,0.000000,-0.266132,0.471185,18.000000,1,-10.163157
22.580000,16.597643,0.022211,0.616663,-0.000028,0.002337,0.000357,0.103646,-0.058000,-0.010006,0.995732,-0.087220,16.609109,2.127768,0.076622,-2.185768,0.633503,3.864497,-0.258468,0.106744,0.608214,0.083741,0.000000,-0.270478,0.471185,18.000000,1,-10.329127
22.590000,16.596985,0.022331,0.616758,-0.000041,0.002204,0.000358,0.103625,-0.056699,-0.009801,0.989460,-0.087036,16.608456,2.128180,0.077037,-2.184879,0.633221,3.865278,-0.258128,0.107352,0.608558,0.082906,0.000000,-0.274824,0.471185,18.000000,1,-10.495091
22.600000,16.596329,0.022449,0.616832,-0.000052,0.002077,0.000361,0.103598,-0.055473,-0.009595,0.983190,-0.086849,16.607804,2.128521,0.077447,-2.183994,0.632940,3.866035,-0.257795,0.107899,0.608901,0.082074,0.000000,-0.279169,0.471185,18.000000,1,-10.661048
22.610000,16.595677,0.022565,0.616888,-0.000063,0.001955,0.000366,0.103564,-0.054317,-0.009387,0.976924,-0.086660,16.607154,2.128798,0.077850,-2.183115,0.632661,3.866771,-0.257471,0.108387,0.609245,0.081256,0.000000,-0.283515,0.471185,18.000000,1,-10.826999
22.620000,16.595028,0.022678,0.616928,-0.000072,0.001840,0.000373,0.103524,-0.053230,-0.009175,0.970661,-0.086470,16.606506,2.129017,0.078245,-2.182247,0.632385,3.867485,-0.257155,0.108820,0.609588,0.080457,0.000000,-0.287860,0.471185,18.000000,1,-10.992944
22.630000,16.594382,0.022790,0.616953,-0.000081,0.001730,0.000382,0.103479,-0.052207,-0.008959,0.964401,-0.086278,16.605862,2.129185,0.078631,-2.181392,0.632113,3.868177,-0.256849,0.109201,0.609931,0.079685,0.000000,-0.292206,0.471185,18.000000,1,-11.158882
22.640000,16.593739,0.022898,0.616965,-0.000088,0.001627,0.000392,0.103430,-0.051246,-0.008737,0.958144,-0.086084,16.605220,2.129309,0.079008,-2.180554,0.631846,3.868848,-0.256553,0.109531,0.610275,0.078946,0.000000,-0.296551,0.471185,18.000000,1,-11.324814
22.650000,16.593100,0.023003,0.616966,-0.000095,0.001530,0.000404,0.103376,-0.050341,-0.008509,0.951890,-0.085889,16.604582,2.129395,0.079375,-2.179736,0.631585,3.869498,-0.256267,0.109814,0.610618,0.078244,0.000000,-0.300896,0.471185,18.000000,1,-11.490739
22.660000,16.592465,0.023105,0.616958,-0.000101,0.001440,0.000416,0.103319,-0.049490,-0.008275,0.945639,-0.085691,16.603947,2.129448,0.079730,-2.178939,0.631330,3.870129,-0.255991,0.110051,0.610960,0.077584,0.000000,-0.305240,0.471185,18.000000,1,-11.656659
22.670000,16.591833,0.023204,0.616942,-0.000106,0.001356,0.000430,0.103259,-0.048690,-0.008032,0.939391,-0.085492,16.603316,2.129475,0.080074,-2.178164,0.631082,3.870740,-0.255725,0.110247,0.611303,0.076970,0.000000,-0.309585,0.471185,18.000000,1,-11.822572
22.680000,16.591206,0.023299,0.616920,-0.000110,0.001278,0.000445,0.103196,-0.047935,-0.007781,0.933145,-0.085291,16.602688,2.129480,0.080406,-2.177415,0.630841,3.871333,-0.255469,0.110402,0.611645,0.076404,0.000000,-0.313929,0.471185,18.000000,1,-11.988479
22.690000,16.590583,0.023391,0.616893,-0.000114,0.001207,0.000461,0.103131,-0.047224,-0.007521,0.926901,-0.085088,16.602065,2.129467,0.080726,-2.176691,0.630608,3.871909,-0.255225,0.110519,0.611987,0.075888,0.000000,-0.318274,0.471185,18.000000,1,-12.154379
22.700000,16.589964,0.023479,0.616863,-0.000116,0.001141,0.000478,0.103063,-0.046551,-0.007252,0.920661,-0.084884,16.601445,2.129442,0.081034,-2.175993,0.630383,3.872467,-0.254990,0.110601,0.612329,0.075425,0.000000,-0.322618,0.471185,18.000000,1,-12.320274
22.710000,16.589349,0.023564,0.616830,-0.000119,0.001082,0.000495,0.102995,-0.045914,-0.006974,0.914422,-0.084678,16.600829,2.129408,0.081328,-2.175322,0.630165,3.873010,-0.254767,0.110651,0.612670,0.075016,0.000000,-0.326962,0.471185,18.000000,1,-12.486162
22.720000,16.588738,0.023645,0.616796,-0.000120,0.001029,0.000512,0.102925,-0.045309,-0.006685,0.908186,-0.084470,16.600218,2.129370,0.081610,-2.174679,0.629956,3.873538,-0.254553,0.110669,0.613011,0.074660,0.000000,-0.331305,0.471185,18.000000,1,-12.652045
22.730000,16.588132,0.023722,0.616762,-0.000121,0.000981,0.000530,0.102854,-0.044734,-0.006386,0.901952,-0.084260,16.599611,2.129329,0.081878,-2.174063,0.629755,3.874052,-0.254351,0.110660,0.613352,0.074360,0.000000,-0.335649,0.471185,18.000000,1,-12.817921
22.740000,16.587530,0.023795,0.616729,-0.000122,0.000939,0.000549,0.102783,-0.044184,-0.006077,0.895721,-0.084049,16.599008,2.129291,0.082134,-2.173475,0.629562,3.874552,-0.254158,0.110624,0.613692,0.074114,0.000000,-0.339993,0.471185,18.000000,1,-12.983792
22.750000,16.586932,0.023864,0.616696,-0.000122,0.000901,0.000567,0.102711,-0.043657,-0.005758,0.889491,-0.083836,16.598410,2.129256,0.082376,-2.172913,0.629376,3.875040,-0.253976,0.110563,0.614032,0.073921,0.000000,-0.344336,0.471185,18.000000,1,-13.149656
22.760000,16.586339,0.023930,0.616666,-0.000122,0.000869,0.000586,0.102640,-0.043150,-0.005427,0.883263,-0.083621,16.597816,2.129228,0.082605,-2.172378,0.629199,3.875517,-0.253804,0.110481,0.614372,0.073782,0.000000,-0.348679,0.471185,18.000000,1,-13.315515
22.770000,16.585749,0.023991,0.616639,-0.000121,0.000841,0.000605,0.102568,-0.042660,-0.005086,0.877038,-0.083405,16.597226,2.129210,0.082821,-2.171869,0.629030,3.875983,-0.253642,0.110378,0.614712,0.073695,0.000000,-0.353022,0.471185,18.000000,1,-13.481368
22.780000,16.585165,0.024049,0.616615,-0.000120,0.000818,0.000623,0.102497,-0.042184,-0.004735,0.870814,-0.083187,16.596640,2.129202,0.083025,-2.171386,0.628867,3.876439,-0.253490,0.110256,0.615051,0.073659,0.000000,-0.357365,0.471185,18.000000,1,-13.647215
22.790000,16.584584,0.024104,0.616594,-0.000119,0.000799,0.000642,0.102427,-0.041721,-0.004372,0.864591,-0.082967,16.596059,2.129206,0.083216,-2.170927,0.628713,3.876886,-0.253347,0.110118,0.615390,0.073671,0.000000,-0.361708,0.471185,18.000000,1,-13.813056
22.800000,16.584007,0.024155,0.616578,-0.000117,0.000784,0.000660,0.102358,-0.041267,-0.003999,0.858371,-0.082746,16.595483,2.129224,0.083394,-2.170491,0.628565,3.877325,-0.253213,0.109965,0.615728,0.073731,0.000000,-0.366050,0.471185,18.000000,1,-13.978892
22.810000,16.583435,0.024202,0.616566,-0.000115,0.000772,0.000678,0.102289,-0.040822,-0.003616,0.852152,-0.082523,16.594910,2.129257,0.083560,-2.170078,0.628424,3.877756,-0.253088,0.109798,0.616067,0.073836,0.000000,-0.370393,0.471185,18.000000,1,-14.144722
22.820000,16.582866,0.024246,0.616559,-0.000113,0.000764,0.000696,0.102222,-0.040382,-0.003222,0.845934,-0.082298,16.594342,2.129305,0.083714,-2.169687,0.628289,3.878180,-0.252972,0.109620,0.616405,0.073984,0.000000,-0.374735,0.471185,18.000000,1,-14.310546
22.830000,16.582302,0.024286,0.616557,-0.000110,0.000758,0.000714,0.102156,-0.039946,-0.002818,0.839718,-0.082071,16.593778,2.129370,0.083857,-2.169316,0.628160,3.878598,-0.252865,0.109431,0.616742,0.074173,0.000000,-0.379077,0.471185,18.000000,1,-14.476365
22.840000,16.581742,0.024324,0.616560,-0.000107,0.000756,0.000731,0.102092,-0.039512,-0.002405,0.833504,-0.081843,16.593218,2.129452,0.083988,-2.168964,0.628037,3.879011,-0.252766,0.109233,0.617080,0.074400,0.000000,-0.383419,0.471185,18.000000,1,-14.642178
22.850000,16.581185,0.024358,0.616568,-0.000105,0.000756,0.000748,0.102029,-0.039079,-0.001981,0.827290,-0.081613,16.592663,2.129552,0.084109,-2.168631,0.627920,3.879418,-0.252674,0.109028,0.617417,0.074664,0.000000,-0.387761,0.471185,18.000000,1,-14.807986
22.860000,16.580633,0.024388,0.616582,-0.000102,0.000758,0.000764,0.101967,-0.038645,-0.001548,0.821078,-0.081382,16.592111,2.129669,0.084218,-2.168314,0.627807,3.879821,-0.252590,0.108817,0.617753,0.074962,0.000000,-0.392102,0.471185,18.000000,1,-14.973788
22.870000,16.580084,0.024416,0.616600,-0.000098,0.000762,0.000780,0.101908,-0.038210,-0.001106,0.814867,-0.081149,16.591563,2.129803,0.084318,-2.168013,0.627699,3.880220,-0.252514,0.108600,0.618090,0.075292,0.000000,-0.396444,0.471185,18.000000,1,-15.139584
22.880000,16.579539,0.024442,0.616624,-0.000095,0.000768,0.000795,0.101850,-0.037771,-0.000654,0.808658,-0.080914,16.591020,2.129954,0.084407,-2.167726,0.627596,3.880615,-0.252444,0.108379,0.618426,0.075651,0.000000,-0.400785,0.471185,18.000000,1,-15.305376
22.890000,16.578998,0.024464,0.616653,-0.000092,0.000775,0.000810,0.101794,-0.037329,-0.000194,0.802449,-0.080677,16.590480,2.130123,0.084487,-2.167452,0.627496,3.881008,-0.252381,0.108156,0.618762,0.076036,0.000000,-0.405127,0.471185,18.000000,1,-15.471162
22.900000,16.578460,0.024484,0.616686,-0.000088,0.000784,0.000825,0.101740,-0.036882,0.000274,0.796242,-0.080439,16.589944,2.130309,0.084558,-2.167191,0.627401,3.881397,-0.252325,0.107931,0.619098,0.076446,0.000000,-0.409468,0.471185,18.000000,1,-15.636942
22.910000,16.577926,0.024501,0.616725,-0.000085,0.000794,0.000839,0.101688,-0.036430,0.000751,0.790036,-0.080199,16.589412,2.130511,0.084620,-2.166941,0.627308,3.881784,-0.252274,0.107704,0.619433,0.076879,0.000000,-0.413809,0.471185,18.000000,1,-15.802718
22.920000,16.577396,0.024515,0.616768,-0.000081,0.000805,0.000852,0.101638,-0.035971,0.001235,0.783830,-0.079958,16.588883,2.130729,0.084673,-2.166700,0.627218,3.882169,-0.252229,0.107478,0.619768,0.077331,0.000000,-0.418150,0.471185,18.000000,1,-15.968488
22.930000,16.576869,0.024528,0.616816,-0.000078,0.000817,0.000865,0.101590,-0.035507,0.001727,0.777626,-0.079714,16.588358,2.130962,0.084719,-2.166468,0.627132,3.882552,-0.252190,0.107252,0.620103,0.077801,0.000000,-0.422490,0.471185,18.000000,1,-16.134252
22.940000,16.576345,0.024538,0.616869,-0.000074,0.000829,0.000877,0.101543,-0.035035,0.002226,0.771423,-0.079469,16.587837,2.131210,0.084757,-2.166244,0.627047,3.882934,-0.252156,0.107028,0.620437,0.078287,0.000000,-0.426831,0.471185,18.000000,1,-16.300012
22.950000,16.575825,0.024546,0.616925,-0.000071,0.000842,0.000889,0.101499,-0.034556,0.002733,0.765221,-0.079223,16.587319,2.131471,0.084788,-2.166027,0.626965,3.883314,-0.252127,0.106805,0.620772,0.078787,0.000000,-0.431171,0.471185,18.000000,1,-16.465767
22.960000,16.575308,0.024553,0.616985,-0.000067,0.000855,0.000900,0.101457,-0.034069,0.003245,0.759019,-0.078975,16.586805,2.131746,0.084812,-2.165815,0.626884,3.883693,-0.252102,0.106586,0.621106,0.079299,0.000000,-0.435512,0.471185,18.000000,1,-16.631516
22.970000,16.574794,0.024557,0.617050,-0.000064,0.000869,0.000911,0.101417,-0.033575,0.003764,0.752819,-0.078725,16.586294,2.132033,0.084830,-2.165608,0.626805,3.884070,-0.252082,0.106370,0.621440,0.079820,0.000000,-0.439852,0.471185,18.000000,1,-16.797260
22.980000,16.574284,0.024560,0.617117,-0.000060,0.000882,0.000921,0.101378,-0.033073,0.004289,0.746620,-0.078473,16.585786,2.132332,0.084841,-2.165406,0.626727,3.884447,-0.252065,0.106158,0.621773,0.080350,0.000000,-0.444192,0.471185,18.000000,1,-16.962999
22.990000,16.573776,0.024561,0.617188,-0.000057,0.000896,0.000930,0.101342,-0.032564,0.004819,0.740421,-0.078220,16.585282,2.132642,0.084848,-2.165206,0.626650,3.884823,-0.252052,0.105950,0.622107,0.080886,0.000000,-0.448532,0.471185,18.000000,1,-17.128734
23.000000,16.573272,0.024560,0.617262,-0.000054,0.000909,0.000939,0.101308,-0.032047,0.005355,0.734224,-0.077965,16.584781,2.132962,0.084848,-2.165008,0.626574,3.885199,-0.252043,0.105746,0.622440,0.081428,0.000000,-0.452871,0.471185,18.000000,1,-17.294463
23.010000,16.572771,0.024558,0.617338,-0.000050,0.000922,0.000948,0.101275,-0.031522,0.005895,0.728027,-0.077708,16.584283,2.133290,0.084844,-2.164813,0.626498,3.885573,-0.252037,0.105548,0.622773,0.081973,0.000000,-0.457211,0.471185,18.000000,1,-17.460187
23.020000,16.572273,0.024555,0.617417,-0.000047,0.000934,0.000955,0.101244,-0.030990,0.006440,0.721831,-0.077450,16.583788,2.133628,0.084836,-2.164618,0.626423,3.885947,-0.252033,0.105356,0.623105,0.082521,0.000000,-0.461551,0.471185,18.000000,1,-17.625906
23.030000,16.571778,0.024551,0.617499,-0.000044,0.000947,0.000963,0.101215,-0.030451,0.006990,0.715636,-0.077190,16.583297,2.133972,0.084823,-2.164423,0.626349,3.886320,-0.252033,0.105169,0.623438,0.083069,0.000000,-0.465890,0.471185,18.000000,1,-17.791621
23.040000,16.571286,0.024545,0.617582,-0.000041,0.000959,0.000970,0.101188,-0.029905,0.007544,0.709443,-0.076928,16.582808,2.134324,0.084806,-2.164229,0.626274,3.886693,-0.252035,0.104987,0.623770,0.083618,0.000000,-0.470229,0.471185,18.000000,1,-17.957331
23.050000,16.570797,0.024538,0.617668,-0.000038,0.000970,0.000976,0.101163,-0.029352,0.008101,0.703250,-0.076665,16.582322,2.134681,0.084786,-2.164033,0.626199,3.887065,-0.252038,0.104813,0.624102,0.084166,0.000000,-0.474568,0.471185,18.000000,1,-18.123035
23.060000,16.570310,0.024531,0.617754,-0.000035,0.000981,0.000982,0.101139,-0.028793,0.008662,0.697057,-0.076400,16.581840,2.135044,0.084762,-2.163837,0.626124,3.887436,-0.252044,0.104644,0.624434,0.084711,0.000000,-0.478907,0.471185,18.000000,1,-18.288735
23.070000,16.569827,0.024523,0.617843,-0.000032,0.000991,0.000987,0.101116,-0.028228,0.009226,0.690866,-0.076133,16.581360,2.135411,0.084736,-2.163639,0.626048,3.887806,-0.252052,0.104482,0.624766,0.085254,0.000000,-0.483246,0.471185,18.000000,1,-18.454430
23.080000,16.569347,0.024513,0.617932,-0.000030,0.001001,0.000992,0.101096,-0.027657,0.009793,0.684676,-0.075865,16.580883,2.135782,0.084707,-2.163439,0.625973,3.888176,-0.252061,0.104326,0.625097,0.085793,0.000000,-0.487585,0.471185,18.000000,1,-18.620121
23.090000,16.568869,0.024504,0.618023,-0.000027,0.001010,0.000996,0.101077,-0.027081,0.010362,0.678487,-0.075595,16.580410,2.136155,0.084676,-2.163237,0.625896,3.888545,-0.252072,0.104177,0.625429,0.086328,0.000000,-0.491924,0.471185,18.000000,1,-18.785807
23.100000,16.568395,0.024493,0.618114,-0.000025,0.001018,0.001000,0.101059,-0.026500,0.010934,0.672298,-0.075323,16.579939,2.136532,0.084642,-2.163032,0.625819,3.888913,-0.252084,0.104035,0.625760,0.086858,0.000000,-0.496262,0.471185,18.000000,1,-18.951488
23.110000,16.567923,0.024482,0.618206,-0.000022,0.001026,0.001004,0.101042,-0.025914,0.011509,0.666111,-0.075049,16.579470,2.136910,0.084607,-2.162824,0.625741,3.889280,-0.252097,0.103899,0.626091,0.087383,0.000000,-0.500601,0.471185,18.000000,1,-19.117164
23.120000,16.567454,0.024471,0.618298,-0.000020,0.001033,0.001007,0.101027,-0.025324,0.012085,0.659924,-0.074774,16.579005,2.137289,0.084570,-2.162613,0.625663,3.889646,-0.252110,0.103770,0.626421,0.087902,0.000000,-0.504939,0.471185,18.000000,1,-19.282836
23.130000,16.566987,0.024459,0.618391,-0.000018,0.001040,0.001010,0.101013,-0.024730,0.012663,0.653739,-0.074497,16.578543,2.137669,0.084532,-2.162399,0.625583,3.890011,-0.252125,0.103647,0.626752,0.088415,0.000000,-0.509277,0.471185,18.000000,1,-19.448503
23.140000,16.566524,0.024447,0.618483,-0.000016,0.001045,0.001013,0.101000,-0.024133,0.013242,0.647554,-0.074219,16.578083,2.138049,0.084492,-2.162182,0.625503,3.890374,-0.252139,0.103531,0.627082,0.088921,0.000000,-0.513615,0.471185,18.000000,1,-19.614165
23.150000,16.566063,0.024435,0.618576,-0.000014,0.001051,0.001015,0.100989,-0.023532,0.013823,0.641370,-0.073938,16.577626,2.138429,0.084452,-2.161961,0.625422,3.890737,-0.252155,0.103421,0.627412,0.089421,0.000000,-0.517953,0.471185,18.000000,1,-19.779823
23.160000,16.565606,0.024422,0.618669,-0.000012,0.001055,0.001017,0.100978,-0.022929,0.014405,0.635188,-0.073656,16.577172,2.138808,0.084411,-2.161736,0.625340,3.891098,-0.252170,0.103318,0.627742,0.089914,0.000000,-0.522291,0.471185,18.000000,1,-19.945477
23.170000,16.565150,0.024410,0.618761,-0.000010,0.001059,0.001018,0.100969,-0.022323,0.014988,0.629006,-0.073372,16.576721,2.139185,0.084369,-2.161508,0.625257,3.891457,-0.252186,0.103221,0.628072,0.090400,0.000000,-0.526628,0.471185,18.000000,1,-20.111126
23.180000,16.564698,0.024397,0.618853,-0.000009,0.001063,0.001019,0.100960,-0.021715,0.015572,0.622826,-0.073087,16.576272,2.139562,0.084327,-2.161276,0.625173,3.891815,-0.252202,0.103130,0.628402,0.090878,0.000000,-0.530966,0.471185,18.000000,1,-20.276770
23.190000,16.564249,0.024384,0.618945,-0.000007,0.001065,0.001020,0.100953,-0.021105,0.016156,0.616646,-0.072800,16.575826,2.139936,0.084285,-2.161041,0.625088,3.892172,-0.252217,0.103045,0.628731,0.091350,0.000000,-0.535303,0.471185,18.000000,1,-20.442411
23.200000,16.563802,0.024371,0.619036,-0.000006,0.001068,0.001021,0.100946,-0.020494,0.016741,0.610467,-0.072511,16.575383,2.140308,0.084243,-2.160802,0.625002,3.892527,-0.252233,0.102966,0.629060,0.091815,0.000000,-0.539641,0.471185,18.000000,1,-20.608046
23.210000,16.563358,0.024358,0.619126,-0.000004,0.001069,0.001021,0.100940,-0.019881,0.017326,0.604290,-0.072221,16.574943,2.140678,0.084201,-2.160559,0.624915,3.892880,-0.252248,0.102893,0.629389,0.092272,0.000000,-0.543978,0.471185,18.000000,1,-20.773678
23.220000,16.562917,0.024345,0.619216,-0.000003,0.001071,0.001022,0.100934,-0.019268,0.017911,0.598113,-0.071928,16.574505,2.141044,0.084159,-2.160313,0.624828,3.893231,-0.252263,0.102825,0.629718,0.092723,0.000000,-0.548315,0.471185,18.000000,1,-20.939305
23.230000,16.562478,0.024333,0.619305,-0.000002,0.001071,0.001022,0.100930,-0.018654,0.018497,0.591938,-0.071634,16.574071,2.141408,0.084117,-2.160063,0.624739,3.893580,-0.252277,0.102762,0.630047,0.093166,0.000000,-0.552652,0.471185,18.000000,1,-21.104927
23.240000,16.562043,0.024320,0.619393,-0.000001,0.001072,0.001021,0.100926,-0.018040,0.019082,0.585764,-0.071339,16.573639,2.141769,0.084076,-2.159809,0.624649,3.893928,-0.252291,0.102704,0.630375,0.093603,0.000000,-0.556989,0.471185,18.000000,1,-21.270546
23.250000,16.561610,0.024308,0.619480,-0.000000,0.001072,0.001021,0.100922,-0.017426,0.019667,0.579590,-0.071041,16.573209,2.142126,0.084035,-2.159552,0.624559,3.894273,-0.252305,0.102651,0.630704,0.094034,0.000000,-0.561326,0.471185,18.000000,1,-21.436160
23.260000,16.561180,0.024296,0.619566,0.000001,0.001071,0.001021,0.100919,-0.016812,0.020252,0.573418,-0.070742,16.572783,2.142480,0.083995,-2.159292,0.624468,3.894616,-0.252318,0.102603,0.631032,0.094458,0.000000,-0.565662,0.471185,18.000000,1,-21.601770
23.270000,16.560752,0.024284,0.619652,0.000002,0.001070,0.001020,0.100917,-0.016198,0.020836,0.567247,-0.070441,16.572359,2.142830,0.083956,-2.159029,0.624376,3.894958,-0.252330,0.102560,0.631360,0.094876,0.000000,-0.569999,0.471185,18.000000,1,-21.767375
23.280000,16.560328,0.024272,0.619736,0.000002,0.001069,0.001019,0.100915,-0.015586,0.021421,0.561077,-0.070139,16.571938,2.143177,0.083917,-2.158762,0.624283,3.895297,-0.252341,0.102520,0.631688,0.095287,0.000000,-0.574335,0.471185,18.000000,1,-21.932977
23.290000,16.559906,0.024260,0.619820,0.000003,0.001067,0.001018,0.100913,-0.014973,0.022004,0.554908,-0.069835,16.571519,2.143519,0.083880,-2.158493,0.624189,3.895633,-0.252352,0.102485,0.632015,0.095693,0.000000,-0.578672,0.471185,18.000000,1,-22.098574
23.300000,16.559487,0.024249,0.619902,0.000004,0.001066,0.001017,0.100912,-0.014362,0.022587,0.548740,-0.069529,16.571104,2.143858,0.083843,-2.158220,0.624095,3.895968,-0.252362,0.102454,0.632342,0.096094,0.000000,-0.583008,0.471185,18.000000,1,-22.264167
23.310000,16.559071,0.024238,0.619983,0.000004,0.001064,0.001016,0.100911,-0.013752,0.023170,0.542574,-0.069221,16.570691,2.144193,0.083807,-2.157945,0.624000,3.896300,-0.252372,0.102426,0.632670,0.096489,0.000000,-0.587344,0.471185,18.000000,1,-22.429756
23.320000,16.558658,0.024227,0.620064,0.000005,0.001061,0.001015,0.100911,-0.013143,0.023752,0.536408,-0.068912,16.570281,2.144524,0.083772,-2.157667,0.623904,3.896630,-0.252380,0.102402,0.632996,0.096879,0.000000,-0.591680,0.471185,18.000000,1,-22.595341
23.330000,16.558248,0.024217,0.620143,0.000005,0.001059,0.001013,0.100910,-0.012536,0.024333,0.530244,-0.068600,16.569874,2.144851,0.083738,-2.157387,0.623807,3.896957,-0.252388,0.102381,0.633323,0.097264,0.000000,-0.596016,0.471185,18.000000,1,-22.760922
23.340000,16.557840,0.024207,0.620221,0.000005,0.001056,0.001012,0.100910,-0.011930,0.024913,0.524080,-0.068288,16.569470,2.145175,0.083705,-2.157104,0.623711,3.897282,-0.252395,0.102363,0.633650,0.097644,0.000000,-0.600352,0.471185,18.000000,1,-22.926499
23.350000,16.557435,0.024197,0.620299,0.000006,0.001053,0.001011,0.100910,-0.011325,0.025492,0.517918,-0.067973,16.569068,2.145494,0.083673,-2.156819,0.623613,3.897604,-0.252402,0.102348,0.633976,0.098020,0.000000,-0.604687,0.471185,18.000000,1,-23.092072
23.360000,16.557033,0.024188,0.620375,0.000006,0.001050,0.001009,0.100910,-0.010723,0.026071,0.511757,-0.067657,16.568669,2.145809,0.083643,-2.156532,0.623515,3.897924,-0.252407,0.102336,0.634302,0.098392,0.000000,-0.609023,0.471185,18.000000,1,-23.257642
23.370000,16.556634,0.024178,0.620450,0.000006,0.001047,0.001008,0.100910,-0.010122,0.026649,0.505597,-0.067339,16.568274,2.146121,0.083613,-2.156243,0.623416,3.898242,-0.252412,0.102326,0.634628,0.098760,0.000000,-0.613358,0.471185,18.000000,1,-23.423207
23.380000,16.556238,0.024170,0.620524,0.000006,0.001044,0.001006,0.100911,-0.009523,0.027226,0.499439,-0.067019,16.567880,2.146428,0.083585,-2.155951,0.623317,3.898557,-0.252416,0.102318,0.634954,0.099124,0.000000,-0.617694,0.471185,18.000000,1,-23.588768
23.390000,16.555845,0.024161,0.620597,0.000006,0.001040,0.001005,0.100911,-0.008926,0.027802,0.493281,-0.066698,16.567490,2.146732,0.083557,-2.155658,0.623218,3.898869,-0.252419,0.102313,0.635279,0.099485,0.000000,-0.622029,0.471185,18.000000,1,-23.754325
23.400000,16.555455,0.024153,0.620670,0.000006,0.001037,0.001003,0.100912,-0.008331,0.028377,0.487125,-0.066374,16.567103,2.147033,0.083531,-2.155363,0.623118,3.899179,-0.252421,0.102309,0.635605,0.099842,0.000000,-0.626364,0.471185,18.000000,1,-23.919879
23.410000,16.555067,0.024145,0.620741,0.000006,0.001033,0.001001,0.100912,-0.007737,0.028951,0.480970,-0.066049,16.566718,2.147329,0.083506,-2.155067,0.623018,3.899486,-0.252423,0.102308,0.635930,0.100196,0.000000,-0.630699,0.471185,18.000000,1,-24.085428
23.420000,16.554683,0.024138,0.620811,0.000006,0.001030,0.001000,0.100913,-0.007146,0.029524,0.474816,-0.065723,16.566336,2.147622,0.083482,-2.154769,0.622918,3.899791,-0.252424,0.102308,0.636255,0.100548,0.000000,-0.635034,0.471185,18.000000,1,-24.250974
23.430000,16.554301,0.024130,0.620881,0.000006,0.001026,0.000998,0.100913,-0.006557,0.030097,0.468663,-0.065394,16.565958,2.147912,0.083459,-2.154469,0.622817,3.900094,-0.252424,0.102309,0.636579,0.100896,0.000000,-0.639369,0.471185,18.000000,1,-24.416516
23.440000,16.553922,0.024124,0.620949,0.000006,0.001023,0.000997,0.100914,-0.005970,0.030668,0.462511,-0.065064,16.565582,2.148198,0.083437,-2.154168,0.622716,3.900393,-0.252423,0.102312,0.636904,0.101242,0.000000,-0.643704,0.471185,18.000000,1,-24.582055
23.450000,16.553546,0.024117,0.621017,0.000006,0.001019,0.000995,0.100914,-0.005385,0.031239,0.456361,-0.064733,16.565208,2.148481,0.083416,-2.153866,0.622614,3.900691,-0.252422,0.102316,0.637228,0.101585,0.000000,-0.648038,0.471185,18.000000,1,-24.747590
23.460000,16.553173,0.024111,0.621084,0.000006,0.001015,0.000994,0.100914,-0.004802,0.031809,0.450212,-0.064399,16.564838,2.148760,0.083396,-2.153562,0.622513,3.900985,-0.252420,0.102321,0.637552,0.101927,0.000000,-0.652373,0.471185,18.000000,1,-24.913121
23.470000,16.552803,0.024105,0.621150,0.000006,0.001012,0.000992,0.100915,-0.004222,0.032378,0.444064,-0.064064,16.564471,2.149036,0.083377,-2.153258,0.622411,3.901277,-0.252418,0.102326,0.637876,0.102266,0.000000,-0.656708,0.471185,18.000000,1,-25.078648
23.480000,16.552436,0.024099,0.621215,0.000006,0.001008,0.000991,0.100915,-0.003643,0.032946,0.437917,-0.063727,16.564106,2.149309,0.083359,-2.152952,0.622309,3.901567,-0.252415,0.102333,0.638200,0.102603,0.000000,-0.661042,0.471185,18.000000,1,-25.244172
23.490000,16.552072,0.024093,0.621280,0.000005,0.001005,0.000989,0.100915,-0.003066,0.033513,0.431771,-0.063388,16.563745,2.149579,0.083342,-2.152645,0.622207,3.901854,-0.252411,0.102340,0.638523,0.102938,0.000000,-0.665376,0.471185,18.000000,1,-25.409692
23.500000,16.551710,0.024088,0.621343,0.000005,0.001001,0.000988,0.100915,-0.002491,0.034079,0.425626,-0.063048,16.563386,2.149846,0.083326,-2.152338,0.622104,3.902138,-0.252407,0.102348,0.638846,0.103272,0.000000,-0.669710,0.471185,18.000000,1,-25.575209
23.510000,16.551352,0.024083,0.621406,0.000005,0.000998,0.000987,0.100915,-0.001919,0.034645,0.419483,-0.062705,16.563030,2.150110,0.083310,-2.152029,0.622002,3.902420,-0.252402,0.102356,0.639169,0.103604,0.000000,-0.674045,0.471185,18.000000,1,-25.740722
23.520000,16.550997,0.024079,0.621468,0.000005,0.000994,0.000985,0.100915,-0.001348,0.035210,0.413341,-0.062362,16.562678,2.150372,0.083296,-2.151720,0.621899,3.902700,-0.252397,0.102365,0.639492,0.103934,0.000000,-0.678379,0.471185,18.000000,1,-25.906232
23.530000,16.550644,0.024074,0.621530,0.000005,0.000991,0.000984,0.100914,-0.000779,0.035774,0.407200,-0.062016,16.562328,2.150630,0.083282,-2.151410,0.621797,3.902977,-0.252391,0.102374,0.639815,0.104263,0.000000,-0.682712,0.471185,18.000000,1,-26.071738
23.540000,16.550294,0.024070,0.621591,0.000004,0.000987,0.000983,0.100914,-0.000213,0.036337,0.401060,-0.061669,16.561981,2.150886,0.083269,-2.151099,0.621694,3.903251,-0.252385,0.102383,0.640137,0.104590,0.000000,-0.687046,0.471185,18.000000,1,-26.237241
23.550000,16.549948,0.024066,0.621651,0.000004,0.000984,0.000981,0.100913,0.000352,0.036900,0.394921,-0.061320,16.561637,2.151139,0.083257,-2.150787,0.621591,3.903524,-0.252378,0.102392,0.640459,0.104916,0.000000,-0.691380,0.471185,18.000000,1,-26.402740
23.560000,16.549604,0.024062,0.621710,0.000004,0.000981,0.000980,0.100913,0.000915,0.037462,0.388784,-0.060969,16.561295,2.151390,0.083246,-2.150474,0.621488,3.903793,-0.252371,0.102401,0.640781,0.105241,0.000000,-0.695714,0.471185,18.000000,1,-26.568236
23.570000,16.549264,0.024059,0.621769,0.000004,0.000978,0.000979,0.100912,0.001476,0.038023,0.382648,-0.060616,16.560957,2.151637,0.083235,-2.150161,0.621384,3.904060,-0.252364,0.102410,0.641102,0.105565,0.000000,-0.700047,0.471185,18.000000,1,-26.733728
23.580000,16.548926,0.024055,0.621828,0.000003,0.000974,0.000978,0.100911,0.002035,0.038584,0.376513,-0.060262,16.560622,2.151883,0.083225,-2.149848,0.621281,3.904325,-0.252357,0.102419,0.641424,0.105887,0.000000,-0.704381,0.471185,18.000000,1,-26.899218
23.590000,16.548591,0.024052,0.621885,0.000003,0.000971,0.000977,0.100910,0.002593,0.039144,0.370379,-0.059906,16.560290,2.152126,0.083216,-2.149533,0.621178,3.904587,-0.252349,0.102428,0.641745,0.106209,0.000000,-0.708714,0.471185,18.000000,1,-27.064704
23.600000,16.548259,0.024049,0.621943,0.000003,0.000968,0.000976,0.100909,0.003149,0.039704,0.364246,-0.059548,16.559960,2.152367,0.083207,-2.149218,0.621075,3.904847,-0.252340,0.102437,0.642066,0.106529,0.000000,-0.713048,0.471185,18.000000,1,-27.230186
23.610000,16.547931,0.024046,0.621999,0.000003,0.000965,0.000975,0.100907,0.003703,0.040263,0.358115,-0.059189,16.559634,2.152605,0.083199,-2.148902,0.620971,3.905105,-0.252332,0.102445,0.642387,0.106848,0.000000,-0.717381,0.471185,18.000000,1,-27.395666
23.620000,16.547605,0.024043,0.622055,0.000003,0.000962,0.000974,0.100906,0.004255,0.040822,0.351985,-0.058828,16.559310,2.152841,0.083191,-2.148586,0.620868,3.905360,-0.252323,0.102453,0.642707,0.107167,0.000000,-0.721714,0.471185,18.000000,1,-27.561142
23.630000,16.547282,0.024041,0.622111,0.000002,0.000959,0.000974,0.100904,0.004806,0.041380,0.345856,-0.058465,16.558990,2.153075,0.083184,-2.148269,0.620764,3.905612,-0.252314,0.102461,0.643027,0.107484,0.000000,-0.726047,0.471185,18.000000,1,-27.726615
23.640000,16.546962,0.024038,0.622166,0.000002,0.000957,0.000973,0.100903,0.005355,0.041937,0.339728,-0.058100,16.558672,2.153307,0.083177,-2.147952,0.620661,3.905863,-0.252305,0.102468,0.643347,0.107800,0.000000,-0.730380,0.471185,18.000000,1,-27.892085
23.650000,16.546645,0.024036,0.622220,0.000002,0.000954,0.000972,0.100901,0.005902,0.042495,0.333601,-0.057734,16.558357,2.153536,0.083171,-2.147634,0.620557,3.906111,-0.252296,0.102475,0.643667,0.108115,0.000000,-0.734713,0.471185,18.000000,1,-28.057552
23.660000,16.546331,0.024034,0.622274,0.000002,0.000951,0.000972,0.100899,0.006448,0.043052,0.327476,-0.057366,16.558045,2.153763,0.083165,-2.147315,0.620453,3.906356,-0.252287,0.102482,0.643987,0.108429,0.000000,-0.739046,0.471185,18.000000,1,-28.223016
23.670000,16.546020,0.024032,0.622327,0.000002,0.000948,0.000971,0.100897,0.006992,0.043608,0.321351,-0.056996,16.557737,2.153988,0.083159,-2.146996,0.620350,3.906600,-0.252277,0.102488,0.644306,0.108743,0.000000,-0.743378,0.471185,18.000000,1,-28.388477
23.680000,16.545712,0.024030,0.622380,0.000001,0.000946,0.000970,0.100895,0.007535,0.044164,0.315228,-0.056624,16.557431,2.154211,0.083154,-2.146676,0.620246,3.906840,-0.252268,0.102494,0.644625,0.109055,0.000000,-0.747711,0.471185,18.000000,1,-28.553934
23.690000,16.545407,0.024028,0.622433,0.000001,0.000943,0.000970,0.100892,0.008076,0.044720,0.309106,-0.056251,16.557128,2.154432,0.083149,-2.146356,0.620142,3.907079,-0.252258,0.102499,0.644944,0.109366,0.000000,-0.752044,0.471185,18.000000,1,-28.719389
23.700000,16.545105,0.024026,0.622485,0.000001,0.000941,0.000969,0.100890,0.008616,0.045275,0.302986,-0.055876,16.556828,2.154651,0.083144,-2.146035,0.620038,3.907315,-0.252249,0.102503,0.645263,0.109676,0.000000,-0.756376,0.471185,18.000000,1,-28.884841
23.710000,16.544806,0.024025,0.622536,0.000001,0.000938,0.000969,0.100888,0.009155,0.045831,0.296866,-0.055499,16.556531,2.154868,0.083140,-2.145714,0.619934,3.907549,-0.252239,0.102507,0.645581,0.109985,0.000000,-0.760709,0.471185,18.000000,1,-29.050290
23.720000,16.544510,0.024023,0.622587,0.000001,0.000936,0.000968,0.100885,0.009691,0.046385,0.290748,-0.055121,16.556237,2.155083,0.083136,-2.145391,0.619830,3.907781,-0.252229,0.102511,0.645899,0.110293,0.000000,-0.765041,0.471185,18.000000,1,-29.215736
23.730000,16.544216,0.024021,0.622638,0.000001,0.000933,0.000968,0.100883,0.010227,0.046940,0.284631,-0.054741,16.555946,2.155296,0.083132,-2.145069,0.619726,3.908010,-0.252220,0.102514,0.646217,0.110600,0.000000,-0.769373,0.471185,18.000000,1,-29.381179
23.740000,16.543926,0.024020,0.622688,0.000000,0.000931,0.000968,0.100880,0.010761,0.047495,0.278515,-0.054359,16.555658,2.155506,0.083128,-2.144745,0.619622,3.908237,-0.252210,0.102517,0.646535,0.110906,0.000000,-0.773705,0.471185,18.000000,1,-29.546619
23.750000,16.543639,0.024018,0.622737,0.000000,0.000928,0.000967,0.100877,0.011294,0.048049,0.272400,-0.053975,16.555373,2.155715,0.083124,-2.144421,0.619517,3.908462,-0.252200,0.102519,0.646852,0.111211,0.000000,-0.778038,0.471185,18.000000,1,-29.712056
23.760000,16.543355,0.024017,0.622786,0.000000,0.000926,0.000967,0.100874,0.011825,0.048603,0.266286,-0.053590,16.555091,2.155922,0.083121,-2.144097,0.619413,3.908684,-0.252191,0.102521,0.647170,0.111515,0.000000,-0.782370,0.471185,18.000000,1,-29.877491
23.770000,16.543074,0.024016,0.622835,0.000000,0.000924,0.000967,0.100871,0.012355,0.049157,0.260174,-0.053203,16.554812,2.156127,0.083118,-2.143771,0.619309,3.908904,-0.252181,0.102522,0.647486,0.111817,0.000000,-0.786702,0.471185,18.000000,1,-30.042923
23.780000,16.542795,0.024014,0.622883,0.000000,0.000921,0.000966,0.100869,0.012884,0.049711,0.254063,-0.052814,16.554535,2.156330,0.083114,-2.143446,0.619204,3.909122,-0.252172,0.102523,0.647803,0.112118,0.000000,-0.791034,0.471185,18.000000,1,-30.208352
23.790000,16.542520,0.024013,0.622931,-0.000000,0.000919,0.000966,0.100866,0.013412,0.050264,0.247953,-0.052423,16.554262,2.156530,0.083111,-2.143119,0.619100,3.909338,-0.252162,0.102524,0.648120,0.112419,0.000000,-0.795365,0.471185,18.000000,1,-30.373778
23.800000,16.542248,0.024012,0.622978,-0.000000,0.000917,0.000966,0.100863,0.013938,0.050818,0.241844,-0.052031,16.553992,2.156729,0.083108,-2.142792,0.618995,3.909551,-0.252153,0.102523,0.648436,0.112718,0.000000,-0.799697,0.471185,18.000000,1,-30.539202
23.810000,16.541979,0.024011,0.623025,-0.000000,0.000915,0.000966,0.100859,0.014462,0.051371,0.235736,-0.051637,16.553724,2.156926,0.083105,-2.142464,0.618891,3.909762,-0.252144,0.102523,0.648752,0.113015,0.000000,-0.804029,0.471185,18.000000,1,-30.704623
23.820000,16.541712,0.024009,0.623071,-0.000000,0.000912,0.000966,0.100856,0.014986,0.051925,0.229630,-0.051242,16.553460,2.157121,0.083103,-2.142135,0.618786,3.909970,-0.252135,0.102522,0.649068,0.113312,0.000000,-0.808360,0.471185,18.000000,1,-30.870041
23.830000,16.541449,0.024008,0.623117,-0.000000,0.000910,0.000966,0.100853,0.015508,0.052478,0.223525,-0.050844,16.553199,2.157314,0.083100,-2.141806,0.618681,3.910177,-0.252126,0.102521,0.649383,0.113607,0.000000,-0.812692,0.471185,18.000000,1,-31.035457
23.840000,16.541189,0.024007,0.623162,-0.000000,0.000908,0.000965,0.100850,0.016029,0.053031,0.217421,-0.050445,16.552940,2.157505,0.083097,-2.141476,0.618576,3.910381,-0.252117,0.102519,0.649698,0.113901,0.000000,-0.817024,0.471185,18.000000,1,-31.200871
23.850000,16.540931,0.024006,0.623207,-0.000000,0.000906,0.000965,0.100847,0.016549,0.053584,0.211318,-0.050044,16.552685,2.157694,0.083094,-2.141145,0.618471,3.910582,-0.252108,0.102517,0.650013,0.114194,0.000000,-0.821355,0.471185,18.000000,1,-31.366281
23.860000,16.540677,0.024005,0.623252,-0.000000,0.000904,0.000965,0.100844,0.017067,0.054137,0.205216,-0.049641,16.552432,2.157880,0.083092,-2.140813,0.618366,3.910782,-0.252099,0.102515,0.650328,0.114485,0.000000,-0.825686,0.471185,18.000000,1,-31.531690
23.870000,16.540425,0.024004,0.623296,-0.000000,0.000901,0.000965,0.100841,0.017584,0.054690,0.199116,-0.049237,16.552183,2.158065,0.083089,-2.140481,0.618261,3.910979,-0.252091,0.102512,0.650643,0.114775,0.000000,-0.830018,0.471185,18.000000,1,-31.697096
23.880000,16.540177,0.024002,0.623339,-0.000000,0.000899,0.000965,0.100837,0.018100,0.055244,0.193017,-0.048831,16.551936,2.158248,0.083086,-2.140148,0.618155,3.911174,-0.252083,0.102509,0.650957,0.115064,0.000000,-0.834349,0.471185,18.000000,1,-31.862499
23.890000,16.539932,0.024001,0.623382,-0.000000,0.000897,0.000965,0.100834,0.018615,0.055797,0.186919,-0.048423,16.551692,2.158429,0.083084,-2.139814,0.618050,3.911367,-0.252074,0.102506,0.651271,0.115351,0.000000,-0.838680,0.471185,18.000000,1,-32.027900
23.900000,16.539689,0.024000,0.623425,-0.000000,0.000895,0.000965,0.100831,0.019128,0.056350,0.180822,-0.048014,16.551452,2.158608,0.083081,-2.139480,0.617944,3.911557,-0.252066,0.102502,0.651585,0.115637,0.000000,-0.843011,0.471185,18.000000,1,-32.193299
23.910000,16.539450,0.023999,0.623467,-0.000000,0.000893,0.000965,0.100828,0.019640,0.056903,0.174726,-0.047603,16.551214,2.158785,0.083078,-2.139144,0.617839,3.911745,-0.252059,0.102498,0.651898,0.115921,0.000000,-0.847342,0.471185,18.000000,1,-32.358695
23.920000,16.539213,0.023998,0.623508,-0.000000,0.000890,0.000965,0.100824,0.020151,0.057455,0.168632,-0.047190,16.550979,2.158959,0.083076,-2.138808,0.617733,3.911931,-0.252051,0.102494,0.652212,0.116204,0.000000,-0.851673,0.471185,18.000000,1,-32.524089
23.930000,16.538980,0.023997,0.623549,-0.000000,0.000888,0.000965,0.100821,0.020661,0.058008,0.162539,-0.046775,16.550747,2.159132,0.083073,-2.138471,0.617627,3.912114,-0.252043,0.102490,0.652525,0.116486,0.000000,-0.856004,0.471185,18.000000,1,-32.689481
23.940000,16.538749,0.023996,0.623590,-0.000000,0.000886,0.000965,0.100818,0.021169,0.058561,0.156447,-0.046358,16.550519,2.159303,0.083070,-2.138134,0.617521,3.912295,-0.252036,0.102486,0.652837,0.116766,0.000000,-0.860335,0.471185,18.000000,1,-32.854870
23.950000,16.538522,0.023995,0.623630,-0.000000,0.000884,0.000965,0.100815,0.021676,0.059114,0.150356,-0.045940,16.550293,2.159471,0.083067,-2.137795,0.617415,3.912474,-0.252028,0.102481,0.653150,0.117045,0.000000,-0.864666,0.471185,18.000000,1,-33.020257
23.960000,16.538297,0.023993,0.623670,-0.000000,0.000882,0.000965,0.100812,0.022182,0.059667,0.144266,-0.045520,16.550070,2.159638,0.083065,-2.137456,0.617308,3.912650,-0.252021,0.102476,0.653462,0.117322,0.000000,-0.868997,0.471185,18.000000,1,-33.185643
23.970000,16.538076,0.023992,0.623709,-0.000000,0.000879,0.000965,0.100809,0.022686,0.060221,0.138178,-0.045099,16.549850,2.159802,0.083062,-2.137116,0.617202,3.912824,-0.252014,0.102471,0.653774,0.117598,0.000000,-0.873327,0.471185,18.000000,1,-33.351025
23.980000,16.537857,0.023991,0.623748,-0.000000,0.000877,0.000965,0.100805,0.023189,0.060774,0.132091,-0.044676,16.549633,2.159964,0.083059,-2.136775,0.617096,3.912996,-0.252008,0.102466,0.654086,0.117872,0.000000,-0.877658,0.471185,18.000000,1,-33.516406
23.990000,16.537642,0.023990,0.623786,-0.000000,0.000875,0.000965,0.100802,0.023691,0.061327,0.126005,-0.044251,16.549419,2.160125,0.083056,-2.136433,0.616989,3.913166,-0.252001,0.102461,0.654397,0.118145,0.000000,-0.881989,0.471185,18.000000,1,-33.681785
24.000000,16.537429,0.023989,0.623824,-0.000000,0.000873,0.000965,0.100799,0.024192,0.061880,0.119920,-0.043824,16.549208,2.160283,0.083053,-2.136091,0.616882,3.913333,-0.251994,0.102456,0.654709,0.118416,0.000000,-0.886319,0.471185,18.000000,1,-33.847161
24.010000,16.537220,0.023988,0.623861,-0.000000,0.000870,0.000965,0.100796,0.024692,0.062433,0.113836,-0.043395,16.549000,2.160439,0.083050,-2.135747,0.616775,3.913498,-0.251988,0.102451,0.655020,0.118686,0.000000,-0.890650,0.471185,18.000000,1,-34.012536
24.020000,16.537013,0.023987,0.623898,-0.000000,0.000868,0.000965,0.100793,0.025190,0.062986,0.107754,-0.042965,16.548795,2.160593,0.083047,-2.135403,0.616668,3.913660,-0.251982,0.102445,0.655330,0.118954,0.000000,-0.894980,0.471185,18.000000,1,-34.177908
24.030000,16.536809,0.023985,0.623934,0.000000,0.000866,0.000965,0.100790,0.025687,0.063539,0.101673,-0.042533,16.548593,2.160745,0.083044,-2.135058,0.616561,3.913820,-0.251976,0.102440,0.655641,0.119220,0.000000,-0.899310,0.471185,18.000000,1,-34.343279
24.040000,16.536609,0.023984,0.623969,0.000000,0.000864,0.000965,0.100787,0.026182,0.064092,0.095593,-0.042099,16.548394,2.160894,0.083041,-2.134712,0.616454,3.913978,-0.251970,0.102434,0.655951,0.119485,0.000000,-0.903641,0.471185,18.000000,1,-34.508647
24.050000,16.536411,0.023983,0.624005,0.000000,0.000861,0.000966,0.100784,0.026677,0.064645,0.089514,-0.041664,16.548198,2.161042,0.083038,-2.134366,0.616347,3.914134,-0.251964,0.102429,0.656261,0.119749,0.000000,-0.907971,0.471185,18.000000,1,-34.674014
24.060000,16.536217,0.023982,0.624039,0.000000,0.000859,0.000966,0.100782,0.027170,0.065199,0.083436,-0.041227,16.548005,2.161188,0.083035,-2.134018,0.616239,3.914287,-0.251959,0.102423,0.656571,0.120011,0.000000,-0.912301,0.471185,18.000000,1,-34.839379
24.070000,16.536025,0.023981,0.624074,0.000000,0.000857,0.000966,0.100779,0.027661,0.065752,0.077360,-0.040788,16.547814,2.161331,0.083031,-2.133670,0.616131,3.914438,-0.251953,0.102418,0.656880,0.120272,0.000000,-0.916631,0.471185,18.000000,1,-35.004742
24.080000,16.535836,0.023979,0.624107,0.000000,0.000855,0.000966,0.100776,0.028152,0.066305,0.071285,-0.040348,16.547627,2.161472,0.083028,-2.133320,0.616024,3.914586,-0.251948,0.102412,0.657190,0.120531,0.000000,-0.920962,0.471185,18.000000,1,-35.170103
24.090000,16.535651,0.023978,0.624140,0.000000,0.000852,0.000966,0.100773,0.028641,0.066858,0.065211,-0.039905,16.547443,2.161611,0.083025,-2.132970,0.615916,3.914733,-0.251943,0.102407,0.657498,0.120788,0.000000,-0.925292,0.471185,18.000000,1,-35.335462
24.100000,16.535468,0.023977,0.624173,0.000000,0.000850,0.000966,0.100771,0.029129,0.067412,0.059138,-0.039461,16.547262,2.161748,0.083022,-2.132620,0.615808,3.914876,-0.251937,0.102402,0.657807,0.121044,0.000000,-0.929622,0.471185,18.000000,1,-35.500819
24.110000,16.535289,0.023976,0.624205,0.000001,0.000848,0.000966,0.100768,0.029615,0.067965,0.053067,-0.039015,16.547084,2.161883,0.083019,-2.132268,0.615700,3.915018,-0.251933,0.102396,0.658116,0.121298,0.000000,-0.933952,0.471185,18.000000,1,-35.666175
24.120000,16.535112,0.023975,0.624237,0.000001,0.000846,0.000966,0.100765,0.030100,0.068518,0.046997,-0.038568,16.546908,2.162016,0.083015,-2.131915,0.615591,3.915157,-0.251928,0.102391,0.658424,0.121551,0.000000,-0.938282,0.471185,18.000000,1,-35.831529
24.130000,16.534938,0.023973,0.624268,0.000001,0.000843,0.000966,0.100763,0.030584,0.069072,0.040928,-0.038119,16.546736,2.162146,0.083012,-2.131562,0.615483,3.915294,-0.251923,0.102386,0.658732,0.121802,0.000000,-0.942612,0.471185,18.000000,1,-35.996881
24.140000,16.534768,0.023972,0.624299,0.000001,0.000841,0.000966,0.100760,0.031067,0.069625,0.034860,-0.037668,16.546567,2.162274,0.083009,-2.131208,0.615375,3.915428,-0.251919,0.102381,0.659039,0.122052,0.000000,-0.946941,0.471185,18.000000,1,-36.162232
24.150000,16.534600,0.023971,0.624329,0.000001,0.000839,0.000966,0.100758,0.031548,0.070178,0.028793,-0.037215,16.546400,2.162401,0.083005,-2.130853,0.615266,3.915560,-0.251914,0.102376,0.659347,0.122300,0.000000,-0.951271,0.471185,18.000000,1,-36.327581
24.160000,16.534435,0.023970,0.624359,0.000001,0.000836,0.000966,0.100755,0.032028,0.070732,0.022728,-0.036761,16.546237,2.162525,0.083002,-2.130497,0.615157,3.915690,-0.251910,0.102371,0.659654,0.122546,0.000000,-0.955601,0.471185,18.000000,1,-36.492928
24.170000,16.534274,0.023969,0.624388,0.000001,0.000834,0.000966,0.100753,0.032506,0.071285,0.016664,-0.036305,16.546076,2.162647,0.082999,-2.130140,0.615048,3.915817,-0.251906,0.102366,0.659960,0.122791,0.000000,-0.959931,0.471185,18.000000,1,-36.658274
24.180000,16.534115,0.023967,0.624416,0.000001,0.000832,0.000966,0.100750,0.032984,0.071838,0.010601,-0.035847,16.545919,2.162766,0.082995,-2.129783,0.614939,3.915942,-0.251902,0.102361,0.660267,0.123034,0.000000,-0.964260,0.471185,18.000000,1,-36.823619
24.190000,16.533959,0.023966,0.624444,0.000001,0.000829,0.000966,0.100748,0.033460,0.072391,0.004539,-0.035387,16.545764,2.162884,0.082992,-2.129424,0.614830,3.916065,-0.251898,0.102356,0.660573,0.123276,0.000000,-0.968590,0.471185,18.000000,1,-36.988961
24.200000,16.533807,0.023965,0.624472,0.000001,0.000827,0.000966,0.100746,0.033934,0.072945,-0.001521,-0.034926,16.545613,2.162999,0.082989,-2.129065,0.614721,3.916185,-0.251894,0.102352,0.660879,0.123516,0.000000,-0.972920,0.471185,18.000000,1,-37.154303
